# -*- coding: utf-8 -*-

# Resource object code
#
# Created by: The Resource Compiler for PyQt5 (Qt v5.15.2)
#
# WARNING! All changes made in this file will be lost!

from PyQt5 import QtCore

qt_resource_data = b"\
\x00\x01\xd0\xf0\
\x89\
\x50\x4e\x47\x0d\x0a\x1a\x0a\x00\x00\x00\x0d\x49\x48\x44\x52\x00\
\x00\x02\x00\x00\x00\x02\x00\x08\x06\x00\x00\x00\xf4\x78\xd4\xfa\
\x00\x00\x00\x09\x70\x48\x59\x73\x00\x00\x0e\xc4\x00\x00\x0e\xc4\
\x01\x95\x2b\x0e\x1b\x00\x00\x20\x00\x49\x44\x41\x54\x78\x9c\xec\
\x9d\x79\x78\x1b\xd5\xb9\xb8\xdf\x33\x33\x92\x25\xef\xf1\xee\x6c\
\x8a\x93\x28\x09\x41\x40\x36\x02\x21\xac\x21\xac\x01\x4a\x21\xb7\
\x0b\xd0\xd2\xd2\xd6\x94\xfb\xa3\xa5\xb4\x70\xbb\xd2\x16\x5a\xca\
\xa5\xbd\xd0\xdb\xd2\xd2\x12\xba\x97\x52\xa0\x94\x4b\x29\xfb\x16\
\x02\x01\x42\x48\x58\x9d\x00\x71\x12\x5b\x49\xec\xc4\x8e\x77\x5b\
\xb2\xa5\x59\xce\xef\x8f\x91\x1d\x27\x96\x77\xc9\x96\x93\x79\x9f\
\x47\x8f\xe4\xd1\xcc\x99\xcf\xf6\xcc\x9c\xef\x7c\x2b\x38\x38\x38\
\x38\x38\x38\x38\x38\x38\x38\x38\x38\x38\x38\x38\x38\x38\x38\x38\
\x38\x38\x38\x38\x38\x38\x38\x38\x38\x38\x38\x38\x38\x38\x38\x38\
\x38\x38\x38\x38\x38\x38\x38\x38\x38\x38\x38\x38\x38\x38\x38\x38\
\x38\x38\x38\x38\x38\x38\x38\x38\x38\x38\x38\x38\x38\x38\x38\x38\
\x38\x38\x38\x38\x38\x38\x38\x38\x38\x38\x38\x38\x8c\x1d\x62\xbc\
\x05\x70\x48\x3c\x65\x3e\xdf\x64\xe0\x0a\xe0\x3f\x80\xab\xab\x82\
\xc1\xb7\xc6\x59\x24\x07\x07\x07\x07\x87\x14\x43\x1b\x6f\x01\x1c\
\x12\x43\x99\xcf\xa7\x00\xab\x81\x2f\x01\x2b\x63\x9b\xdf\x72\x26\
\xff\x23\x0b\x7f\xa0\x3c\x13\xc8\x06\x3c\xb1\x77\x62\xef\x4a\x6c\
\x9b\x67\x80\xc3\x2d\xa0\x2d\xf6\xb9\x2b\xf6\xea\xde\xd6\x06\x74\
\x54\x56\xac\x89\x26\x41\x6c\x87\xc3\x8c\x32\x9f\xef\x73\x55\xc1\
\xe0\x9f\xc6\x5b\x0e\x87\x81\x71\x2c\x00\x13\x9c\xd8\xc4\x7f\x19\
\xf0\x5d\x60\x9e\xbd\x55\xc1\x7e\x6e\xf3\xd3\xaa\x60\xf0\x9b\xe3\
\x25\x9b\xc3\xe8\xf0\x07\xca\x0b\x80\xc9\xb1\x57\x09\x50\x00\x14\
\xc6\xde\x0b\x80\x22\x20\x17\xe8\x9e\xf4\xb3\xe3\x8f\x94\x50\x0c\
\xa0\x03\x5b\x21\x68\x02\x1a\x0e\x79\xaf\x8b\x7d\xae\x8d\xbd\xf6\
\x54\x56\xac\xe9\x1a\x03\xb9\x1c\x52\x84\x32\x9f\xaf\x00\xa8\x01\
\x8e\xa9\x0a\x06\xb7\x8d\xb7\x3c\x0e\xfd\xe3\x58\x00\x26\x30\x65\
\x3e\xdf\x12\xe0\x1e\x60\x11\x80\xd0\x0a\x50\xdc\x65\x48\xb3\x05\
\x2b\x52\x09\xb0\x65\x3c\xe5\x73\xe8\x1f\x7f\xa0\x5c\x01\xa6\x03\
\x33\x80\x99\xc0\xac\xd8\xe7\x19\x1c\x98\xf4\xdd\xe3\x23\xdd\x80\
\x68\xd8\x4a\x47\x2e\xb6\xfc\x83\xe2\x0f\x94\xb7\x11\x53\x06\x80\
\x6a\xa0\x0a\xd8\x19\xfb\xbc\xb3\xb2\x62\x4d\x7d\x32\x04\x75\x18\
\x37\xca\xb1\xaf\xdd\xab\x81\x6f\x8c\xb3\x2c\x0e\x03\xe0\x58\x00\
\x26\x20\xb1\x55\xff\xf7\x80\x1f\x00\x8a\x50\x27\xa1\xa4\xcd\x43\
\xa8\xf6\x02\xd0\xea\xda\x8a\xa5\xef\x06\x38\xab\x2a\x18\x7c\x7e\
\xfc\x24\x75\xf0\x07\xca\xf3\xb0\x2d\x33\x73\x80\xa3\x63\xef\xf3\
\xb0\x27\x7d\x47\x01\xb7\x09\x03\xdb\x80\x0f\x63\xef\x1f\x74\x7f\
\xae\xac\x58\x13\x1e\x4f\xc1\x1c\x86\x47\x99\xcf\xe7\x06\x82\xd8\
\x16\xab\x26\xa0\xb4\x2a\x18\x74\xdc\x46\x29\x8a\xf3\x00\x9a\x60\
\x94\xf9\x7c\x99\xc0\x83\xc0\xf9\x08\x0d\x25\x6d\x2e\x8a\x6b\xea\
\x41\xfb\x48\xa9\x77\x7f\x6c\x1a\x63\xf1\x8e\x58\xfc\x81\x72\x0d\
\x7b\x62\x3f\x16\x38\x2e\xf6\xbe\x00\xfb\x41\xe8\x30\x30\xe9\xd8\
\x7f\xab\x05\x87\x7e\xe1\x0f\x94\xef\x04\xde\x8b\xbd\xde\x06\x2a\
\xb0\xad\x06\xd6\x98\x4a\xe8\x30\x54\x56\x03\x25\x31\x37\x64\x1e\
\x70\x31\xf0\xd0\xf8\x8a\xe4\xd0\x1f\x8e\x02\x30\x81\x88\xf9\xd6\
\x9e\x00\x96\x0a\x25\x0b\xc5\xbb\x10\xa1\x78\xe3\xec\x69\xf5\xf9\
\xe0\x90\x38\x62\xe6\xfb\x39\xc0\x52\xe0\x04\x60\x09\xf6\xe4\x95\
\x8a\x26\xfb\x89\xce\xcc\xd8\xeb\xe2\x5e\xdb\x3a\xfc\x81\xf2\x77\
\x80\x8d\xc0\x9b\xc0\xc6\xca\x8a\x35\x3b\xc7\x43\x38\x87\x3e\x5c\
\x07\xa0\x78\xe6\x63\x75\x55\x00\x7c\x01\x47\x01\x48\x59\x1c\x17\
\xc0\x04\x21\xb6\xf2\x5f\x07\x2c\x12\x5a\x01\xaa\x67\x01\x08\x35\
\xee\xbe\x66\xe7\xdb\x48\xa3\x1e\x60\x61\x55\x30\xf8\xce\x18\x8a\
\x79\x58\xe2\x0f\x94\x67\x03\x27\x01\xcb\x63\xef\x4b\xb1\x03\xef\
\x1c\x52\x87\x16\x6c\x85\xe0\x55\x60\x3d\xb0\xc1\x71\x1f\x8c\x2d\
\x65\x3e\xdf\x89\xc0\xeb\x42\xcd\x41\x4d\x3f\x11\x33\xfc\x3a\xd2\
\x6c\xb3\x80\xe2\xaa\x60\xb0\x61\xbc\xe5\x73\xe8\x8b\x63\x01\x98\
\x00\xc4\x7c\xfe\x0f\xd2\x3d\xf9\x7b\x17\x62\x9b\xd8\xfa\xa3\xe7\
\xbb\xf4\x64\xcb\x76\x38\x12\x8b\xbe\x5f\x01\x9c\x86\x3d\xe1\x1f\
\xcb\xc0\x7f\x70\x87\xf1\x27\x17\x38\x3b\xf6\x02\xb0\xfc\x81\xf2\
\xb7\xb0\x95\x81\x57\x80\x97\x2a\x2b\xd6\x38\x2e\xb1\xe4\x62\xaf\
\xfe\x5d\x3e\x00\x84\x56\x82\x34\xdb\xba\xd3\x93\x7f\x3b\x8e\x72\
\x39\xf4\x83\xa3\x00\x4c\x0c\xbe\x03\x9c\x2f\xd4\x6c\x7b\xe5\x3f\
\xc8\x5c\x24\x84\x86\xb4\x3f\xe6\x25\x5d\xb2\xc3\x80\x58\xee\xfc\
\xe9\xc0\x99\xd8\x13\xff\xb1\xe3\x2a\x50\x1c\x54\x24\xd9\x52\x27\
\x5b\xea\xe4\xca\x68\xcf\xe7\x2c\x69\x90\x29\x75\xd2\xa5\x89\x17\
\x13\xaf\x34\x48\x97\x26\x19\xd2\x40\x45\xe2\xc1\x04\x20\x53\x1a\
\x00\xa4\x49\x93\x9e\xab\xa3\x17\x12\x08\x0b\xfb\x71\x10\x45\x21\
\x2a\xec\x6b\x2c\x8c\x46\x44\x28\x74\xa2\xd2\x25\x54\x3a\x84\x46\
\xa7\xd0\xe8\x42\xa5\x4d\x68\xb4\x09\x37\xad\xc2\x45\xbb\xd0\x68\
\x13\x2e\xda\x84\x8b\x76\xe1\x1a\x9b\x3f\xca\xc0\x28\xd8\xae\x99\
\x25\xc0\xd7\x00\x62\x6e\x83\x17\x81\xe7\x80\xf5\x95\x15\x6b\x3a\
\xc6\x4f\xbc\xc3\x8b\x58\xf1\xb1\x4f\x20\xd2\x10\xae\x62\x00\x14\
\xad\x14\x2b\xb2\x0d\xec\x82\x64\x8e\x02\x90\x82\x38\x0a\x40\x8a\
\x53\xe6\xf3\x2d\x02\x6e\x46\x68\x03\x9a\xfd\x0f\xe2\xc0\x03\xb8\
\x20\x89\xa2\x4d\x68\xfc\x81\xf2\x05\xc0\xb9\xc0\x2a\xec\x55\xfe\
\xb8\xad\xf0\x05\x92\x02\x19\xa5\xd8\xea\xa4\xc4\xea\xa2\x48\x76\
\x91\x67\x45\x29\x90\x5d\xe4\xcb\x28\xf9\x56\x84\x5c\x19\x4d\xaa\
\xbf\x4e\x00\x19\x31\x25\x21\x03\x88\xa3\x23\x0c\x99\x28\x0a\x4d\
\x4a\x1a\x4d\xc2\x4d\x83\x48\xa3\x49\x49\xa3\x51\xb8\xa9\x53\x3c\
\xec\x13\x5e\xea\x14\x0f\x6d\xe3\xa3\x24\x74\x07\x1a\x7e\x1d\x30\
\xfc\x81\xf2\x0d\xd8\x31\x35\x4f\x57\x56\xac\x71\x5c\x65\xa3\xe3\
\x1a\x40\x51\xdc\xd3\xe8\xb9\x95\x14\x0f\x42\xcd\x46\x9a\x6d\xa7\
\x97\xf9\x7c\xd9\x55\xc1\x60\xdb\x40\x03\x38\x8c\x3d\x8e\x02\x90\
\xc2\xc4\x4c\xff\xf7\x02\x8a\x9a\x36\x1f\xe2\x06\xfc\xc5\x41\xa4\
\x75\x7f\x1a\x52\x9e\xf6\x91\x40\x6c\x95\x7f\x36\xf6\x84\x7f\x3e\
\xe3\x10\x9d\x5f\x28\x23\x4c\xb1\xc2\x4c\x37\x43\x4c\x91\x9d\x4c\
\xb5\xc2\x94\x58\x9d\x14\x59\x11\xb4\xc3\x28\x5e\xd3\x8d\x45\x89\
\xd5\x49\x09\x9d\xfd\xee\xd3\x29\x54\xf6\x09\x2f\xfb\x14\x0f\x7b\
\x94\xf4\x9e\xd7\x6e\x25\x7d\xac\x2c\x08\x1a\x70\x72\xec\x75\x9b\
\x3f\x50\x5e\x0b\x3c\x8d\xad\x10\x3c\x5f\x59\xb1\xc6\x99\xac\x86\
\x48\x99\xcf\xe7\x01\xfe\x13\x04\x8a\x6b\xda\x41\xdf\x09\xb5\xb0\
\xdb\x0d\x70\x36\xf0\xf0\x78\xc8\xe7\xd0\x3f\x8e\x02\x90\xda\x5c\
\x06\x2c\x12\xea\x24\x84\xab\x74\xc8\x07\x09\xa5\xc7\xf5\xef\x4f\
\x86\x50\x13\x05\x7f\xa0\xbc\x08\xb8\x00\xf8\x38\xf6\x03\x68\x4c\
\xa2\xf4\xb3\xa5\x4e\x99\xd5\x41\x99\xd9\xc1\x4c\xab\x83\x32\x2b\
\xc4\x14\x2b\x8c\x57\x9a\x63\x71\xfa\x09\x81\x57\x9a\x94\xc9\x0e\
\xca\xac\xbe\x56\xf8\x36\xe1\x62\x97\x92\x41\xb5\x92\xc1\x4e\x35\
\x93\x2a\x25\x93\x6a\x25\x83\xae\xa1\x58\xbf\x46\xce\x64\xe0\xaa\
\xd8\x2b\xea\x0f\x94\xbf\x08\xfc\x13\x78\xcc\x29\x54\x34\x28\x9f\
\x02\xf2\x84\xab\x14\xc4\xc1\xb7\x98\xd0\x0a\x21\xba\x03\x6c\xc5\
\xdb\x51\x00\x52\x0c\x47\x01\x48\x6d\xbe\x0b\xa0\x78\x8e\x1a\xde\
\x51\x07\x14\x80\x79\x89\x15\x27\xf5\xf1\x07\xca\x6d\x5f\x24\x5c\
\xca\x18\x98\xf6\x73\xa4\xce\x1c\xb3\x8d\xb9\x66\x1b\x7e\xab\x9d\
\x59\x66\x07\xf9\x32\x92\xcc\x53\x1e\xf6\x64\x4b\x9d\x80\xd9\x42\
\xc0\x6c\x81\x58\x49\x0b\x09\xec\x53\xbc\xec\x50\x32\xd9\xa6\x66\
\xb3\x4d\xcd\xa2\x52\xc9\xea\x89\x5b\x48\x30\x6e\x6c\xf7\xd0\xb9\
\xc0\xbd\xfe\x40\xf9\x7a\xe0\xff\x80\x87\x2b\x2b\xd6\xec\x4a\xc6\
\x09\x27\x38\xdf\x00\x50\x5c\x7d\x0d\x8e\x42\xcd\x06\xa1\x81\x34\
\x4e\x1f\x6b\xa1\x1c\x06\xc7\x49\x03\x4c\x51\xca\x7c\xbe\x73\x81\
\xa7\x84\x56\x88\xea\x5d\x34\xcc\xa3\x2d\x8c\xf6\xe7\x01\xd9\x01\
\xe4\x54\x05\x83\x87\x8f\x7d\x39\x0e\xb1\x95\xfe\x25\xc0\xe5\xd8\
\x26\xdd\xa4\xa0\x22\x99\x6d\xb6\x73\xb4\xd9\xca\x3c\xb3\x8d\xb9\
\x56\x1b\x45\x96\x53\xe6\x7e\xbc\x90\xc0\x1e\x25\x9d\xed\x6a\x16\
\x5b\xd5\x1c\xb6\xa8\x39\x54\x2b\x19\xc8\xe4\x3e\xd6\x36\x00\x7f\
\x03\x1e\xa9\xac\x58\x53\x9b\xcc\x13\x4d\x04\x7a\x9e\x53\x6a\x2e\
\x6a\xfa\x09\x71\xf7\xe9\x95\x96\x3c\xa5\x2a\x18\x3c\xe2\xff\x66\
\xa9\x84\x63\x01\x48\x5d\xec\x94\x1a\xf7\x8c\x11\x1c\xaa\x20\xd4\
\x2c\xa4\xd9\x96\x89\x6d\x05\xd8\x9a\x48\xc1\x52\x81\x98\x4f\x7f\
\x35\xf0\x19\xec\x08\xfe\x84\xaf\xf4\xd3\xa4\x49\xc0\x6c\xe5\x68\
\xb3\x95\xf9\x66\x2b\xf3\xac\x36\xd2\x1c\x33\x7e\xca\x20\x80\x69\
\x56\x98\x69\x56\x98\x33\xf4\x3a\x00\x42\x42\xe3\x03\x35\x9b\x2d\
\x6a\x2e\x5b\xd4\x1c\x3e\x54\xb3\xd1\x13\x7b\x69\x9c\x18\x7b\xdd\
\x15\x73\x13\x3c\x08\x3c\x54\x59\xb1\xa6\x25\x91\x27\x99\x40\xdc\
\x08\xa0\xb8\xcb\xfa\xdd\x41\xa8\x93\xba\x15\x80\x93\x71\x8a\x02\
\xa5\x14\x8e\x05\x20\x05\x29\xf3\xf9\x8a\x80\xbd\x42\xc9\x50\xd4\
\x8c\x91\x2d\x68\x7b\xf5\x03\xf8\xfc\xe1\xd2\x96\x33\x56\x81\x6f\
\x05\x70\x25\xf6\x8a\x3f\xa1\x75\x0e\x34\x24\x73\xcd\x36\x16\x98\
\xcd\x2c\x30\x9a\x99\x67\xb6\x1d\x56\xc1\x79\x47\x22\x51\x14\xb6\
\xa8\x39\xbc\xab\x4d\xe2\x1d\x75\x12\xdb\xd4\xac\x64\x58\x08\xa2\
\xc0\xa3\xc0\x9f\xb1\x33\x0a\x8e\x88\x8b\x26\x96\xa1\xb4\x59\x28\
\x19\xa8\x19\xcb\xe9\x6f\x3a\x91\x66\x0b\x66\xf8\x0d\x80\x3b\xab\
\x82\x41\xa7\x39\x50\x0a\xe1\x58\x00\x52\x93\x4b\x00\x65\x38\x81\
\x7f\x7d\x50\xb3\xbb\xfd\xa7\xcb\x80\x3f\x25\x42\xa8\xf1\xc2\x1f\
\x28\x9f\x89\x5d\x52\xf4\x73\xd8\xc1\x5a\x09\xa3\xc4\xea\xe2\x78\
\xb3\x91\xc5\x46\x23\x0b\xcc\x16\x67\x85\x7f\x98\xe1\xc6\x62\xa1\
\xd9\xcc\x42\xb3\x19\xb0\x2d\x04\xef\xa9\xb9\xbc\xa9\xe5\xb3\x49\
\xcb\x67\xff\x81\x8c\x99\xd1\x9d\xc6\x8e\x3b\xf9\x04\xb0\xcf\x1f\
\x28\xbf\x1f\xf8\x7d\x65\xc5\x9a\xc3\xce\xf2\x76\x08\x37\x02\x08\
\xf7\x0c\x06\x5a\x4b\x0a\x25\x2b\xf6\xbd\xec\xd3\xeb\xc1\x61\x7c\
\x71\x2c\x00\x29\x48\x99\xcf\xf7\x6f\xe0\x02\x35\xe3\xa4\xd8\xcd\
\x33\x7c\xa4\x15\xc2\x0c\xad\x07\xf8\xb0\x2a\x18\x1c\x66\x14\xe1\
\xf8\xe3\x0f\x94\xbb\x81\x8b\xb0\x5b\x8a\xae\x4c\xd4\xb8\x1a\x92\
\x63\x8d\x66\x8e\x37\x9b\x58\x62\x34\x32\xd5\x72\xaa\xc5\x1e\xc9\
\x54\x2b\x19\xbc\xa9\xe5\xf3\xa6\x96\xcf\x56\x35\x07\x33\xb1\x8f\
\xc4\xf5\xd8\xed\xba\x1f\xae\xac\x58\x73\x58\x05\x8b\x94\xf9\x7c\
\xd3\x81\x2a\x84\x5b\xd1\x32\x4f\x63\x30\x0f\x9c\x19\x5a\x8f\xb4\
\x42\x0d\x55\xc1\x60\xe1\x98\x08\xe8\x30\x24\x1c\x05\x20\xc5\x88\
\xe5\xfe\xb7\x22\xdc\x99\x5a\xe6\x19\xa3\x1a\xcb\xe8\x58\x07\xb2\
\x0b\xc0\x57\x15\x0c\x4e\x88\xe8\x65\x7f\xa0\x7c\x06\xf0\xff\xb0\
\x57\xfb\x09\x29\x64\xe4\x91\x26\xc7\x9b\x8d\x2c\x33\x1a\x58\x6a\
\x34\xf6\x14\xbc\x71\x70\xe8\x4d\xbb\x70\xb1\x51\xcb\xe7\x35\xad\
\x80\xcd\x6a\x1e\x91\xc4\xa5\x1d\xb6\x00\x7f\x01\xee\x39\x5c\xac\
\x02\x65\x3e\xdf\x2f\x80\xaf\x2a\x69\xb3\x51\xdc\xb3\x06\xdd\xdf\
\xec\x7c\x07\x69\xd4\x81\xdd\x17\xc0\x49\xab\x4c\x11\x1c\x05\x20\
\xc5\x28\xf3\xf9\x02\xc0\xfb\x42\x2b\x46\xf5\x8e\xce\x62\x66\x75\
\x6d\xc1\xd2\xf7\x00\x5c\x5d\x15\x0c\xae\x49\x84\x7c\xc9\xc2\x1f\
\x28\x5f\x09\x7c\x05\x7b\xd5\x3f\x6a\x32\xa4\xc1\x72\x63\x3f\xcb\
\x8d\xfd\x2c\x34\x9a\x71\x39\xbe\x7c\x87\x61\x10\x45\x61\xb3\x96\
\xc7\xab\x5a\x21\xaf\x6b\x05\x89\x4c\x37\x7c\x11\xf8\x05\xf0\xf8\
\x44\x8d\x15\x28\xf3\xf9\x72\x81\x1a\x84\x9a\xae\x65\x9c\xd6\xbb\
\xf2\x68\xbf\x58\x91\x6d\x58\xd1\x2a\x80\x65\x55\xc1\xe0\x86\x64\
\xcb\xe8\x30\x34\x9c\x18\x80\xd4\x63\x11\x80\x50\x73\x46\x3d\x90\
\xd0\x0a\xc0\x56\x00\xce\x03\x52\x4e\x01\x88\x45\xf2\x7f\x16\x7b\
\xe2\x1f\x75\xcd\x02\x8f\x34\x59\x66\x34\x70\x9a\x51\xcf\x22\xa3\
\xc9\x99\xf4\x1d\x46\x8c\x1b\x8b\x65\x46\x03\xcb\x8c\x06\x74\x14\
\x36\x69\x79\xbc\xe4\x2a\x66\xa3\x9a\x3f\xda\x82\x44\x2b\x62\xaf\
\x6a\x7f\xa0\xfc\x2e\xe0\x0f\x13\x30\x83\xe0\x3f\x81\x74\x45\x9b\
\x32\xa4\xc9\x1f\xe8\x5d\x9b\x64\x06\x76\x2a\xa5\x43\x0a\xe0\x28\
\x00\xa9\xc7\xd1\x00\x42\xc9\x18\xf5\x40\x42\xcd\x27\x16\x7c\xb3\
\xb2\xcc\xe7\x73\x57\x05\x83\xd1\x51\x0f\x9a\x00\xfc\x81\xf2\x12\
\xe0\x7a\xe0\xcb\x40\xf6\x68\xc6\x52\x91\x2c\x31\x1a\x39\x53\xaf\
\xe3\x04\xa3\x01\xb7\x33\xe9\x3b\x24\x18\x57\x2f\x65\x20\x22\x54\
\x36\xa8\xf9\xac\x75\x15\xb3\x49\xcb\x1f\x4d\xcc\xc0\x0c\xe0\x0e\
\xe0\x47\xfe\x40\xf9\x9f\x80\x3b\x2a\x2b\xd6\xec\x4c\x90\xc8\x49\
\xa3\xcc\xe7\x73\x03\xd7\x81\x88\x05\xff\x0d\x0d\x21\x7a\xca\x98\
\x0f\xfd\x20\x87\xa4\xe3\x28\x00\xa9\xc7\x4c\x00\x12\xa0\x00\x20\
\x34\x84\x96\x8f\x34\x1a\x32\xb1\xab\x9a\x3d\x36\xfa\x41\x47\x8e\
\x3f\x50\x3e\x1f\xbb\x6a\xd8\x67\x19\xe5\xb5\x37\xcb\xea\x60\xa5\
\xbe\x97\x33\xf4\x3a\x72\xa4\x9e\x10\xf9\x1c\x1c\x06\x23\x4d\x9a\
\x9c\x66\xd4\x73\x9a\x51\x4f\x8b\x70\xf3\x92\xab\x98\xe7\x5c\x25\
\xec\x54\x32\x47\x3a\x64\x3a\xf6\x8a\xfa\xcb\xfe\x40\xf9\x23\xc0\
\xed\x95\x15\x6b\x36\x25\x4c\xe0\xc4\xf3\x59\xa0\x48\x68\xc5\x88\
\xa1\xf6\x26\x01\x50\x7a\xb2\x2d\x9c\x20\xc0\x14\xc2\x51\x00\x52\
\x8f\xe9\x00\x42\xf1\x24\x64\x30\xa1\x95\x20\x8d\x06\xb0\xab\xe4\
\x8d\x8b\x02\xe0\x0f\x94\x9f\x08\xdc\x84\xdd\x84\x67\xc4\x64\x4a\
\x83\x95\xfa\x3e\xce\xd1\x6b\x99\x61\x85\x12\x23\xdc\x61\x40\xfa\
\x69\xa7\xa2\x16\x0e\x3d\x5e\xd2\x6a\x6d\x25\xf4\xdc\x0b\x49\x94\
\xe8\xc8\x20\x57\x46\xb9\x38\xba\x9b\x8b\xa3\xbb\xd9\xa9\x64\xf2\
\xbc\xab\x84\x17\x5c\x25\x23\xed\x74\xa8\x60\x17\xb6\x5a\x1d\x2b\
\x30\xf4\xb3\xca\x8a\x35\x4f\x27\x54\xe0\x51\x12\x0b\x50\xfe\x26\
\x0c\xbf\x40\x99\x70\x3a\x94\xa6\x24\x8e\x02\x90\x7a\x14\x20\x34\
\x20\x31\x11\xc8\x8a\x56\x8c\xc5\x56\xc0\xba\xa8\xcc\xe7\xcb\xac\
\x0a\x06\xc7\xac\x07\xba\x3f\x50\x7e\x3a\xf0\x03\xec\x4a\x7d\x23\
\xe6\x18\xb3\x85\xf3\xf4\x5a\x96\xeb\xfb\x1d\x13\x7f\x1c\xbc\xa7\
\x2e\x27\xe3\xac\x95\xb8\xa6\x4f\x1b\x70\x3f\x19\x89\xa0\xef\xac\
\xa2\xeb\xed\x77\x13\xae\x00\xa4\xcd\x3f\x0a\xb3\xad\x0d\x73\xdf\
\x3e\xa4\x71\xe4\xd5\x52\x98\x69\x75\x50\x1e\xd9\xce\xe7\x23\x3b\
\x59\xef\x2a\xe4\x29\xd7\x64\xde\x57\x73\x47\x3a\xdc\x0a\x60\x85\
\x3f\x50\xbe\x09\xb8\xb5\xb2\x62\xcd\xa3\x89\x93\x74\x54\xac\x06\
\x66\x0b\x35\x7f\xf8\x31\x4a\x07\x9a\x04\xe5\x25\x58\x26\x87\x51\
\xe0\x64\x01\xa4\x18\x65\x3e\x5f\x2b\x8a\x27\x5b\xcb\x38\x2d\x61\
\x63\xf6\xaa\xc5\x7d\x79\x55\x30\x78\x7f\xc2\x06\xee\x07\x7f\xa0\
\xfc\x5c\xec\x89\xff\xc4\x91\x8e\x91\x2e\x0d\xce\xd6\xf7\xb2\x4a\
\xaf\x3d\xec\x72\xf5\x85\xa6\xe1\x2a\x9b\x81\x6b\xd6\x4c\xdc\xfe\
\xd9\xb8\x67\xcd\xc4\xe5\x9f\x8d\x6b\xda\x54\xaa\x16\x9e\x00\xe6\
\xc8\x26\x50\xf7\xbc\xb9\x4c\xfd\xd7\xc3\x88\xb4\xbe\xc5\x6d\xba\
\xde\xdc\xcc\xde\xab\xca\xb1\xda\xdb\x47\x29\x7d\x7c\xf2\xbf\xfb\
\x2d\xb2\x56\x5f\x82\x9a\x9d\x85\x51\x5f\x8f\xb1\xbb\x06\xbd\xa6\
\x06\xa3\xa6\x16\x63\xcf\x1e\x8c\x9a\xbd\xe8\x7b\xf6\x60\xd4\xd4\
\x22\xa3\x29\x11\x8a\x92\x74\x76\x2b\xe9\x3c\xe9\x9a\xc2\x73\xae\
\x12\x42\xa3\xcb\x22\x78\x07\xf8\x11\xf0\xe8\x78\x66\x0e\x94\xf9\
\x7c\x6f\x03\x0b\xd4\xf4\xe3\x11\xea\xf0\xe7\x71\xa3\xfd\x19\x80\
\x97\xab\x82\xc1\xc4\x3d\xdc\x1c\x46\x85\xa3\x00\xa4\x18\x65\x3e\
\x5f\xab\x50\xb2\xb2\xd5\x8c\x93\x12\x36\xa6\x34\xf6\x62\x76\xbe\
\x07\xf0\x64\x55\x30\xb8\x2a\x61\x03\x1f\x42\x2c\x95\xef\x56\x60\
\xe9\x48\xc7\x98\x6e\x85\xb8\x28\x5a\xc3\x99\xc6\x3e\x3c\x13\xbc\
\x2a\x9f\x92\x91\xde\x33\xc9\xbb\x66\xcd\xc2\x3d\xdb\x7e\x69\xd3\
\xa7\x23\xb4\xf8\x16\x9e\x5d\xa7\xac\x40\xdf\xbd\x67\xc4\xe7\x9c\
\xfc\xd7\x3f\xe2\x3d\x65\x79\x9f\xed\xf5\xd7\xdf\x48\xfb\xff\xfd\
\x6b\xc4\xe3\x0e\x05\xe1\x72\x51\x70\xf3\xf7\xc9\xbe\xec\x93\x03\
\xee\x67\x36\x34\xd0\xf6\xc0\x3f\x68\xfa\x9f\x9f\x27\x55\x9e\x54\
\xa1\x4b\xa8\xbc\xa0\x95\xf0\x98\x7b\x0a\xbb\x46\x17\xdb\xf3\x21\
\x70\x53\x65\xc5\x9a\x31\x6f\xab\x5b\xe6\xf3\x9d\x0f\x3c\x21\xd4\
\x1c\xd4\xf4\x91\xe9\xf5\x46\xc7\x0b\x16\xd2\x58\xef\x28\x00\xa9\
\x83\xe3\x02\x48\x39\x44\xc2\x9b\xda\x08\xad\xd8\x4e\xd7\x91\xfa\
\xb9\x65\x3e\xdf\xd4\xaa\x60\x70\xe4\x33\x4c\x1c\xfc\x81\xf2\x93\
\xb1\x27\xfe\x53\x47\x24\x1f\x70\x82\xd1\xc0\xc7\xa2\x7b\x38\xce\
\x6c\x9e\x70\x5a\xa9\x9a\x97\x67\x4f\xf2\xb3\x67\xe1\xee\x9e\xf0\
\x67\xcf\x44\x2b\x3d\x50\xca\xd9\x6c\x6c\x44\xdf\xbd\x87\xc8\xfb\
\x15\x84\x5f\x7a\x19\xab\xb3\x13\x35\x3f\x1f\xef\xd2\x25\xb8\x66\
\x1e\x68\xa4\xa2\xcd\xf0\x8d\x4a\x01\x30\x1b\x1b\xe3\x6e\x37\xf6\
\xee\x1b\xf1\x98\x43\x45\xea\x3a\x8d\x3f\xfe\x49\xbf\x0a\x40\x64\
\xcb\x56\x9a\xff\xf7\x2e\x8c\x9a\x5a\xac\xf0\xe1\x65\xd5\x19\x08\
\x8f\x34\x59\xa5\xd7\x70\xbe\x5e\xc3\xbb\xea\x24\xfe\xe5\x9e\xca\
\x1b\x5a\x01\x72\xf8\x43\xcd\x03\xfe\xe1\x0f\x94\xbf\x03\x7c\x7b\
\x8c\x63\x04\x6e\x02\x86\x54\xf4\x67\x10\xdc\x83\xef\xe2\x30\x56\
\x38\x0a\x40\xca\x21\x47\x1c\x4e\xdc\x3f\x0a\x8a\x6b\x32\x56\x34\
\xa8\x00\x57\x01\xb7\x24\x62\x54\x7f\xa0\x7c\x11\x70\x1b\x70\xf6\
\x48\x8e\x77\x63\xb1\x42\xdf\xc7\xa5\xd1\xdd\x13\xd2\xcc\x9f\xf7\
\xb5\xaf\x90\xf3\xf9\xcf\xa2\xe4\xf4\xef\x0f\x35\xf6\xee\xa3\xe6\
\xe2\xd5\x18\x75\xfd\x17\x3f\xcb\xfe\xf4\x27\x28\xfc\xc9\x8f\x40\
\x08\xdc\x65\x33\xe8\x7c\xe5\xd5\x11\xcb\x24\x47\xe8\x3e\x48\x14\
\x56\x57\xa4\xdf\xef\xea\xbf\xf1\x4d\xa2\x1f\x7e\x34\xa2\x71\xd3\
\x8e\x09\x90\x71\xce\x59\x84\xd7\xae\xa3\xeb\x9d\x77\x47\xec\x26\
\x19\x4f\x04\xd8\x8d\xa6\x3a\x9b\xa9\x51\xbc\x3c\xe2\x9e\xce\xf3\
\xae\x12\xa2\xc3\xef\x56\xb8\x00\x78\xca\x1f\x28\x5f\x8f\x6d\x11\
\x78\x29\xd1\xb2\xf6\xa6\xcc\xe7\x3b\x1d\x38\x51\x28\x59\x08\x6d\
\xd4\x41\xfc\x8e\x02\x90\x42\x38\x0a\xc0\x11\x82\x70\x4d\x85\x68\
\x10\xe0\x4b\x65\x3e\xdf\x4f\xaa\x82\xc1\x11\xd7\xc3\x8d\x95\xeb\
\xbd\x15\xb8\x6c\x24\xc7\x67\x4b\x9d\x55\x7a\x0d\x17\x45\x6b\xc8\
\x95\x13\xd7\x1f\xdc\xf6\xe0\x3f\x08\x3d\xfb\x3c\x22\x33\x83\xfc\
\x1b\xbf\x81\xe7\xf8\xc5\x7d\xf6\xd1\x77\xed\x1a\x70\xf2\x07\x68\
\xfb\xfb\x43\xa8\x85\x85\xe4\x7d\xfd\x3a\x5c\x33\x7c\xc9\x12\x77\
\x4c\xd0\xfa\xc9\x46\xb0\x42\xa1\x11\x4f\xfe\x00\x99\x17\xae\x22\
\xb7\xfc\x0b\x4c\xba\xf6\x1a\xac\x96\x56\xc2\x2f\xbf\x42\x78\xed\
\x3a\xc2\xeb\x5e\xc6\x6c\x6a\x1e\xf1\xb8\xe3\xc5\x14\xab\x93\xaf\
\x74\x7d\xc4\x67\x22\x55\xfc\xcb\x3d\x95\x27\x5c\x93\x69\x1f\x7e\
\xf6\xc0\xc9\xc0\x5a\x7f\xa0\xfc\x49\xe0\x9b\x95\x15\x6b\x2a\x12\
\x2f\x29\x00\x37\x03\x28\x69\xfd\xb7\xfc\x1d\x1a\x12\x60\xcc\x82\
\x90\x1d\x06\xc7\x51\x00\x52\x8f\x28\x58\x09\xd7\x92\x85\x92\x89\
\x50\xf3\x90\x66\xd3\x54\xec\x6e\x83\xc3\xee\xcb\xed\x0f\x94\xe7\
\x61\x9b\x02\xaf\x65\x04\xd7\xce\x24\x19\x65\x75\x74\x17\xe7\xe9\
\xb5\x78\x27\xb8\x7f\x1f\xec\xd5\x7d\xb7\x69\x7d\xdf\xff\xfb\x2a\
\x33\x36\xbc\x02\xca\xc1\xab\x39\xad\xa8\x68\x48\x63\xb5\xdc\xfd\
\x5b\x32\x2f\xba\x00\x57\xd9\x68\x1f\xb2\xe3\x8b\x36\x39\x7e\xb3\
\x46\x63\x77\xcd\xa8\xc6\xcd\x38\xeb\xcc\x9e\xcf\x4a\x6e\x0e\x99\
\x17\x5d\x40\xe6\x45\x17\x80\x94\x74\xbd\xf3\x2e\xe1\x97\x5e\x26\
\xfc\xe2\x4b\x44\x2a\xb6\x80\x1c\x81\x71\x7d\x9c\xc8\x95\x51\xae\
\x8c\xec\xe4\x13\xd1\x20\xcf\xb8\x26\xf3\x90\x7b\x3a\xcd\x62\xd8\
\xb7\xff\xf9\xc0\xb9\xb1\x82\x42\xdf\xad\xac\x58\x93\x30\x7f\x4f\
\x99\xcf\x77\x12\x70\xaa\x50\x32\x10\x5a\xc9\xe8\x06\x93\xa6\x02\
\x1c\x56\x4d\x91\x26\x3a\x8e\x02\x90\x7a\x34\x48\x19\x4d\x68\xcb\
\xdb\x6e\x14\xf7\x74\xcc\xce\x26\xb0\x4b\xef\x0e\x59\x01\x88\x75\
\xe6\xbb\x16\x3b\xb2\x7f\xd8\x95\xfb\x0a\x65\x84\x4f\x44\x82\x9c\
\xad\xef\x3d\x6c\xd3\xf8\xcc\xfa\xfd\x44\xb6\x6c\x25\xed\x98\xc0\
\x41\xdb\xb5\x69\xd3\x10\x9a\x86\x34\x0e\x31\xb8\xa8\x2a\x69\xf3\
\xe6\x12\xd9\x62\xf7\x86\x91\x86\x49\xf3\x2f\x7f\x4d\xde\xd7\xaf\
\x1b\x2b\x91\x93\x82\x36\x25\xfe\xa5\xab\xef\x19\x79\x5c\x83\xab\
\x6c\x06\xae\xb2\x19\x80\x6d\x49\x68\x7f\xe4\x51\xba\x36\x6c\xc4\
\x6c\x6d\xc5\x35\x63\x06\xde\x13\x97\x92\x77\xfd\x57\xc9\xbb\xfe\
\xab\x98\x0d\x0d\x84\xd7\xbd\x42\xf8\x85\xb5\x84\xd7\xbf\x86\xd5\
\xd6\x36\xe2\xf3\x8e\x25\x5e\x69\x72\x71\x74\x37\xab\xa2\x35\x3c\
\xeb\x2a\xe5\xc1\x34\xdf\x70\x5b\x15\x77\xbb\xf7\x3e\xe5\x0f\x94\
\xdf\x0e\xdc\x59\x59\xb1\x26\x11\xab\xed\x1f\x00\x28\x69\xb3\x18\
\x55\xcc\xf8\x01\x85\xdf\x51\x00\x52\x08\x47\x01\x48\x3d\x1a\x90\
\xfa\x64\xdb\x5c\x96\xd8\x70\x38\xa1\x15\x21\x14\x2f\xd2\xea\x3c\
\xb9\xcc\xe7\x5b\x52\x15\x0c\x0e\x5a\x71\xcc\x1f\x28\xbf\x00\xf8\
\x39\x30\x7b\xb8\xe7\x2b\x94\x11\x2e\x8f\x54\x71\xa6\x5e\x87\x96\
\x62\x13\xbf\x36\x65\x0a\xae\x99\x33\x50\xb3\xb2\x90\xba\x8e\xbe\
\x6b\x37\xd1\x8f\xb6\x8d\x6a\xcc\xe8\xf6\x1d\x7d\x14\x00\xa1\xa9\
\xb8\x66\xf8\x88\x6e\xdf\x71\xd0\x76\x35\x3f\x8f\xc9\x0f\xfc\x95\
\xaa\x63\x0e\xb8\x0d\x42\x4f\x3e\x35\xe1\x53\xe4\xb4\xc9\xa5\x71\
\xb7\x1b\x7b\x46\x6e\x01\xc8\x38\xdb\xee\x06\x1d\x79\xf7\x7d\xf6\
\x5d\xfd\x9f\x18\xfb\xea\x7a\xbe\xeb\x5c\xff\x1a\x9d\xaf\xbd\x4e\
\xe6\x05\x76\x8d\x29\xb5\xa0\x80\xac\x4b\x3f\x4e\xd6\xa5\x1f\x07\
\xd3\xa4\x73\xd3\x66\xdb\x3a\xb0\xf6\x25\xa2\x1f\x8e\xee\xff\x3b\
\x16\xb8\xb0\x58\xa5\xd7\x70\x8e\xbe\x97\x67\x5c\xa5\xfc\xd3\x3d\
\x8d\xbd\xc3\xa9\xb8\x67\x57\x16\xbc\x19\xb8\xda\x1f\x28\xbf\xb1\
\xb2\x62\xcd\x88\xd3\x7e\xcb\x7c\xbe\x13\x81\xb3\x13\xb3\xfa\xef\
\xb9\xae\x9d\x4e\x80\x29\x84\xa3\x00\xa4\x1e\x0d\x00\x48\xbd\x77\
\xf1\x8c\x04\x21\x10\xae\x19\xc8\xc8\x07\x60\x57\xf4\xfa\x8f\xfe\
\xf6\xf4\x07\xca\xe7\x61\x77\x2d\x1b\x76\x80\xdf\x24\x19\xe5\xf2\
\x48\x35\xe7\xe8\x7b\x53\x66\xe2\x57\xf3\x26\x91\x7e\xe6\x0a\xd2\
\xcf\x38\x8d\xf4\x93\x96\xa1\xe4\xf6\x0d\xdc\xeb\xda\xf4\x16\xf5\
\xd7\xdf\x30\xe2\x28\x7c\xbd\x3a\x18\x77\xbb\x6b\x66\x59\x5f\x05\
\x20\x2f\x0f\x25\x2b\x0b\xad\xa4\xb8\x67\x42\x93\x86\x49\xe8\xe9\
\x67\x47\x74\xee\x54\xa1\x77\xe6\x43\x6f\x8c\x51\x58\x00\xd2\xcf\
\x3c\x03\xa3\xb6\x96\xda\x2b\xaf\xc2\x6a\x69\xed\xfb\xfd\xe9\xf1\
\xb3\xca\x3a\x9e\x7a\x06\x2b\x14\x22\xef\x6b\x5f\x21\xff\x9b\x37\
\x60\xec\xdd\x4b\x78\xad\xad\x0c\x74\xbe\xfa\x1a\x56\xb8\x73\xc4\
\x32\x25\x1b\xad\x47\x11\xa8\xe5\x19\xd7\x64\xfe\x9e\xe6\xa3\x71\
\x78\x16\x81\xc9\xc0\xdf\xfc\x81\xf2\xff\x07\xfc\xbf\xca\x8a\x35\
\xef\x8c\x40\x8c\x98\xef\x7f\x94\xab\x7f\x40\x1e\x28\xd7\xdd\x30\
\xaa\x81\x1c\x12\x4a\xc2\x53\xce\x1c\x46\x4d\x13\x80\x4c\x52\x70\
\x9c\xe2\xea\xe9\xe0\xb5\xba\xcc\xe7\xeb\xb3\xaa\xf7\x07\xca\x33\
\xfd\x81\xf2\x9f\x03\xef\x33\xcc\xc9\x3f\x5b\xea\x5c\x1d\xd9\xce\
\x9f\x3a\x5e\x67\x95\x5e\x33\xee\x93\xbf\x9a\x9f\x4f\xf6\xe5\x9f\
\x66\xf2\xfd\x7f\x61\xc6\xa6\xd7\x29\xfc\xf1\x0f\xf1\x1c\x77\x0c\
\x22\x23\x3d\xee\xfe\x9e\x25\x8b\x98\xfc\xd0\xdf\x50\xf3\xf3\x47\
\x74\x3e\x7d\x47\xfc\x5e\x2e\xee\xd9\x7d\x53\xa7\xd2\xe6\x1f\x05\
\x80\xcb\x3f\x6c\xc3\x4a\x4a\xd3\xaf\x0b\x60\xd7\xee\x11\x8d\xa7\
\x4e\xca\xc5\xbb\x64\x31\x0d\x3f\xfc\x71\xdc\xc9\x1f\x20\xfd\x8c\
\xf8\xd9\xa7\x6d\xf7\x3f\xc0\xfe\x6f\x7e\x97\xe0\x29\x2b\xe8\xf8\
\xf7\x13\x68\xa5\xa5\x64\x5f\xf6\x49\x4a\xee\xfd\x0d\x33\xde\xdd\
\x44\xf6\xa7\x3f\x31\x22\x99\xc6\x12\x0d\xc9\x2a\xbd\x86\x3f\x74\
\x6c\xa0\x3c\xb2\x9d\xec\xe1\xf7\xbd\x38\x09\x78\xdb\x1f\x28\xbf\
\xc7\x1f\x28\x1f\x72\x19\xde\x84\xae\xfe\x01\x64\x4f\x76\x48\xdd\
\x40\xbb\x39\x8c\x2d\x8e\x02\x90\x7a\xd8\x4b\x25\x2b\x49\xae\x32\
\xa1\xa2\xb8\x7b\x22\xcd\x6f\xec\xfd\x95\x3f\x50\xbe\x1a\xf8\x08\
\xf8\x1a\xc3\xb0\x0e\x79\xa4\xc9\xe5\xd1\x6a\xfe\x14\x7a\x9d\x8b\
\xa3\xbb\xc7\xd5\xcf\xaf\x15\x17\x91\x7d\xc5\x65\xf6\xa4\xff\xe6\
\xab\x14\xde\x7a\x33\xee\x79\x73\xd9\x77\xcd\x57\xa8\x3a\x7a\x01\
\xc1\xe5\x67\x50\xbd\x60\x29\x6d\xf7\x3f\x18\xff\xf8\xd2\x52\x0a\
\x6e\xfa\xf6\x88\xce\xad\xef\xac\x8a\xbb\xdd\x35\x6b\xe6\xc1\x1b\
\x84\x20\xeb\x13\x97\x02\xe0\xf6\xfb\x47\x74\xae\x54\x25\xd1\x2e\
\x00\xe1\x4d\xa7\xe5\x9e\x7b\xfb\x2d\x5d\xac\xa4\x7b\xf1\x9e\x78\
\x42\x9f\xed\x56\x28\x4c\xd7\x9b\x9b\x01\x3b\x3e\xa3\xee\x2b\xd7\
\xd3\xf6\xf7\x03\x61\x2f\xc2\xe5\x42\xaf\x8a\x6f\xb1\x49\x45\xdc\
\x58\x7c\x3c\xba\x9b\x3f\x85\x5e\xe7\x33\x91\xaa\x91\x04\xd1\x96\
\x03\x95\xfe\x40\xf9\x17\x87\xb8\xff\xcd\x00\xc2\x5d\x46\x22\x5c\
\x91\xd2\xea\xb1\xb6\x24\xb4\x06\x89\xc3\xe8\x70\x5c\x00\xa9\x47\
\x25\x80\xb4\xc2\x49\x2b\x88\xa3\xb8\x7c\x58\xd1\x6a\x90\xc6\x55\
\x65\x3e\xdf\xad\x5a\xd6\x39\x6e\xe0\xd7\x0c\x73\xc5\xaf\x20\x39\
\x4f\xaf\xe5\xf2\x48\x35\x93\xc6\x31\x9d\x4f\x2b\x2e\x22\xe3\xbc\
\x73\xc8\x5c\x75\x3e\x9e\x25\x8b\x40\x1c\xfc\x97\x6b\x7b\xe0\x21\
\x42\xcf\x3c\xd7\xf3\xb3\x15\x0a\xb1\xff\x7b\x3f\xc0\x35\x73\x46\
\xdc\xc9\x23\xf3\xc2\x55\x34\xfd\xfc\x97\xe8\xc1\x5d\xc3\x92\x23\
\x5a\x55\x1d\x77\xfb\xa1\x16\x80\x9c\xcf\x7d\xa6\xe7\xbc\xf1\xac\
\x03\x13\x99\xfe\xb2\x00\xf4\x11\x2a\x00\x46\x6d\x2d\x8d\xb7\xdf\
\xd1\xef\xf7\xde\xe5\x27\x21\x5c\x7d\xd3\xe7\x3a\x5f\x7b\x1d\xa9\
\x1f\xbc\x5a\x6e\xfc\xf1\x6d\x64\x9e\x7f\x0e\x4a\x4e\x0e\x56\x7b\
\x3b\x5d\x9b\x52\xb9\xe9\x5e\x7c\xbc\xd2\xe4\xb2\x68\x35\xe7\xe9\
\xb5\xfc\x2d\x6d\x06\x4f\xb9\x26\x63\x0d\xfd\x49\x91\x0b\xdc\xeb\
\x0f\x94\x7f\x1e\xb8\xba\xbf\xb4\xc1\x58\xe4\xff\xd9\x42\xc9\x40\
\x71\x25\x28\x1e\x59\xf6\xd4\xf9\xd8\x9e\x98\x01\x1d\x12\x81\x63\
\x01\x48\x3d\xec\x48\x25\x99\xc4\x6e\x77\x42\x43\x71\xf9\x00\x34\
\xa1\xe6\xfd\x13\xd8\xc2\x30\x27\xff\x65\x46\x03\xf7\x84\x36\x72\
\x6d\xd7\xb6\x71\x9d\xfc\x73\xbf\xf8\x79\x7c\x1b\x5e\xa1\xe0\x87\
\x37\xd9\x79\xf8\xa2\xef\xc3\xd0\x7b\xfc\x92\xbe\x07\x5a\x16\x8d\
\xb7\xde\x1e\x7f\x50\x55\x25\x6b\xf5\x25\xc3\x96\x45\x76\x76\x62\
\xec\xdd\xdb\x67\xbb\x6b\x66\x19\xc2\xed\xc6\xb3\x74\x09\xc5\xbf\
\xb8\x83\x82\x1f\x7c\xaf\xe7\xbb\xc3\x49\x01\x10\x69\x69\xa8\x79\
\x93\xfa\x6c\xb7\xda\xdb\x93\x16\x8d\x9f\x7e\x7a\x7c\xf3\x7f\x78\
\xdd\x2b\x7d\xe5\x08\x85\xe8\x78\xf2\x19\xfb\xfb\x97\xd7\x4f\xe8\
\xa6\x45\x93\x64\x94\x6b\xbb\xb6\xf1\xdb\xd0\x46\x4e\x30\xe2\x57\
\x7f\x1c\x80\x6e\xb7\xc0\xed\xfe\x40\x79\x3c\x7f\xd8\x6d\x90\x18\
\xdf\x7f\x37\xbd\x2c\x00\xf1\xfd\x64\x0e\xe3\x82\xa3\x00\xa4\x1e\
\xdb\x01\x64\x92\xdb\xdd\x2a\xee\x19\x20\x34\xa4\xd9\xbc\x04\xab\
\x73\xc8\xd1\x86\x33\xac\x10\xff\x1d\x7e\x87\xef\x77\xbe\x9f\x12\
\xd5\xfb\xda\x1e\xf8\x07\xc1\x13\x4f\x21\x78\xc2\xc9\xb4\xdd\x17\
\x3f\xe0\xd9\xb3\x78\x61\x5c\xbf\x7e\xe4\xfd\x0a\x3b\x6f\x3c\x0e\
\xee\x79\x73\x46\x24\x4f\x3c\xb3\xb2\x92\x95\xc5\xcc\x0f\xde\x65\
\xca\x43\xf7\x93\xf9\xb1\x0b\x0f\x3e\xcf\xdc\xc3\xc7\x05\xd0\x9f\
\xff\x7f\x34\x19\x00\x83\xd1\xaf\x02\xf0\xd2\xba\xb8\xdb\x23\xef\
\xdb\x8b\xde\xf0\xda\xf8\xdf\x4f\x34\xa6\x59\x61\x7e\xd8\xf9\x1e\
\xb7\x87\xdf\xa6\xcc\x1a\x56\xd6\x9f\x06\xfc\x17\xb0\xc5\x1f\x28\
\x5f\xd1\xbd\xb1\xcc\xe7\x5b\x09\x9c\x6a\x57\xfd\x4b\x80\xef\x3f\
\x86\xb4\xda\x2d\xa0\xa1\x2a\x18\x9c\x18\x79\x99\x47\x08\x8e\x02\
\x30\x86\x94\xf9\x7c\xd3\xcb\x7c\xbe\xaf\x0e\xb2\xdb\x2e\xc0\x20\
\xd9\x93\x6b\x8f\x15\x40\x62\x46\x07\xb7\xca\x65\x4b\x9d\x6b\xbb\
\xb6\xf1\xeb\xd0\x9b\x1c\x67\xa6\x4e\xe5\x35\xab\xa3\x03\xa3\xae\
\x1e\xa3\xae\x9e\x86\x1f\xfe\x18\x3d\x9e\x19\x5e\x51\xc8\x38\x37\
\xbe\x81\x23\xf4\xfc\x8b\xf1\x07\x36\x47\x16\xc7\x70\x68\xb4\x7f\
\x37\x2d\xf7\xfe\x81\xda\x2b\x3e\x47\xed\xe5\x57\xd2\xf0\x83\x5b\
\x88\x7e\xf0\xa1\x2d\x5a\x4e\x0e\x6a\xe1\xa8\xcb\xab\x26\x1c\xe1\
\xf1\x20\xdc\xc3\xcb\x42\x49\x46\x0d\x80\x81\x70\xfb\x67\xa3\x4d\
\x99\xd2\xf7\x7c\x3b\xab\xfa\x55\x3a\xac\x50\x08\xa4\x3c\x6c\x14\
\x80\x6e\x8e\x35\x5b\xf8\x55\x68\x13\xd7\x76\x6d\x23\x53\x0e\xab\
\xc8\xe7\x0c\xe0\x05\x7f\xa0\xfc\x5e\x7f\xa0\x3c\x1b\xbb\xc2\x27\
\x4a\xda\x6c\x12\x96\x86\x2c\x4d\xb0\x3a\x15\xe0\xbd\xc4\x0c\xe8\
\x90\x28\x1c\x05\x60\x6c\xb9\x1d\xb8\xa9\xcc\xe7\xeb\xb7\xde\x7f\
\x55\x30\x68\x01\x5b\xa5\xd5\x09\xc3\xbb\x91\x87\x8d\xe2\x2e\x03\
\xe1\x42\xea\x7b\x91\xfd\xac\x1e\x14\x24\x17\x45\xf7\xf0\xfb\xd0\
\x06\x56\xe9\x35\x28\x23\x69\x61\x32\x46\x48\xc3\xa0\xf9\x57\xbf\
\x89\xfb\x5d\xe6\xaa\xf3\xe2\x6e\xef\x5c\x1f\xbf\xee\xfe\x48\x6b\
\x02\xe8\xd5\xd5\x71\xb7\x1b\xf5\xfb\xed\x9c\xf5\x57\x5f\xa7\xf5\
\xcf\xf7\xb1\xe7\x92\x4f\xf6\x14\x01\x72\xfb\x53\xcc\x0d\x20\x04\
\x53\x1e\x79\xb0\x27\xff\x7e\xa8\xf4\x9b\x02\x38\xca\x2a\x80\xfd\
\x91\x7e\x46\xfc\xf4\xbf\xf0\x4b\x2f\xf7\x7b\x8c\x3a\x29\x97\xc8\
\x7b\xef\xf7\xdb\x34\x69\x22\xa3\x74\x67\x0c\x8c\xec\x5e\xfd\xa2\
\x34\xea\xaa\x80\xa5\x42\xcd\x41\x68\x43\xab\x60\x39\x14\xa4\xd5\
\xd3\x82\x7a\x24\xa9\x88\x0e\x49\xc4\x51\x00\xc6\x88\x32\x9f\x6f\
\x3a\xf0\x09\xa0\x00\xf8\xee\x20\xbb\x6f\x04\x90\x56\x92\xad\x65\
\x42\x8d\x75\xf7\x92\x58\x91\xbe\x56\x80\x79\x66\x1b\x77\x85\x36\
\x71\x4d\xa4\x72\xb8\xab\x8a\x71\x23\xf4\xdc\x0b\x71\x7d\xbb\x9e\
\xa5\xc7\xc7\xcd\xfd\xd7\xab\xe3\x04\xfa\x99\x26\xed\x8f\x3e\x36\
\xa2\xf3\xeb\xdb\xfb\x49\x05\x9c\x73\xb0\xa9\x5f\x76\x76\xb2\xff\
\xdb\x76\x2c\x80\x7b\x6e\x7c\x77\x43\xee\x97\xbf\x84\x56\x52\x3c\
\x22\x39\x46\x43\xfa\xe9\xa7\x92\x36\xff\xa8\x61\x2b\x41\xae\x7e\
\x32\x00\x46\x1a\x00\x38\x18\x23\x51\x00\x42\xcf\xbf\x48\xc3\xcd\
\xb7\x26\x56\x10\x21\x28\xb8\xf9\xfb\x14\xfd\xfc\x67\x89\x1d\x77\
\x84\x64\xc5\xac\x75\x77\x85\x36\x31\xcf\x1c\xfa\x33\xc4\x8a\xec\
\xc8\x03\x50\xdc\x89\x4d\x4d\x95\x66\x4f\xfa\xe6\xdb\x09\x1d\xd8\
\x61\xd4\x38\x0a\xc0\xd8\x71\x1d\x3d\x7f\x6f\x71\x43\x99\xcf\x37\
\x63\x80\x7d\x37\xc3\x41\x37\x4e\xd2\x50\xdc\xd3\xec\xea\x80\x46\
\x1d\x32\x66\xda\xcf\x92\x3a\xd7\x75\x7d\xc4\x9d\xe1\xb7\x98\x39\
\x3c\xbf\xe2\xb8\x63\xb5\xb5\xd1\xb5\xe1\x8d\x3e\xdb\x85\xa6\x92\
\x79\x4e\x5f\x37\x40\x3c\x33\x77\xcb\xbd\x7f\x88\xef\x4a\x18\x02\
\x7a\x55\xfc\x54\x40\xf7\xcc\xbe\x35\xfe\x23\xef\x55\x10\x7e\x65\
\x7d\xdc\x40\x40\xd7\xac\x99\xe4\x7f\xeb\x46\xd0\xc6\x36\x51\x47\
\x68\x2a\xf9\xdf\xba\xd1\xae\x8e\xd8\xcf\xef\xd2\x1f\xfd\xa6\x00\
\x8e\xa2\xbd\x71\x7f\x28\x19\x19\x78\xe2\x04\x77\xca\x48\x84\xce\
\x8d\x6f\xf6\x7b\x9c\xb1\xa7\x86\xae\xb7\x12\x38\x0f\x09\x41\xe1\
\x8f\x7f\x48\xce\x95\x57\x90\x36\x6f\x6e\xe2\xc6\x4d\x00\x33\xad\
\x0e\xee\x0c\xbf\xc5\x57\xba\x3e\x22\x63\x10\x05\x5e\x1a\xfb\x90\
\x56\x3b\x42\xcd\x43\x68\x43\x2e\x17\x30\x24\xa4\xd9\xd2\xfd\x71\
\x63\x42\x07\x76\x18\x35\x8e\x02\x30\x06\x94\xf9\x7c\x1e\xe0\x2a\
\x50\x50\xd2\xfc\x80\xd4\x80\x81\x96\x0b\x9b\x60\x6c\x14\x80\x03\
\x32\x81\x15\xf9\x90\xb3\xf5\xbd\xfc\x2e\xf4\x06\xe7\xea\xb5\x88\
\x14\x36\xf7\x0f\x44\xe8\xd9\xe7\xe2\x6e\xcf\x38\xef\x9c\x3e\xdb\
\xd2\x4f\x3b\xf9\xa0\x9f\x3b\x1e\x7f\x92\xc6\x9f\xdd\x39\xe2\x73\
\xeb\x35\xb5\x7d\xd2\xcf\xa0\xff\x60\xbf\xd6\x3f\xfd\x15\x91\xd6\
\xb7\xc2\x5b\x7f\x2e\x8b\x64\x93\x73\xe5\x67\x71\xcf\x9d\x83\xbe\
\x7d\xc7\xb0\xa3\xe4\xfb\x4d\x01\xdc\x3d\xb2\x22\x40\x03\xe1\x5d\
\xbe\x0c\x11\x47\x39\xea\xdc\xf0\x06\xb2\x6b\x8c\xca\xcd\xab\x2a\
\x45\x3f\xbb\x8d\xec\xcb\x3f\x3d\x36\xe7\x1b\x01\x02\xc9\xf9\x7a\
\x2d\xf7\x86\xde\xe0\x0c\xbd\xbf\x1a\x3c\x12\x2b\x52\x09\xd0\xf3\
\x2c\x48\x24\xd2\x6c\xee\x0e\x00\x4c\xfd\x5a\xcc\x47\x18\x8e\x02\
\x30\x36\x9c\x0f\xe4\x0a\x57\x09\x8a\xbb\x0c\xa1\x64\x81\x5d\x89\
\x2f\x7e\x08\xb3\xed\x2b\x8b\x8e\x8d\x02\x00\x42\x2b\x45\xa8\xb9\
\x48\xb3\x8d\x63\xbb\xb6\x8e\xa4\xda\x58\x4a\xd1\x5f\xd1\x18\xef\
\xf2\x65\x28\x59\x59\x3d\x3f\x7b\x16\x2f\x22\xff\xbb\xdf\xb2\x7f\
\xb0\x2c\x9a\xee\xf8\x5f\xea\xbe\xfa\xf5\xd1\xf5\x9a\xb7\xac\xb8\
\x05\x81\x94\x9c\x1c\xd4\xbc\xbc\x3e\xdb\xc3\x2f\xac\xa5\xfe\x86\
\x6f\x1d\xb4\x4d\xb8\x5c\xe4\x5c\x61\x77\x5a\x96\xe1\xe1\x05\x83\
\xc6\x9b\x14\x87\x8a\x67\xf1\x22\xf2\xbe\x6d\xd7\x86\x8a\x8c\xa0\
\x75\xef\x58\x66\x01\xa4\x9f\x79\x46\xdc\xed\xf1\xd2\xff\x92\x82\
\xaa\x52\x7c\xe7\x4f\x47\x94\x2e\x3a\x1e\x4c\x92\x51\xfe\xab\x6b\
\x2b\xb7\x85\xdf\xa1\xf8\x90\x22\x63\x96\xbe\xdb\xae\x3b\xa2\x15\
\x21\xd4\xdc\x84\x9e\xd7\x8e\x65\x8a\x28\xc0\xfa\x84\x0e\xec\x90\
\x10\x1c\x05\x60\x6c\xf8\x24\x80\xa2\x95\x02\x02\xc5\x33\x2f\xb6\
\x59\xdc\x55\xe6\xf3\xf5\xf9\x1f\x54\x05\x83\x06\xf0\x0e\xb2\x0b\
\xe4\xd8\xac\x66\x94\x34\xdb\x7c\xf9\x3b\xcc\x09\xdf\xae\xcb\xd8\
\xbb\x8f\xc8\x7b\x7d\x6b\x9c\x08\x97\x8b\x8c\xb3\xce\xc4\xb3\x70\
\x01\xc5\xbf\xb8\x83\x29\xff\xb8\x1f\x25\x33\x93\xf0\xda\x75\xec\
\x3e\xff\x22\x9a\xef\xba\x1b\xac\xd1\x57\x31\xec\xcf\x7d\x70\x68\
\x1c\x40\x7f\xe4\x5e\xfd\x45\xd4\x22\x3b\x33\x60\xb8\xab\x70\xb5\
\x38\x7e\xf0\x96\x92\x9d\x15\x77\x3b\x00\x42\x90\x79\xfe\xb9\x94\
\xfe\xf9\x77\x3d\x0a\xc4\x48\x82\x20\xe3\x29\x00\x56\x6b\x2b\x56\
\x47\xe2\xdd\x48\xe9\xa7\xf5\x97\xfe\xd7\xbf\xff\x3f\x51\x08\x97\
\x8b\xe2\x5f\xdc\xd1\x27\xa5\xd3\x1a\xa6\xb2\x36\x1e\x2c\x30\x9b\
\xf9\x4d\x78\x23\x17\x47\xf7\xd8\x31\xfe\xd2\xc4\x8a\xec\x00\x04\
\x4a\xda\xc8\x52\x5f\x07\x42\x9a\x3d\xc1\x96\x87\x57\xda\xc5\x61\
\x82\x53\x09\x30\xc9\x94\xf9\x7c\x6e\xe0\x22\x84\x1b\xa1\xd9\xb9\
\xe8\xb6\x9f\xad\x18\x69\xd4\x1d\x0b\x7c\x0e\xf8\x43\x9c\x43\x9f\
\x07\x96\x4a\xa3\x09\x91\xa8\x6a\x5c\x03\x20\xd4\x5c\x84\x6b\x32\
\x0d\x7a\x2d\xf7\x63\x72\x15\x6a\xd2\xcf\x99\x4c\x42\xcf\x3e\x47\
\xda\xb1\x81\x3e\xdb\x0b\x7f\xfa\x13\x84\xa6\xa1\xef\xda\x4d\xcb\
\x3d\xf7\xd2\xf6\xe0\xc3\xfd\x36\xf1\x19\x29\xd1\x9d\x55\x64\xc4\
\xd9\xee\x9a\x35\x93\xce\x38\xf1\x09\xbd\xf1\x9e\xb2\x9c\x49\xd7\
\x5d\xdb\xf3\xf3\x90\xcd\xd9\xaa\x8a\xf7\x84\xe3\xe3\x17\x3d\x02\
\xb2\xaf\xf8\x34\xd1\x1d\x3b\x31\xf7\x37\x80\x94\x28\x19\xe9\xb8\
\xca\xca\xf0\x2c\x5d\x42\xe6\xaa\xf3\xfa\x28\x27\xc3\x55\x00\xdc\
\xf3\xe6\xc4\x8d\xa7\x48\x46\x00\xa0\x7b\xde\xdc\xb8\xc1\x91\xfa\
\xee\x3d\xfd\x96\x63\x4e\x14\xc2\xe5\xa2\xf8\x37\x77\x91\xb1\x72\
\x45\x9f\xef\xfa\xb4\x7c\x4e\x51\xbc\xd2\xe4\xea\x48\x25\xa7\x18\
\xf5\xfc\x40\x4d\xa7\x45\x46\x51\x5c\x53\x11\x4a\xbc\xab\x76\x74\
\x48\xa3\xa7\xf7\xcf\xf3\x09\x1f\xdc\x61\xd4\x38\x0a\x40\xf2\x59\
\x0a\x78\xec\xc0\x9a\x03\x79\xb5\x4a\xda\x5c\x4c\x63\x3f\x20\x6f\
\x2f\xf3\xf9\x1e\xaa\x0a\x06\x0f\x5d\x26\xad\x05\xbe\x63\x99\x8d\
\xa8\x63\xa0\x00\x00\xa8\x69\x73\x30\x8d\x7a\xfe\x21\x0d\xce\x45\
\x61\x72\xd2\x8a\x11\x27\x9f\xd0\xb3\xcf\x93\x77\xc3\xf5\x7d\xb6\
\x0b\x55\x65\xcf\xc7\x56\x13\x79\x37\x79\x29\xc9\xfd\x36\x05\x1a\
\xa8\xf1\x8f\xa2\x90\xfb\xa5\xab\xc8\xff\xaf\x6f\x80\x7a\x40\xf9\
\x1a\x4a\x7b\xe0\xe2\x5f\xdc\x41\xc6\xaa\xf3\x06\x34\xff\xa7\x9f\
\x7a\x0a\xd3\x5f\x78\x7a\xd0\xb1\xba\x19\x4e\xeb\x5c\xad\xb4\x94\
\x82\x9b\xbf\x1f\xf7\x3b\xa1\x24\xde\xc8\xd8\x5f\xf4\x7f\xe7\xba\
\xe4\xae\xfe\x85\xd7\x4b\xc9\xaf\xfe\x17\xef\x69\xa7\x60\x36\x35\
\xc7\xad\x7a\x38\x91\x98\x6c\xb6\xd0\x69\x36\x60\xc7\x01\x25\xa3\
\x29\x95\x44\x9a\x8d\x16\x50\x5b\x15\x0c\xc6\x2d\x3b\xec\x30\xbe\
\x38\x0a\x40\xf2\x39\x19\x40\xa8\x07\x3f\x2c\x84\xe2\x45\x71\xfb\
\xb0\xa2\x55\xdd\x69\x81\x87\x76\xa0\x59\x0f\x44\xa5\xd1\x94\xe8\
\x9e\xc0\xfd\x23\xd2\x10\xee\x99\x18\x91\x6d\xdc\x8d\xc9\x8f\x27\
\xf0\xe5\x11\xdd\x56\x89\x5e\x1d\xc4\x35\xc3\x77\xf0\x17\x42\xa0\
\x15\x16\x10\x89\x7f\x58\x42\xe8\xcf\xa2\xe0\x59\x78\x5c\x9f\x6d\
\x4a\x46\x3a\x19\x67\x9f\x45\xee\x97\xbf\xd4\x27\x1d\x70\xa8\xe6\
\xff\xd6\xfb\xee\xa7\xe3\x89\xa7\x86\x2f\xe8\x00\xc4\x2b\x69\x7c\
\x28\xc5\xbf\xfe\x05\x9e\x45\x0b\x51\x0b\x0b\x11\x5a\x7c\x8b\x91\
\x7b\xde\x5c\xd2\xcf\x38\x2d\xa1\x85\x77\x32\xce\x38\x3d\xee\xf6\
\x64\xfa\xff\x85\xd7\x4b\xe9\x1f\xee\xc1\x73\xfc\x12\xea\xae\xf9\
\x0a\x39\x57\x5d\x89\x77\xd9\x89\x49\x3b\xdf\x58\x70\x1f\x16\x11\
\x64\xac\x1e\xc8\xb0\x5a\x0d\x0f\x09\x69\x36\x83\x34\x14\xa0\x4f\
\x8f\xeb\x32\x9f\xaf\x1c\xc4\xad\x20\xff\x50\x15\x0c\x7e\x33\xe1\
\x27\x77\x18\x12\x13\xf7\x09\x3f\x71\x58\x0e\xb6\xd9\xff\x50\x14\
\xf7\x4c\x2c\xbd\x06\xa4\x7e\x43\x99\xcf\x77\x4f\x55\x30\x58\xdd\
\xfd\x5d\x55\x30\xd8\x55\xe6\xf3\x6d\x40\x76\x9d\x2a\xad\x50\x52\
\xcc\x73\xf1\x50\xdc\x33\x90\x7a\x0d\x6f\x58\x21\xd6\x63\x71\xf2\
\x04\x0e\x13\x09\x3d\xfb\x3c\xb9\xe5\x5f\xe8\xb3\x3d\xf3\xc2\x55\
\xfd\x57\x00\x4c\x00\x52\x8f\xbf\x6a\x4f\x3b\xee\x58\x4a\xd6\xdc\
\x4d\x64\xcb\x56\xd4\xfc\x7c\xdc\xf3\xe6\xe0\x39\xee\x58\x3b\x0b\
\xc0\x34\xd1\xab\x83\x44\xb7\xef\x40\xdf\xb1\x93\x68\xe5\x76\xa2\
\x95\x43\xeb\x9b\xd2\xdd\xf5\x6e\xac\xa9\xbf\xe1\x5b\xb8\xa6\x4d\
\x45\x9b\x36\xf5\xc0\xfb\xf4\x69\xb8\xa6\x4e\x45\x9b\x3e\x0d\x25\
\x23\x03\x84\xa0\xf4\x8f\xf7\xd2\xb5\xe9\x2d\x3a\xfe\xb5\xf0\x40\
\x78\x00\x00\x20\x00\x49\x44\x41\x54\xfd\x38\xad\x7f\xbe\x6f\x54\
\xe7\x54\xb2\xb3\xf1\x2c\x5e\xd8\x67\xbb\x34\x0c\x3a\x5f\x7d\x6d\
\x54\x63\xf7\x7b\xce\x8c\x74\x4a\x7e\xf7\xdb\x9e\xc9\x3f\xf4\xdc\
\x0b\xe4\x7c\xf1\xf3\x7d\x77\x8c\x4e\x9c\xe0\xd9\x3d\x48\x1e\xc7\
\x44\x08\x97\xad\x00\x24\x01\x69\xf4\x64\x1d\xfc\x2b\xce\xd7\xd7\
\x80\x2c\x00\xe2\xfb\xac\x1c\xc6\x04\x47\x01\x48\x3e\xb3\x41\x45\
\x28\x71\x7a\x6e\x08\x0d\x25\xcd\x8f\xd5\xb5\xa5\x3b\x2d\xf0\x3f\
\x0e\xd9\xe3\x39\xe0\x54\x69\x36\x8e\x99\x02\x60\x07\x29\x1e\x8d\
\x19\xde\xc8\xaf\x30\x59\x84\x42\xbc\x6e\x21\x13\x81\xd0\xb3\xcf\
\xc5\x55\x00\xd2\xcf\x5a\x89\xf0\x78\x92\x93\x2e\xa6\x28\x64\x5d\
\xfc\xb1\x7e\xbf\xf6\x9e\xbc\x1c\x6d\xca\x64\xf4\xca\xed\x74\xae\
\x7f\x8d\xd6\x3f\xfe\x05\x7d\x67\x15\xfa\xce\xaa\xb8\xe9\x83\xa9\
\x8c\xec\xec\x24\xba\xad\x92\xe8\xb6\xca\xb8\xdf\x2b\xb9\x39\xb6\
\x42\x30\x6d\x1a\xda\xb4\xa9\x71\xbb\xf6\x0d\x97\xcc\xf3\xce\x39\
\xc8\x45\xd2\x4d\xd7\x9b\x9b\xb0\xc2\x9d\x71\x8e\x18\x1d\x4a\x56\
\x16\x93\xef\xfb\x23\xee\xa3\xe7\xf7\x4c\xfe\x00\x42\xf4\x55\x8c\
\xad\xae\xc4\x9f\x3f\x59\xac\xc1\xc4\x24\x56\xf4\x47\x24\x67\x1a\
\xb0\xf4\x3a\x0b\xe8\xe2\x10\x0b\x40\x99\xcf\xb7\x08\x58\x10\xfb\
\xb1\xdf\xaa\xa8\x0e\xc9\xc7\x51\x00\x92\x48\x2c\xc2\x7f\x66\xdc\
\xc9\x3f\x86\xe2\x9a\x82\x8c\xee\x42\x5a\xed\xab\xcb\x7c\xbe\x53\
\xab\x82\xc1\xde\x8e\xcc\x27\x81\x1f\x49\x63\x3f\xb8\xa6\x27\x5b\
\xdc\x1e\x84\x3a\x09\xc5\x35\x95\x46\x7d\x0f\x7f\xc2\xe4\x3f\x27\
\x68\x40\x60\xd7\x5b\xef\x60\x36\x36\xf6\x69\x04\xa4\xa4\x7b\x49\
\x3f\xe3\x34\x42\x4f\x3d\x93\xd0\xf3\xe5\x5e\x73\x35\x39\x97\x7f\
\x0a\x6d\xea\x14\xcc\xc6\xc6\x03\xab\xf9\xed\x3b\xd1\xb7\xef\x20\
\xba\x63\x27\x46\x6d\x2d\xc8\x89\x59\x5f\x61\xb8\x58\x2d\xad\x44\
\x5a\x5a\xe3\x66\x64\x8c\x08\x55\x25\xe7\xf3\x57\xc6\xfd\x2a\xfc\
\x72\xe2\xb3\xcc\xfa\x9b\xfc\xed\xef\x26\xee\xbc\xf5\x0e\x16\xaf\
\x63\x21\x94\x0c\x14\xf7\xb4\xa4\x9c\x43\x9a\xad\xdd\xe9\x7f\x8f\
\x57\x05\x83\x87\x6a\xda\xd7\xf4\xfa\xec\x49\x8a\x00\x0e\x43\xc2\
\x51\x00\x92\x4b\x09\xe0\x66\x00\x05\xa0\x3b\x2d\xd0\x0c\xbf\x49\
\x2c\x2d\x70\x61\xac\x1f\x00\x55\xc1\xe0\x5b\x65\x3e\xdf\x1e\x69\
\x34\x4d\x45\x9a\x20\xc6\x6e\x22\x56\xd2\xe6\x60\x19\xf5\x3c\x2a\
\xa3\xac\x44\x61\xce\x44\x0c\x08\xb4\x2c\x42\xcf\xbd\x48\xf6\xa7\
\x0e\x35\xac\xd8\x85\x76\x12\xad\x00\xe8\x95\x95\xd4\x5d\xf7\x0d\
\xa2\xdb\x77\x60\xb5\x8e\x4d\x0d\x87\xc3\x9d\xcc\x0b\x57\x91\x7e\
\xca\x72\x8c\xda\xbd\x78\x4e\x38\xbe\xdf\x2e\x8d\xd1\x2d\x1f\x24\
\xf4\xbc\x6a\x5e\x1e\x93\xff\xfe\x17\x5c\xb3\x66\xf6\x99\xfc\x27\
\x32\x12\xf8\x0d\x76\x6c\x89\x9d\xfa\x9b\x9c\xfb\x5a\x1a\x3d\x31\
\x24\xff\xec\xbd\x3d\xd6\x07\xe5\x32\x3b\x03\xdd\x02\x47\x01\x18\
\x57\x26\xae\x83\x77\x62\x90\x09\x20\xc4\xc0\xa6\xcf\xee\xb4\x40\
\x90\xdd\x69\x81\xbd\x79\x0c\x2c\xa4\xb9\x3f\x29\x02\xf6\x2f\x94\
\x0b\x35\x6d\x1e\x12\xf8\x19\x06\x13\x23\xc1\xa9\x2f\xfd\x55\x05\
\x4c\x5f\x71\x06\xc2\x93\xd8\x67\x4f\xe8\xf9\x17\xe9\xda\xfc\x96\
\x33\xf9\x27\x90\xc8\xfb\x15\xe8\xbb\x76\xe3\x3d\x79\x39\xde\x13\
\x96\xf6\xbb\xdf\x50\x82\x16\x87\x4a\xcf\xe4\xef\x9b\xce\xbe\x2f\
\x5d\x13\x7f\xf2\x8f\xe7\xce\x98\x00\x86\x9d\xa7\xb1\xd8\x89\x44\
\x68\xf9\x08\x2d\x59\x5d\x28\x25\x96\x5e\x6b\x01\x6d\xc0\xa1\x4d\
\x35\xae\x00\xd2\x95\x03\x99\x4d\x8e\x02\x30\x8e\x38\x0a\x40\x72\
\xb1\x97\xfe\x43\x58\xb9\xdb\xda\xb8\x02\x88\xdb\x7b\x77\x0b\x54\
\xdc\xbe\xbd\x00\x96\x51\x9f\x1c\x09\x07\x40\xb8\x4a\x11\x5a\x21\
\xd5\x48\xee\x67\x14\xd5\xf1\xc6\x91\xce\xf5\xaf\xc5\xf5\x0d\x2b\
\xe9\xde\xb8\xb9\xdc\x0e\xa9\x85\x5e\x1d\xa4\xf9\x57\xbf\xa1\x66\
\xf5\xa7\xa8\x5e\x7c\x22\x75\xd7\x7d\x83\x8e\x47\x1f\xc3\x6c\x6e\
\x39\x68\xbf\xac\x4b\x2e\x86\x04\xa4\x1c\x6a\xa5\x25\x4c\xf9\xe7\
\x03\xb8\xe7\xce\x41\xa4\xa5\x91\x7d\xf9\xa7\xf1\x2e\x3d\xbe\xcf\
\x7e\x8a\xb7\xef\xbc\x65\xb5\xb7\xf7\xd9\x96\x4a\x74\x02\x7f\xc0\
\xc4\x2e\xfa\x93\xbc\xbe\x05\xd2\x68\x00\xa9\x2b\x42\xc9\xd8\x18\
\xc7\xfc\x7f\x1d\x80\x70\x25\xc7\xf5\xe0\x30\x3c\x1c\x05\x20\xb9\
\xc4\x6c\xff\x83\x2b\x00\xdd\x69\x81\xb1\xc8\xd8\xef\x02\xf8\x03\
\xe5\xff\xa5\xa4\xcd\xb9\x19\xa1\x21\xed\x9a\x01\xc9\x93\xb4\x1f\
\x54\xcf\x7c\x10\x1a\x7f\xc7\xa4\x7a\x22\x2c\x71\x0e\x41\x46\xa3\
\x84\x5f\x8a\x9f\x82\x36\xe9\xda\xff\x44\xc9\x9c\xb8\xbe\xdc\x23\
\x0d\xb3\xb9\x85\x8e\x7f\xfd\x9b\xba\xaf\xdd\x40\xf5\x92\x65\xd4\
\x5c\xf2\x49\x9a\xef\xb2\xb3\x2a\x72\xaf\x29\x67\xda\x93\x8f\x91\
\xf5\xf1\xfe\x03\x30\x07\x43\x2b\x2d\x65\xf2\x03\xf7\xe1\xf2\x4d\
\x67\xff\x77\x6e\xa2\xe9\x7f\x7e\x8e\xe7\xb8\x63\x98\xfc\xd0\xdf\
\x98\xfa\xd8\x23\x64\x5e\xb8\xaa\xdf\x74\xc7\x89\xc0\xdf\x31\x69\
\x41\xc6\x8a\xfe\x0c\x50\x19\x72\x94\x58\x7a\x2d\x00\x8a\x67\xfe\
\x4a\x7f\xa0\xbc\xa7\xce\x75\x99\xcf\x77\x36\x30\x4f\x68\x45\xf1\
\x83\xa2\x1d\xc6\x1c\x27\x06\x20\xb9\xc4\x6a\x83\x0e\xad\xbc\x6c\
\xef\xb4\xc0\xd9\xf3\x3f\x35\x07\xb8\x04\x14\x84\x5a\x60\x77\xeb\
\x32\x9b\x10\x6a\xfe\xa0\xe3\x24\x14\xe1\x41\x49\x9b\x8b\xd1\xb5\
\x85\x9f\x62\x70\x17\xae\x09\x17\x12\xd8\xb9\xee\x15\x32\xcf\x3f\
\xb7\xcf\x76\xf7\xbc\x39\xf8\x36\xbe\x8a\x51\x53\x83\x3a\x29\x97\
\x9a\xd5\x9f\x4e\x78\x55\x40\x87\x24\x61\x9a\x74\xbd\xf5\x36\x5d\
\x6f\xbd\x4d\xd3\x1d\xff\x8b\x56\x5c\x84\xf7\xb4\x53\xd1\x4a\x4b\
\x46\x34\x9c\xdb\x3f\x9b\xd2\xbf\xfe\x11\xad\xa8\x90\xfd\xdf\xfb\
\x01\x6d\xf7\x3f\x08\x40\xcb\x9a\xdf\x93\x75\xc9\xc5\xe4\x7c\xe1\
\x73\x14\xdf\xf5\x73\x8c\xda\x1b\x69\xfd\xc3\x9f\x51\x32\x26\x96\
\xe2\x58\x8b\xe4\x61\x4c\x84\xd0\x92\x54\xf4\x27\x86\x8c\x22\x8d\
\x3a\x84\xe2\xed\x4e\x7d\xbe\xcd\x1f\x28\x3f\x1a\xf8\x82\xd1\xfe\
\xcc\xf5\x60\xa7\x1a\x3b\xa4\x06\x8e\x02\x90\x5c\xec\x66\xdc\x83\
\xb4\xe2\xec\x41\x68\x76\xf0\x5d\x57\x85\x66\x45\x76\x5e\xa2\x7a\
\xed\x4c\x19\xc5\x55\x8a\x69\xec\x43\xea\x7b\xc7\x5e\x01\x00\x14\
\xd7\x54\xa4\x51\x47\xa5\xd1\xc0\xfd\x98\x7c\x66\x82\xa9\x00\x7a\
\x70\x57\xdc\xed\x56\xb8\x93\xf0\x8b\x6b\xe9\x78\xe2\x29\xc2\x6b\
\xd7\x8d\x5d\x17\x39\x87\x84\x63\xd4\xd5\xd3\xfe\xd0\xc3\x23\x3a\
\x36\xe3\x9c\xb3\x28\xba\xfd\x27\x28\xb9\x39\xd4\xff\xd7\x77\x0e\
\x1a\x47\xea\x3a\x6d\x0f\xfe\x83\xb6\x87\x1e\x26\xfd\xf4\x53\xc9\
\xfd\xd2\x17\xc8\xff\xde\xa1\x35\xbb\x52\x9f\xdf\x60\xa2\xd3\x9d\
\xf6\x97\xbc\xda\x62\x96\x5e\x03\x48\x84\x6b\x6a\xef\xcd\x57\x48\
\xb3\x6d\x3e\xb0\x48\xa8\xd9\x76\x51\x34\xd9\x53\x2b\x63\x62\xf5\
\x1b\x3f\xcc\x70\x14\x80\xe4\xd2\x06\x20\x87\xe1\x3f\x57\x5c\x93\
\xed\xb4\x40\xa3\x0e\x69\x36\x23\xd4\x49\x76\x7f\x6e\xa1\x61\x19\
\x75\x28\xcc\x67\x3c\x3c\x37\xaa\xe7\x68\xcc\xd0\xab\xdc\x27\x0d\
\x4e\x44\xc1\x3f\x41\xb2\x02\x84\xa6\x92\x79\xf1\x45\x3d\x3f\x5b\
\x1d\x1d\x84\x5f\x58\x4b\xc7\xd3\xcf\x3a\x93\xfe\x11\x4c\xc6\x79\
\xe7\x90\x71\xd6\x99\x68\x53\xa7\xf4\xf8\xf8\xdb\x1f\x79\xb4\x7f\
\x25\x42\x4a\xc2\x6b\xd7\x11\x5e\xbb\x8e\xb4\x63\x03\x4c\x7d\xec\
\x91\x3e\xbb\x58\xa1\xd4\x6c\x06\xf4\x06\x16\x1b\xb0\x10\x4a\x26\
\x8a\x3b\xb9\xe9\xc4\x52\xdf\x03\x08\x94\x83\x15\x00\xa4\xbe\x67\
\x11\x80\xe2\xb2\x2b\x73\x4a\xd9\xf3\x4c\x1c\xbc\xd6\xb5\x43\xd2\
\x70\x14\x80\xe4\xd2\x02\x58\x58\x91\x61\xcc\xd8\xdd\x69\x81\x1b\
\xb1\x22\x1f\xa2\xa6\x9f\x08\x28\x28\x5a\x09\x96\xbe\x07\x69\xec\
\x8f\x65\x0c\x8c\x31\xc2\x83\x92\x36\x1f\xb3\xeb\x3d\x6e\xc7\xe0\
\x6e\x5c\x8c\x5d\x8d\xe2\x91\xe1\x59\xb8\x80\xa2\x5f\xde\x89\x3a\
\x29\x97\xf6\xff\xfb\x17\xa1\x27\x9e\x22\xfc\xf2\xfa\x21\xd5\xd7\
\x77\x38\xbc\x31\x82\xbb\x50\xbc\xde\x83\x9a\x27\x45\xde\x7b\x7f\
\x48\xc7\xea\xd5\xf1\x2d\x4a\xa4\x60\x33\x20\x1d\xf8\x55\x77\xda\
\x9f\xe7\x28\x92\x95\xf6\x07\x76\xf0\x9f\xdd\x56\xb8\xe4\x60\x2b\
\x83\x8c\xda\x71\x01\x22\x0d\xe1\xea\x76\xd1\xf4\x28\x00\x6d\x49\
\x13\xc8\x61\x50\x9c\x20\xc0\x24\x12\x6b\xeb\x5b\x2d\xe5\x30\x7b\
\xba\xab\x93\xec\x6e\x81\x66\x5b\x4f\x40\x8d\x70\x95\x02\x60\xe9\
\x89\x4b\x77\x1a\x2e\x76\x56\x40\x31\x41\x24\xbf\x9f\x00\x59\x01\
\x46\xfd\x7e\x1a\x6f\xfe\x31\xd5\x8b\x4e\xa4\xfe\xfa\x1b\x09\x3d\
\xff\xa2\x33\xf9\x3b\x00\x10\xd9\xfa\x01\xfb\xae\xf9\x0a\xbb\x56\
\x9c\x43\xdb\xfd\x0f\x22\x23\x11\xf2\x6e\xb8\xbe\xdf\x46\x43\xbd\
\x51\xb2\x92\x17\x40\x97\x68\xfe\x81\xc9\x3e\xa4\x7d\xef\xc6\x29\
\x47\x9e\x48\x2c\xbd\x1a\xa0\x8f\x95\xc1\x8a\x06\x01\x33\xe6\xfb\
\x8f\x4d\x39\x07\x2c\x00\x8e\x0b\x60\x1c\x71\x14\x80\xe4\xb3\x1d\
\x2b\xc2\x50\x03\x01\xbb\xe9\x4e\x0b\xb4\x22\x95\x20\x4d\x84\x3a\
\x09\xb7\x70\xd9\xd9\x00\x43\x8d\x29\x48\x02\xaa\xe7\x68\x84\x48\
\xe3\x11\x4c\x36\x0d\xf3\x77\x1a\x6b\x8c\x9a\x1a\x67\xd2\x77\x18\
\x10\xbd\xaa\x9a\xfd\xdf\xb9\x89\xe0\xf2\x33\x68\xfd\xf3\x7d\x14\
\xff\xe2\x0e\xbc\x27\x9f\x34\xe0\x31\x13\xa5\x0a\x60\x1d\x92\xbf\
\x61\x17\x10\x53\x93\x98\xf6\x07\x20\xad\x0e\xa4\xd1\x48\xba\x92\
\x71\x70\xe3\x33\x69\x60\xe9\xbb\x40\xb8\x50\x7a\xa7\xfe\xc9\x9e\
\xb2\xd7\x07\xe7\x73\x3a\x8c\x29\x8e\x0b\x60\x94\x94\xf9\x7c\x1a\
\x28\xaf\x82\x7c\xaf\x2a\x58\xfd\xa5\x38\xbb\x6c\x07\x79\xb6\xb4\
\xc2\x08\x65\xe8\x0f\x8e\x5e\xdd\x02\xb1\xa2\x3b\xf9\xa4\x48\x43\
\x97\x16\x0f\x63\x61\x19\xfb\xfa\xf8\xd8\xc6\x0c\xe1\x42\xf1\x1e\
\x83\x19\xde\xc4\x4f\x31\xb9\x17\x85\x9c\xf1\x91\xc4\x21\x46\x97\
\x50\x69\x47\xa3\x5d\xb8\x68\x13\x2e\x3a\x85\x4a\x48\x68\x44\x50\
\xe9\x12\x2a\x9d\x42\x45\x02\xe1\xd8\xed\xae\x0b\x41\x04\x15\x05\
\x49\xba\x3c\xd8\x92\xe3\xc2\xc2\x8d\x85\x22\x25\xe9\x98\xa4\x4b\
\x83\x74\x69\xe0\xc1\x24\x43\x9a\x64\x49\x9d\x6c\xa9\x93\x25\xf5\
\x09\x12\x05\x32\x34\xcc\x86\x06\x9a\x7e\x76\x27\x2d\x77\xff\x16\
\x19\x19\x58\x61\x54\x73\x73\xc7\x48\xaa\xd1\x71\x0f\x26\x51\x40\
\x71\xcf\x4a\x4a\xb7\xbf\xde\xc8\xa8\x9d\x3d\x73\xad\x15\x65\xab\
\xbe\x97\xa7\x7b\x2c\x96\xbb\x41\x1a\x31\x19\x7a\x05\x0f\xc7\x14\
\x00\xa1\x15\x05\xfc\x81\x73\x94\xca\x8a\x35\xa9\xbd\x9a\x38\x4c\
\x71\x14\x80\xd1\x33\x1b\xac\xa5\x20\x16\x95\xf9\x7c\xd7\x57\x05\
\x83\x87\x9a\xb4\xde\x06\xc0\x6c\x83\x61\x28\x00\x70\x20\x2d\x50\
\x44\xab\x58\x85\x46\x18\x85\x87\x31\x91\x7a\x0d\x8c\x97\x02\x00\
\x08\x35\x1f\xc5\x5d\x46\x73\xb4\x8a\x3b\x30\xb8\xc5\xb9\x8c\x92\
\x82\x44\xd0\x28\xdc\xd4\x2b\x1e\xea\x14\x0f\x75\xc2\x43\x83\x92\
\x46\xb3\x70\xd3\x28\xec\xf7\x66\xc5\x8d\x3e\x0e\x86\x3c\x01\x64\
\x49\x9d\x5c\x19\xa5\xc0\x8a\x90\x27\xa3\xe4\xc9\x08\x45\x56\x84\
\x22\xd9\x45\xb1\xd5\x45\x89\xd5\x89\x3b\xc5\xad\x44\x87\xd2\x5f\
\x20\x5f\xe6\x85\xab\x88\xbc\xf7\x3e\x7a\x70\x17\x19\xe7\x9d\x33\
\xc6\x52\x0d\x9f\x0d\x58\xbc\xd2\x53\xef\x7f\x46\x72\x4f\x26\x23\
\x48\xbd\x96\x02\x04\x67\x20\x38\xab\xeb\x43\xa6\x5a\x61\x7e\x9f\
\x36\x03\x2b\x5a\x0d\x42\xed\x23\x83\xec\x56\x00\xd4\x9c\x63\x81\
\x07\xfd\x81\xf2\xcb\x2b\x2b\xd6\x38\xa6\xba\x31\xc6\x79\x72\x8f\
\x9e\x80\xfd\x26\x35\xe0\x02\xe0\x81\x43\xbe\xdf\x08\x20\xad\x56\
\x04\x93\x19\x16\xb1\xb4\x40\xb3\xab\x82\x7b\x31\xf9\x1e\x1a\x47\
\x21\xf8\xc0\x6c\x41\x5a\x1d\xc3\xb2\x28\x24\x1a\x25\x6d\x36\xd2\
\x68\xe4\x75\xab\x8d\x7f\x63\x71\xa1\xe3\x4d\x1a\x31\x21\xa1\x11\
\x54\x32\xd8\xa5\xa4\xb3\x47\x49\xa7\x46\x49\xa7\x56\xf1\x52\xab\
\xa4\x63\xa4\xe8\x3a\x5b\x02\x6d\x31\x8b\xc3\xae\x01\x3a\x55\x4e\
\x92\x51\xa6\x58\x61\xa6\x58\x9d\x4c\xb3\xc2\x4c\xb1\xc2\x4c\xb7\
\x42\x94\x5a\x5d\x88\x09\x54\x58\xca\xb3\x70\x01\x45\x77\xdc\x8e\
\x15\x0a\xa3\x4e\x4a\x6d\x0b\x40\x27\xf0\xcb\x9e\xc0\xbf\xa3\x49\
\x66\xe0\x1f\xd8\x3e\x7e\x89\xc5\xa5\xa8\x3d\x13\xca\xa5\xd1\x5d\
\xd4\x18\xfb\xf9\xb7\x8c\xda\xed\x86\x0f\xed\x38\x28\x63\xd9\x37\
\xb6\x65\x62\x35\x90\xeb\x0f\x94\x7f\xac\xb2\x62\x4d\x6a\xa6\x52\
\x1c\xa6\x38\x0a\xc0\xe8\x39\xa6\xd7\xe7\x8f\xd3\x57\x01\xd8\x0a\
\x44\xa5\xd9\x36\xa2\xa0\xf9\xee\xb4\xc0\x75\x56\x1b\x17\x23\x39\
\x0f\x95\x0f\x30\x90\xfa\x1e\x44\xda\xbc\x91\xca\x9c\x00\x14\x14\
\xef\xb1\x98\xe1\xd7\xb9\x5b\x1a\xcc\xc7\xc5\xac\x14\x9d\xac\x52\
\x89\x7d\x8a\x97\x4a\x25\x8b\x4a\x35\x8b\x2a\x25\x83\xa0\x9a\xc9\
\xfe\x24\x9b\x67\xc7\x93\x66\xe1\xa6\x59\x75\x53\xa1\x1e\x3c\x69\
\xa6\x49\x13\x9f\x15\xa2\xcc\x0a\x51\x66\x75\xe0\x37\xdb\x99\x69\
\x75\xe0\x91\xa9\x19\x5c\xda\x70\xcb\xad\x34\xdf\x7d\x0f\x39\x9f\
\xfb\x0c\x39\x57\x5c\x86\x92\xdb\xd7\xf1\x25\xd2\x52\x23\x2f\xe6\
\xcf\x98\xec\xef\xae\xf8\xd7\xdb\x1f\x9f\x0c\xa4\x01\xfa\x2e\xb2\
\x81\x55\xbd\xea\x83\x44\x80\xd7\xad\x36\x40\x89\x55\x38\x3d\xe4\
\x30\x19\x01\x40\x1c\xb8\xf6\x57\x02\x6b\xfd\x81\xf2\xf3\x2a\x2b\
\xd6\x34\x25\x57\x68\x87\x6e\x9c\x27\xf6\x28\x29\xf3\xf9\xfe\x08\
\xe2\x73\x42\xcd\x46\x9a\x6d\x5d\x20\x27\x1d\x5a\xff\xba\xcc\xe7\
\x7b\x05\x94\x93\xb5\xcc\x15\x23\xea\xe8\x27\xcd\x66\xcc\xf0\x46\
\x66\xa3\x70\x07\x1a\x9f\x24\x4a\x44\xb8\x50\x33\x4f\x67\xbc\xe3\
\x38\xa5\x5e\x8b\xd9\xf5\x3e\xa5\x08\x7e\x8b\x0b\xa7\xc0\xe7\x01\
\x3a\x84\xc6\x87\x6a\x0e\x1f\xa8\xd9\x7c\xa0\xe6\x50\xa9\x64\xd1\
\x91\xa4\xde\xeb\x87\x03\x02\xc9\x74\x2b\xcc\x5c\xb3\x8d\x39\x66\
\x3b\x47\x9b\x2d\xf8\xac\x70\xca\x59\x0a\x94\x74\x2f\x59\xff\x71\
\x29\x39\x5f\xbc\x0a\xd7\xb4\x03\xae\xb8\x8e\xc7\x9f\xa4\xee\xda\
\xaf\x8d\xa3\x64\x50\x89\xe4\x5a\x74\xa4\x70\xa3\x66\x9c\x0c\x83\
\x34\x22\x1b\x2d\x56\x74\x07\x56\x64\x3b\x57\xa2\x72\x45\x2f\x05\
\xe0\x11\x4c\x7e\x83\x89\xe2\x2e\x43\x49\xeb\xdb\xc1\xd1\x0c\xbf\
\x89\x34\x9b\x50\x33\x96\x1f\x6a\xc9\xac\x00\xce\xa9\xac\x58\x53\
\x9b\x54\xc1\x1d\x80\xa1\x14\xa9\x77\x18\x90\x49\xb9\xb9\x5f\x45\
\xa4\xf9\x14\xd7\x64\x21\xcd\x46\x0d\x78\xa3\xa5\xb5\x75\xdb\x41\
\xfb\xe4\x95\x2e\x42\xea\x4b\x85\x9a\x37\xa2\x1a\xd8\x42\xf1\x22\
\xad\x0e\x9a\xac\x0e\xa6\x21\xc8\x04\x2a\x31\x11\x6a\x66\x52\x6b\
\x7a\x0f\x49\x36\x35\x0b\x64\x17\xed\x56\x1b\xf5\x48\x4e\x39\x82\
\x5d\x01\xcd\xc2\xcd\x46\x2d\x9f\x7f\xbb\xa7\xf2\xfb\xb4\xd9\xfc\
\x2e\x6d\x36\x6b\x5d\xc5\xbc\xaf\xe6\xb2\x4f\xf1\x12\x15\x47\xee\
\xdf\x66\x68\x08\x5a\x85\x9b\x1d\x6a\x16\x1b\xb5\x7c\x9e\x70\x4f\
\xe1\x51\xf7\x54\xde\x53\x27\x51\xa7\x78\x51\x90\xe4\xcb\xe8\xb8\
\x5f\x61\x52\x37\x88\xbc\xfb\x1e\xad\x7f\xb9\x0f\x7d\x5b\x25\xae\
\xa9\x53\xd1\x4a\x8a\xd1\x26\x97\x12\x7e\xfe\x45\xcc\xc6\xf1\x59\
\xc0\x9a\xc0\x4d\x18\x34\x02\xaa\xf7\x68\x84\x9a\xe4\xf0\x5c\x69\
\x22\xbb\xde\xc5\x83\xc5\x77\x7b\xd5\x05\x89\x00\xb7\x60\x12\x11\
\x2a\xaa\xf7\xb8\xb8\x8b\x1e\x2b\xba\x03\xa4\x61\x67\x27\x1c\x7c\
\x5f\x14\x01\x1f\xcf\x2f\x5a\xfc\x48\x53\xfd\x66\xa7\x46\x40\x92\
\x71\x2c\x00\xa3\xa4\xcc\xe7\xab\x14\x6a\xee\x6c\xc5\x13\xc0\x0c\
\xad\x07\xb8\xaf\x2a\x18\xfc\x4c\xf7\xf7\xfe\x40\xf9\x3c\x69\x36\
\xbd\x62\x86\xdf\x2c\xe8\x4f\x1b\x1e\x0a\xd2\xea\xc4\x0c\xad\x67\
\x12\x92\xef\xa0\x72\x23\x06\x42\xcd\x43\x4d\xef\xdb\xa9\x6c\xcc\
\x91\x26\x66\x78\x03\xd2\xea\xe0\xeb\x68\x9c\x37\xee\x8f\xe8\xb1\
\xa1\x53\xa8\xbc\xab\x4e\xe2\x2d\x2d\x8f\xb7\xd5\x49\xec\x71\x1a\
\x9c\x24\x1d\x8f\x34\x39\xda\x6c\xe5\x38\xb3\x99\xc5\x46\x13\x65\
\x56\x47\x4a\x3c\xc4\x3c\x4b\x97\x30\xe9\xea\x2f\xe1\x9e\x3f\x8f\
\x5d\xa7\xae\x44\xea\xfa\xe0\x07\x25\x98\x87\x31\xb9\x07\x13\xa1\
\x15\xa0\x7a\x17\x27\xfd\x7c\x56\x74\x27\x56\xa4\x92\x4f\xa3\x72\
\x55\xaf\xb5\xe4\x83\x98\xfc\x0e\x13\xc5\x3d\xab\x9f\xbe\x03\x16\
\x46\xfb\xf3\x20\xdc\x68\x99\xa7\xf7\x37\x7c\x35\x70\x56\x65\xc5\
\x9a\xed\x09\x17\xdc\xa1\x87\x54\xb8\x77\x26\x34\x65\xbe\x19\x8d\
\x42\x2b\xc8\x53\xbd\x8b\x30\x43\xeb\x91\x56\x38\x0c\xb2\xb0\x2a\
\x18\x0c\xfb\x03\xe5\x01\x60\x2d\xc8\x02\xa3\xe3\x05\x84\x92\x81\
\x9a\xbe\x6c\xc4\xe7\xb2\x22\x95\x58\xd1\x9d\x7c\x1a\x95\x8d\x58\
\xec\x40\xa2\x66\x9c\x8c\x18\x20\x08\x6b\xac\x90\x56\x07\x66\x78\
\x03\x2e\x69\xf1\x6b\x34\xca\x0e\xd3\x4b\x6b\x97\x92\xc1\x1b\x5a\
\x3e\x9b\xb4\x7c\xb6\xaa\x39\x29\x1b\xa4\xd7\x4d\x66\xa6\x07\xaf\
\x37\x0d\xb7\x4b\x43\x08\x41\x66\x66\xff\xed\xd7\xbb\xba\xa2\xe8\
\xba\x49\x54\x37\xe8\xea\x8c\x12\x0e\x47\x30\xad\xd4\x8e\xe2\xcf\
\x93\x51\x16\x1b\x4d\x2c\x31\x1a\x59\x6c\x36\x91\x31\x8e\x35\x32\
\xc0\x76\x0f\xc4\x6b\x3f\x9d\x6c\xea\x90\x7c\x01\x83\x08\x0a\x5a\
\xc6\x72\x50\xbc\xc9\x3d\xa1\x34\xb0\x42\xeb\xf0\x4a\x83\xfb\x70\
\xd3\x6d\xc4\xef\x04\x2e\x47\xa7\x43\xa8\xa8\x19\xa7\xf5\x0d\xfe\
\x03\xa4\x15\xc2\x0c\xad\x47\xa8\x93\x50\xd3\x97\x0e\x74\x96\x5a\
\xe0\x34\x47\x09\x48\x1e\x8e\x43\x72\xd4\xc8\xdc\xee\x8b\x5c\xb8\
\x4a\x91\x91\xed\xe9\xc0\x6a\x7f\xa0\xfc\x2d\x60\x2d\x50\x00\x02\
\xa1\xe6\xc5\x8a\xf8\x44\x46\x9c\x93\xdb\x9d\x16\xf8\xb0\x8c\xf2\
\x29\x14\x76\x60\x22\xf5\x5d\x88\xb4\xa3\x12\xf6\xdb\x8c\x14\xa1\
\x64\xa2\xa4\x1d\x85\xde\x55\xc1\xcd\x18\xfc\x06\x17\x49\x7e\x04\
\x8d\x09\x16\x82\xad\x6a\x0e\xaf\x69\x05\xbc\xa1\x15\x50\x9b\xec\
\x07\xeb\x00\xb8\x5c\x1a\x93\x4b\xf3\x28\x2e\xca\xa5\xb0\x30\x87\
\xa2\xc2\x1c\x0a\xf2\xb3\x29\xc8\xcf\x26\x37\x37\x83\x9c\x9c\x0c\
\x72\x73\xec\xf7\x74\xaf\x1b\xaf\x77\xf4\xc1\x85\x5d\x11\x9d\x50\
\xa8\x8b\x50\xa8\x8b\x96\x96\x10\x2d\xad\x1d\x34\xb7\x84\x68\x6a\
\x6a\xa7\xa9\xa9\x9d\xfa\x86\x56\xf6\xef\x6f\xa5\xbe\xbe\x85\xfa\
\x86\x56\x5a\x5a\x42\x09\xf8\x4d\x87\x4e\x93\x70\xf3\x9c\xab\x84\
\xe7\x5c\x25\xa8\x48\x8e\x35\x5b\x38\xd1\x68\xe0\x44\xa3\x81\x22\
\x6b\xec\xfb\x3c\x8c\xc7\xe4\x2f\x81\x9f\x61\x12\x41\xda\x2b\xee\
\x31\xb8\x46\xad\x68\x35\x96\x34\xb8\x04\x95\xde\x1e\xfc\x7f\x62\
\xd2\x8e\x8c\x1f\xf9\xdf\x73\xb0\x7d\x8d\x0c\x61\xe1\x32\x19\x58\
\xe7\x0f\x94\x9f\x55\x59\xb1\x66\x6b\x02\xc4\x76\x38\x84\xd4\x5e\
\xbe\xa4\x38\x65\x3e\x5f\x26\xd0\xae\xb8\xa6\xa1\x78\xe6\x23\xad\
\x30\x66\xe8\x15\x10\xda\x26\x2d\xf3\xcc\x19\x40\x41\xf7\xbe\x96\
\xbe\x07\xab\x6b\x0b\x8a\x67\xfe\xc1\x15\xb1\x86\x89\xa5\xd7\x60\
\x75\x55\x70\x12\x0a\x5b\x90\xb4\x09\x05\x35\xe3\xf4\xfe\x6f\xb6\
\x31\xc6\xec\x7a\x1f\xa9\xd7\x72\x26\x0a\xdf\x9a\xa0\xfa\xa5\x85\
\xe0\x3d\x35\x97\x57\x5c\x45\xbc\xaa\x15\xd2\x9a\xe4\x40\xaa\xde\
\x64\x65\x7a\xf1\xf9\x8a\x98\x39\xa3\x04\x9f\xaf\x08\xdf\xf4\x42\
\xa6\x4f\x2b\x64\x72\x49\x1e\x85\x85\x39\x08\x91\xda\xb7\x6c\x38\
\x1c\x61\x4f\x6d\x23\x35\x35\x0d\xd4\xd4\x36\x12\xdc\xb5\x9f\xaa\
\xea\x3a\xaa\xaa\xf7\x51\x53\xdb\x88\x65\x8d\x5d\x40\xdf\x6c\xb3\
\x9d\x53\x8c\xfd\x9c\x6e\xd4\x8d\x8b\x32\x30\x56\x3c\x86\xc9\x5d\
\x98\x08\x35\x37\xb6\xa2\x4e\xf2\x35\x22\x75\xac\xd0\xcb\xa4\x4b\
\x83\xbf\xf6\x5a\xfd\x37\x23\xf9\x0c\x06\x51\xe1\x42\xcd\x38\xb5\
\xdf\x80\xe7\x6e\xd7\xc1\x09\x6a\x11\x9b\xd3\x17\x0e\xe5\x8c\x0d\
\xc0\x32\xc7\x12\x90\x78\x52\xfb\x69\x92\xe2\x94\xf9\x7c\xb9\x40\
\xb3\xe2\xf6\xa1\xc4\x52\xf2\xcc\xf0\x06\xa4\xd9\x8a\x9a\x71\x2a\
\xa2\xb7\x26\x2e\xa3\x18\x1d\x6b\x13\xe0\x9f\x93\xb1\x73\xb4\x71\
\x1c\x0a\xef\x62\xa1\xa4\xcd\x8b\x9b\x6a\x33\x2e\x48\x13\x33\xfc\
\x3a\xd2\x0a\x4d\xb8\x78\x80\x8f\xd4\x6c\xd6\x6a\xc5\xbc\xe4\x2a\
\x4e\xfa\xa4\xaf\x2a\x0a\xb3\x66\x95\x72\xf4\xfc\xe9\xf8\x67\x4d\
\x66\x8e\x7f\x0a\x73\xfc\x93\x29\x29\x4e\x72\xda\xd6\x38\xa2\xeb\
\x06\x55\xd5\x75\x6c\xab\xac\xe5\xa3\xca\x1a\xb6\x55\xd6\xf0\xe1\
\x47\xbb\xd9\xbb\xaf\x39\xe9\xe7\x9e\x6b\xb6\x71\xaa\x51\xcf\xe9\
\x7a\x1d\x79\xf2\xf0\xa9\x37\xb3\x0f\xc9\x17\x31\x88\x22\x50\x32\
\x96\x8f\x28\xc8\x78\xb8\x58\x91\x8f\xb0\xa2\xd5\x7c\x11\x95\x4f\
\xf6\xf2\xfd\xff\x02\x83\xc7\xb1\x50\x3c\x47\x0f\x58\xa9\xd4\xec\
\x7c\x17\x69\xec\xe3\x67\x68\xec\x76\x4d\xe3\x6e\xcf\x90\xe2\xa2\
\x1c\x77\x40\x12\x70\x14\x80\x51\x10\x4f\x01\xb0\xf4\xdd\x58\x5d\
\x5b\x51\xd2\x66\xdb\xe5\x2f\x7b\x61\x86\xdf\x40\x9a\x6d\x68\x99\
\x67\x8c\x6a\xc5\xde\x9d\x16\x38\x09\x41\x0b\x12\x14\x2f\x6a\xc6\
\x29\xa4\xca\xbf\x53\x5a\xed\x98\xa1\x0d\xb8\x90\x29\x1f\x0f\x50\
\xaf\x78\x78\x5e\x2b\xe1\x45\x57\x09\x35\x49\x34\x9d\xce\xf0\x15\
\xb1\xe0\xd8\x99\x1c\x77\x4c\x19\x47\x1f\x3d\x9d\x79\x73\xa7\xe1\
\x49\x1b\x3b\xcb\x42\x2a\xd3\xd4\xdc\x4e\xc5\x96\x5d\x6c\xd9\x1a\
\xe4\xfd\x8a\x6a\xde\x7a\x67\x27\x4d\xcd\xed\x49\x39\x97\x40\xb2\
\xd0\x68\x66\xa5\xb1\x8f\x65\x46\x43\xca\xd6\x1d\x18\x0a\x12\xb8\
\x11\x63\x6c\x17\x01\xb1\x60\xe4\x7c\x24\x7f\xc2\x45\xb7\x93\x69\
\x37\x92\x2f\xa2\x23\x95\x4c\xd4\x8c\x93\x18\xe8\x59\x64\x86\x5e\
\x41\x5a\x61\x1e\xc1\x4d\x16\xf0\x84\x6b\x0a\xbf\x72\x94\x80\x71\
\x21\x75\x9f\xcc\x13\x80\x32\x9f\xaf\x04\xd8\xdb\x5b\x01\x40\x1a\
\xf6\x4a\x5f\x49\xb3\xcd\x60\xbd\xb0\xa2\x55\x58\x91\x6d\xa8\x9e\
\x63\x7b\xba\xfb\x8d\x94\x6e\x2d\x5a\x60\x3f\x08\x54\xef\x22\x84\
\x56\x38\xaa\x31\x13\x49\xb7\xcb\x63\x0a\x22\xe5\xe2\x01\x74\x14\
\x5e\xd7\x0a\x78\xc6\x55\xca\xdb\x5a\x5e\xc2\xb3\xcc\x15\x45\x30\
\x7f\xde\x74\x96\x1e\x3f\x87\xe3\x17\xfb\x59\x70\xdc\x4c\xf2\xf3\
\x26\x4e\x07\xb9\x54\xa0\x3a\x58\xcf\x3b\xef\xee\x64\xf3\xdb\xdb\
\xd9\xb8\x69\x1b\x55\xd5\x75\x09\x3f\x87\x57\x9a\x9c\x66\xd4\x71\
\x9e\xbe\x97\x39\xe6\xc4\xcb\x38\xfb\x3f\x4c\xee\xc6\x8c\x05\xd3\
\x1d\xcf\x58\x3c\xce\xbb\x5d\x7c\xdf\x40\xe3\xdc\x5e\xd6\xbd\xef\
\x63\xf0\x3a\xd6\xe0\xcf\x21\x69\x60\x74\xbc\x40\x09\x82\xbf\x72\
\x40\x01\x7e\xc1\x55\xc2\x1d\x9e\x79\xc8\xc1\x7f\x87\x5a\x6c\x77\
\x40\x3f\x3d\x99\x1d\x86\x83\xa3\x00\x8c\x82\x1e\x0b\x40\x2c\x06\
\xa0\x1b\xb3\xeb\x3d\xa4\xbe\x17\x35\x7d\x09\x42\xcd\xef\xd9\xee\
\xb2\x42\x74\x86\xd6\x23\xb4\x42\x54\xef\xa2\x51\x9d\xbb\x3b\x2d\
\xb0\xbb\xcb\xa0\x50\xf3\x51\xd3\x97\x0c\x7c\xd0\x18\xd3\xfd\x77\
\x48\x95\x78\x80\xbd\x8a\x97\x27\x5c\x53\x78\xce\x55\x42\x5b\x82\
\x4d\xfc\xb3\x67\x95\x72\xf2\x49\xf3\x59\x76\xc2\x3c\x96\x2c\xf6\
\x93\x95\x99\x4a\x2a\xcf\xc4\x67\x5f\x5d\x33\x6f\xbc\xb9\x8d\x8d\
\x6f\x7e\xc4\xfa\xd7\xb6\x26\xdc\x6d\x50\x66\x75\x70\xae\xbe\x97\
\x95\xfa\x3e\xd2\xc7\x39\x93\x60\x28\xd4\x20\x29\x47\x47\x17\x2a\
\x4a\xfa\xf2\x83\xdd\x8d\x49\xc2\xb6\xec\xbd\xc6\x0c\x04\xf7\xe0\
\xea\x99\xfe\xdf\x47\xf2\x75\xf4\x21\x3d\x83\xa4\xd9\x84\x19\x7e\
\x93\x53\x51\xb8\xe9\x90\x67\xc2\x5a\x57\x31\x3f\xf3\x1c\x35\x14\
\x25\x60\x27\x70\x8a\x53\x2c\x68\xf4\x38\x0a\xc0\x28\x28\xf3\xf9\
\xd2\x81\x90\x70\x4d\x46\xf5\x1c\xa8\x08\xdc\x7d\x91\xf7\x9e\xe8\
\xdd\x58\xdc\x12\x7e\x8f\x3f\x98\xfb\xd9\x8a\x8c\xb9\x01\x46\x37\
\x09\x75\xa7\x05\x76\xa3\x66\x2c\x43\x28\xd9\xa3\x1a\x33\xa1\xa4\
\x40\x3c\x80\x44\xb0\x51\xcb\xe3\x71\xd7\x54\x36\x27\x70\xb5\xef\
\xf5\xa6\x71\xca\xf2\xf9\x9c\x76\xca\x31\x9c\x7c\xd2\x7c\x4a\x4b\
\x0e\x5f\xdf\x7d\x2a\x52\xb9\xbd\x96\xf5\xaf\x6d\xe5\xe5\xf5\x15\
\x6c\xdc\x54\x89\xae\x27\x66\xd2\xf6\x4a\x93\x15\xc6\x3e\x2e\x8c\
\xd6\xe0\xb3\xc6\x36\xa3\x61\xa8\x58\xc0\xf5\xe8\x6c\x45\xa2\x78\
\x8e\x42\x71\x4d\x1f\x93\xf3\x9a\xe1\x4d\x48\xb3\x91\x1f\xa3\x71\
\x42\xec\x5e\x96\xc0\x97\xd1\xd9\x89\x1c\xd2\xf3\xa7\x3b\x00\xf0\
\x6a\x54\x56\xc7\xa9\x43\xd7\xad\x04\x58\xfa\x5e\x84\x6b\xc0\xde\
\x29\x15\xd8\xee\x00\xa7\x6c\xf0\x28\x70\x14\x80\x51\xe0\x0f\x94\
\x17\x18\xed\xcf\xec\x17\x5a\x11\xaa\xf7\xe0\x68\x56\x33\xf4\x2a\
\xd2\xea\x40\xcd\x38\x85\x34\xc5\xc3\x2d\xe1\xf7\x38\xce\x6c\xe6\
\x5f\x98\xfc\x0a\x73\xd4\xd9\x00\x00\x48\x13\x23\xf4\x8a\x9d\x5a\
\x08\x08\xad\x14\xd5\x7b\xec\xe8\xc6\x4c\x30\xbd\xe3\x01\xee\x46\
\x63\xc6\x18\x5d\x72\x9d\x42\xe5\x39\x57\x29\x8f\xba\xa6\xb2\x37\
\x41\xab\xa3\xc2\xc2\x1c\xce\x5a\xb1\x80\x15\xa7\x1f\xcb\x89\x4b\
\xe7\xe1\x76\x8f\xbf\x55\xc3\x01\x42\xa1\x2e\x5e\x7e\x75\x0b\x2f\
\xbc\xf8\x2e\xeb\x5e\x79\x9f\xd6\xb6\xc4\xf4\x93\x39\xce\x6c\xe6\
\xe3\xd1\xdd\x2c\x35\x1a\x53\xea\x41\xf9\x17\x4c\xfe\x8a\x39\xa6\
\x85\xc0\xa4\x51\x8f\xd9\xf9\x36\x8b\x51\xf8\xef\x5e\x2b\xf7\xc7\
\xb1\xf8\x05\x06\x8a\x6b\x6a\xac\xf1\xd0\xc0\x98\x9d\x9b\x91\x46\
\x03\xbf\xc4\xc5\x51\xfd\xfc\x55\x1f\xd2\xf2\xf8\x9d\xd5\x81\x9a\
\xb1\x7c\xb0\xe1\x36\x02\x67\x56\x56\xac\x39\xb4\x03\xab\xc3\x10\
\x49\xa5\xeb\x7a\x42\xe1\x0f\x94\x67\x03\xeb\x8c\x8e\x17\x16\x08\
\x25\xbb\xcf\x8d\x68\x45\x77\x61\x45\x3e\x40\x73\x4f\xe7\xbf\xcd\
\x08\xc7\x99\xb6\xc9\xb2\x05\xc9\x27\xd0\x21\x41\x37\x6f\x77\x5a\
\xa0\x8d\x40\xcd\x38\x65\x4c\xcc\x81\xc3\xa1\x3b\x1e\x60\x06\x82\
\x5f\xf7\x2a\x19\x9a\x0c\x9a\x84\x9b\x7f\xb9\xa7\xf2\x84\x6b\x0a\
\xa1\x04\xa4\x46\x16\x16\xe6\x70\xce\xca\x45\x9c\x7f\xee\x62\x16\
\x2d\x98\x8d\xa2\x38\xb7\x4c\x2a\x63\x18\x26\xaf\x6d\xf8\x90\xa7\
\x9f\xdd\xcc\x73\x2f\xbc\x9d\x10\x65\x60\xaa\x15\xe6\xd2\xe8\x6e\
\x56\xe8\xfb\xc6\xbd\xbd\xf1\x16\x24\xd7\xa3\x83\x70\xd9\x13\xe4\
\x98\x34\x92\xb2\xb0\x42\xaf\x82\x15\xe6\x1e\x5c\x3d\x4a\x7c\x3b\
\x70\x25\x3a\x1d\x42\x8b\xf5\x1d\x18\xec\xce\x96\x18\x1d\x2f\xe2\
\x96\x06\xff\xc2\xdd\xaf\x53\xf0\x4e\x0c\x9e\xc6\x42\xcb\x3c\x13\
\x39\xf8\x3d\xfc\x12\x76\xef\x80\xc3\x27\xb5\x63\x0c\x71\x9e\x66\
\x23\xc0\x1f\x28\x77\x03\x4f\x01\x2b\x62\xe5\x7f\xed\x1b\xa0\x37\
\xd2\xc0\x08\xad\x23\x4d\x9a\x3c\x74\x48\x93\x9c\x6f\x63\xb0\x09\
\xab\x6f\xaa\xe0\x88\x38\x90\x16\x08\xa0\xb8\xa6\xa3\x78\xc6\xbf\
\x30\xd0\xa1\x98\x9d\xef\x20\x8d\x3a\x2e\x42\xe5\x2b\x49\x68\x41\
\xb1\x57\xf1\xf2\xb0\x7b\x3a\xcf\xba\x4a\x30\x46\xe9\x6a\xc8\xc9\
\x4e\xe7\xdc\xb3\x17\xf3\xb1\x0b\x4f\x70\x26\xfd\x09\x4c\xb7\x32\
\xf0\xf8\x53\x1b\x79\xf6\xf9\xb7\x09\x87\x23\xa3\x1a\x2f\x47\xea\
\x5c\x12\xdd\xcd\x2a\xbd\x66\x5c\x2a\x0e\x76\x00\xe5\xe8\xec\x47\
\xa2\x7a\x17\x22\xb4\xa2\x31\x39\xaf\x15\xad\xc6\x8a\x7c\xc4\x05\
\x28\x5c\xd7\x6b\xda\xbe\x0b\x83\xc7\xb0\x86\xec\x86\x90\x66\x1b\
\x66\xf8\x75\x16\xa0\xf0\xb3\x7e\xa6\xff\x26\x24\x97\xa3\x63\x00\
\x57\x68\x93\x79\xc0\x7b\x4c\xdc\xfd\x0e\xe1\x51\xe0\xd2\xca\x8a\
\x35\xa9\x5d\xb6\x32\x05\x71\x9a\x01\x0d\x13\x7f\xa0\x5c\x01\xfe\
\x0e\xac\x02\x90\xc6\x5e\xa4\xec\x44\x71\xcf\x3c\x78\x47\xa1\xd8\
\xb9\xff\x66\x0b\xf9\xc0\xbc\x5e\x93\x92\x0a\xbc\x82\x85\x50\x5c\
\x08\x35\x6f\x94\x12\x09\x84\x92\x89\xd4\x6b\xec\x1f\xad\x76\x14\
\xf7\xb4\x11\x75\x1d\x4c\x26\x8a\x96\x8f\xa5\xef\xe5\x23\x74\xe6\
\x20\x98\x9a\x20\xdd\x73\x97\x92\xc1\x3d\x69\x7e\xee\xf2\xcc\x65\
\x9b\x9a\x8d\x35\xc2\x71\x55\x55\xe1\xcc\x33\x8e\xe3\x1b\xd7\x5d\
\xcc\x2d\xdf\xbf\x82\xb3\xce\x5c\xc0\xe4\xd2\xfc\x94\x2f\xbc\xe3\
\xd0\x3f\x8a\xa2\xe0\x9b\x5e\xc4\x59\x67\x2e\xe4\xca\xcf\x9c\x89\
\x7f\xf6\x64\xba\xba\xa2\xec\xde\xd3\x80\x1c\x41\x30\x48\x44\xa8\
\xbc\xa3\x4d\xe2\x09\xd7\x14\xba\x84\x4a\x99\x15\x22\x6d\x0c\x2d\
\x02\xb7\x63\xf0\x01\xd2\x56\xf2\xdd\x33\xc6\xe6\xa4\x32\x8a\xec\
\x7a\x87\x74\x2c\x6e\xc6\x45\x77\x21\xe9\x9d\x48\x7e\x8e\x09\x4a\
\x16\xaa\xe7\x68\x86\xb2\x96\x94\x46\x2d\xd2\x6c\xe4\x7c\x14\x8e\
\xe9\x47\x49\xff\x1b\x16\xef\xc7\x22\x75\xce\xb3\x3a\x59\x24\x0d\
\xde\xd4\xf2\xe3\xee\xdb\x8b\x79\x40\x71\x53\xfd\xe6\x27\x86\xfa\
\x6b\x39\xd8\xa4\xd6\x2c\x31\x01\xc8\x2f\x5a\xfc\x4b\xe0\x73\xdd\
\x3f\x4b\xa3\x11\xac\xb6\x58\xe9\xcb\x43\x2e\x6a\x25\x03\xa9\xef\
\x62\x37\x92\x8f\xa1\xf6\x5c\xf2\x53\x10\x3c\x8a\x85\x2e\x3b\x13\
\x92\xbb\x6b\x77\x0b\x0c\x81\xd5\x41\x2c\x29\x10\xa1\x8d\x56\xb1\
\x48\x30\x42\x45\xa8\xd9\x48\x7d\x2f\x9b\x90\xac\x44\x21\x7d\x14\
\x4a\x40\x8d\x92\xce\xaf\x3d\x73\xb8\xdb\x33\x87\x2a\x35\x73\x28\
\x91\xc3\x71\x99\xe1\x2b\xe6\x4b\x57\x9d\xc3\xed\xb7\x7e\x9e\x4f\
\x5c\x7a\x32\xb3\x66\x96\xa2\xaa\x13\xa7\x78\x91\xc3\xd0\x70\x69\
\x2a\x73\xfd\x53\xb8\xe8\x82\x13\x58\x7d\xc9\x72\xb2\xb3\xd3\xd9\
\xb3\xa7\x81\xf6\xf6\xe1\x97\xee\xd5\x85\x42\x85\x9a\xcb\xe3\xae\
\x29\x84\x85\xc6\x2c\xab\x23\xe9\x8a\xc0\x53\x58\x3c\x80\x89\x50\
\x32\x51\xd3\x17\x30\x56\xc6\x5b\x2b\xf2\x01\x96\xd9\xca\x97\x50\
\x59\xd0\x2b\xf0\xef\x47\x98\xd4\x21\x51\xbd\x0b\x86\x6c\xc5\xb4\
\x22\x3b\x40\x76\x72\x15\x1a\x05\x71\xe4\xef\x00\x6e\xc3\xa4\xbb\
\x8d\x52\x19\x82\x4f\x58\x1d\x68\x48\xde\xd5\x06\x0d\xb2\x5d\x92\
\x5f\xb4\xd8\x6c\xaa\xdf\xfc\xf2\x50\x7f\x37\x07\x47\x01\x18\x16\
\xfe\x40\xf9\x77\x80\x6f\x1f\xb4\xd1\x6a\x43\x9a\x2d\x08\x57\x09\
\xe2\x10\x7f\x9c\x10\x2e\xa4\xd5\x41\x87\xd5\xc1\x74\x44\x4f\x41\
\x1c\x15\xa8\x47\xb2\x4d\xea\x08\x2d\x2f\x21\x3e\x7b\x45\xcd\xc1\
\xd2\x77\x03\xd2\xb6\x02\xb8\x7c\x7d\x15\x92\x71\xc6\xfe\x3d\x2d\
\x22\x66\x33\x3b\x80\x95\x28\xc3\x7e\x8c\xed\x53\xbc\xdc\x93\xe6\
\xe7\x97\x9e\xb9\x54\x1f\xdc\x47\x7c\xc8\xa8\xaa\xc2\x39\x67\x2d\
\xe4\x87\xdf\xbb\x8c\x6f\xdd\xb0\x9a\xc5\x0b\x67\x93\x91\x3e\x16\
\xbe\x54\x87\x54\x20\x33\xd3\xcb\xd2\x25\x73\xf8\xec\xe5\x2b\x58\
\xb2\x78\x36\x1d\xa1\x2e\x82\xc1\x7a\xe4\x30\xcd\x02\x86\x50\xd8\
\xaa\xe6\xf0\x94\x6b\x32\x51\xa1\x32\xcb\xea\x48\x4a\x8c\xc0\x1e\
\x24\x3f\xc0\xc4\x44\xb1\x53\x8b\xc7\xc4\xef\x0f\xd2\x6c\xc5\x8a\
\x7c\xc0\x4c\x04\x5f\x47\xeb\x59\xc0\x3c\x83\xc5\xbf\x30\x11\xae\
\xc9\x43\x5f\xc0\x48\x03\x2b\xf2\x01\x59\xc0\x35\xa8\x71\xef\xfb\
\x07\x30\xd9\x8c\x65\x47\xff\x5b\xed\x4c\x41\xb0\x0c\x85\x80\xd9\
\x4a\x97\x50\xf9\x60\xf0\xf6\xc6\x2b\xf2\x8b\x16\x07\x9b\xea\x37\
\xbf\x33\xe4\x5f\xf2\x08\xc7\x51\x00\x86\x88\x3f\x50\x7e\x19\xf0\
\xeb\x43\xb7\x4b\xd9\x89\x34\xf6\xa3\x68\xf9\x88\x38\x13\x92\x50\
\x33\x90\xfa\x6e\x76\x23\xb9\xb0\xd7\x85\x9f\x8b\xe0\xa9\xd8\xc3\
\x42\xd1\x8a\x47\x2f\xa0\x70\x01\x12\x69\x36\x03\x16\x08\x0d\xa1\
\xa6\x5e\x6a\x9a\xd0\xf2\x90\x66\x23\x7b\x65\x27\x69\x40\x60\x88\
\xfe\xfa\x56\xe1\xe2\x8f\x69\xb3\xb8\xd3\x7b\x14\xdb\xd5\xac\x11\
\xad\xf8\x0b\xf2\xb3\xf9\xc2\xe7\xce\xe2\x7f\x6e\xbb\x8a\xd5\x97\
\x9c\xcc\x94\xc9\x83\x9a\x16\x1d\x0e\x63\x84\x10\x4c\x9b\x5a\xc8\
\xaa\xf3\x8e\xe7\xd2\x8f\x2f\xc7\xe3\x71\xb1\xb3\xaa\x8e\xce\xae\
\xe1\xc5\x93\xe9\x42\xe1\x7d\x35\x97\x27\x5d\x53\x50\xb1\x7b\x10\
\xa8\x09\x4a\x38\x8d\x00\xdf\xc2\xa0\x01\x89\xe2\x99\x87\x32\x66\
\xc5\xbe\x24\xb2\xeb\x6d\xa4\x8c\xf0\x7d\x5c\x94\xc4\xee\xb7\x16\
\x24\xdf\xc3\xc4\x10\x2e\x3b\xc5\x79\x88\xae\x46\x69\x36\x20\x8d\
\xbd\x9c\x82\xc2\x29\x71\xee\xf9\x0e\xe0\xc7\x3d\xe3\x2e\xc4\x8a\
\x56\x33\x09\xc1\x99\xb1\x7d\x17\x9a\xcd\x34\x2a\x1e\xb6\xab\x83\
\x16\xd4\xba\x20\xbf\x68\xf1\x9b\x4d\xf5\x9b\x9d\x6a\x81\x43\xc0\
\x51\x00\x86\x80\x3f\x50\x7e\x32\x76\xa0\x49\x9c\xd9\xca\x40\xea\
\xb5\x08\x35\x2b\xee\x84\x2b\x44\x1a\xd2\x6a\xa5\xc5\x0a\x33\x0b\
\xc1\xf4\xd8\x8d\x54\x80\x60\x1d\x16\x6d\x56\x18\xc5\x3d\x3d\x21\
\xab\x75\xa1\xe6\xc4\x62\x01\x4c\xdb\x2d\xe1\x4a\xcc\xb8\x89\x45\
\x20\xd4\x7c\xa4\x51\xc3\x3b\x98\x2c\x45\x89\x6b\x0e\xec\xa6\x4b\
\xa8\x3c\xe4\xf6\x71\x9b\x37\xc0\x16\x2d\x77\x44\x3e\xfe\x39\xfe\
\x29\xdc\xf8\xf5\x4b\xb8\xed\x47\x57\xb2\xec\xc4\xa3\xc8\xc8\xe8\
\xbf\x25\xae\xc3\x91\x49\x56\xa6\x97\x65\x27\xcc\xe3\xca\x2b\x56\
\x30\x75\x4a\x01\xbb\x76\xef\xa7\xa9\x69\x78\xe5\x88\xa3\x42\xe1\
\x2d\x2d\x8f\x17\xdc\xa5\x64\x4b\x9d\x32\x2b\x34\x6a\x43\xfd\xcf\
\x31\xd8\x8c\x44\x68\xc5\xa8\x69\x73\x47\x39\xda\xd0\xb1\xf4\x3d\
\x58\xfa\x1e\x56\xa0\x70\x69\xaf\x69\xe2\x7f\x31\xf9\x08\x89\xe2\
\x99\x3f\xac\x05\x86\x8c\x56\x21\xad\x76\x3e\x8d\x1a\xb7\x34\x78\
\xf7\xea\x5f\x49\x9b\x8d\xd0\x0a\xb0\xa2\x3b\xc9\x06\xce\x8f\x9d\
\x5b\x00\x4b\x8d\x46\x76\xa9\x19\xec\x1a\xb8\x8b\xa0\x02\x5c\x9c\
\x5f\xb4\xf8\x89\xa6\xfa\xcd\x89\x2f\x1f\x79\x98\xe1\x28\x00\x83\
\xe0\x0f\x94\xcf\x01\x9e\x07\xe2\x5e\x75\x42\xa8\x58\xd1\x6a\x10\
\x6e\x14\x57\x49\xdc\x31\x84\x92\x8e\xd4\x6b\xd8\x8d\x64\x55\x2f\
\x2b\x80\x09\xbc\x89\x09\xc2\x83\x18\xdc\xbc\x35\x38\x42\x41\x08\
\x37\xd2\xa8\x27\xa5\xad\x00\xc2\x85\x10\x5e\x2c\xa3\x8e\xb7\x91\
\x9c\x8b\xca\xa1\x25\x91\x24\xf0\xa2\xab\x84\x5b\xbc\xc7\xb0\x41\
\x2b\xc0\x18\x81\x22\x73\xd2\x89\x47\x71\xcb\xf7\xaf\xe0\x5b\x37\
\xac\xe6\xa8\x79\xd3\x1c\xdf\xbe\xc3\xa0\xa8\xaa\xc2\xfc\xa3\xa6\
\x73\xd9\x27\x4f\x63\xc1\xb1\x33\x69\x68\x6c\x63\xf7\x9e\x86\x61\
\x8d\x11\x16\x1a\xaf\x69\x85\xbc\xee\x2a\x60\x9a\x15\xa6\x58\x8e\
\xac\x13\xe1\xd3\x58\xdc\x87\x89\x50\xd2\xed\x06\x62\x63\xa5\xcc\
\xcb\x28\xb2\xf3\x6d\xbc\x58\xfc\x08\x0d\x6f\xec\x89\xf5\x16\x16\
\x6b\xba\xeb\x0f\x78\xe6\x0d\x67\x40\xcc\xae\xad\xa8\x98\x7c\x1d\
\xad\x4f\x1a\xf0\x41\xab\x7f\xcf\x71\x20\x14\x2c\xbd\x9a\x4c\x24\
\x17\xf5\x9a\xa2\x04\xb0\xcc\x68\xe0\x7d\x2d\x97\x7a\x65\x40\x25\
\xde\x0d\xac\xca\x2f\x5a\xfc\x40\x53\xfd\x66\xa7\x46\xc0\x00\x38\
\x0a\xc0\x00\xf8\x03\xe5\x05\xd8\x79\xa6\xfd\x97\xa4\x12\x2a\xaa\
\xbe\x0b\x0b\xd3\x5e\xc9\xc7\xdb\x45\xf1\x20\xad\x56\x9a\xac\x30\
\x65\x08\x7c\xb1\x1b\x6a\x1a\x0a\xff\x87\x85\x29\x3b\xfb\x3d\x76\
\xb8\x08\x35\x0b\x69\x36\xd8\xc5\x81\x52\xd6\x0a\x10\x93\x53\x76\
\xd2\x6e\xb5\xd3\x8a\x64\x59\x2f\xe3\xca\x56\x35\x87\x5b\xbd\x01\
\xfe\xed\x9e\x4a\xe7\x30\x73\xf9\x85\x10\xac\x3c\xe3\x38\x7e\xfa\
\x93\xab\xb8\xfa\x8b\xe7\x32\x7d\x5a\xea\xf4\x47\x70\x98\x38\x08\
\x21\xf0\x4d\x2f\xe2\xe2\x8b\x4e\xe4\xf4\x53\x8f\xa1\xa9\xa9\x9d\
\x9d\xc3\xec\x47\xd0\x2c\xdc\x3c\xef\x2a\xa5\x5a\xcd\x64\x8e\xd5\
\x46\xe6\x30\x52\x07\x2b\x91\xdc\x8c\x81\xd5\xed\xf7\x1f\xc3\xda\
\x1e\x66\x64\x2b\xd2\x6c\xe5\xcb\xbd\x02\xff\xa2\xd8\xe9\xcb\x21\
\x14\x94\xf4\x45\x88\x41\x73\xfe\x0f\x20\xcd\x26\xa4\xbe\x9b\xc5\
\x28\x71\xab\x81\x1e\xbc\xfa\xb7\x83\x97\x2d\x7d\x37\x6e\x69\x1e\
\x64\x7d\x00\x50\x91\x2c\x37\x1a\xd8\xa0\x15\xd0\x3a\xb0\x0c\x39\
\xc0\xe9\xf9\x45\x8b\xff\xd6\x54\xbf\x59\x1f\x68\xc7\x23\x19\x47\
\x01\xe8\x87\x58\xae\xff\x93\xc0\x71\x03\xed\x37\xd7\x6c\x63\xb2\
\xbe\x87\xbd\x32\x12\x3f\x13\x20\x46\xb7\x15\xa0\xaa\x57\x2c\x80\
\x1b\xa8\x45\xb2\x43\x46\x10\x5a\x7e\xc2\x6e\xf2\x03\x69\x81\xa9\
\x6b\x05\x00\x50\xd4\x7c\x2c\x63\x2f\x95\xd2\x4e\x0d\xcc\x14\x69\
\xfc\xca\x33\x87\xdf\x7a\xfc\x34\x2a\xc3\x0b\x74\x12\x42\x70\xfe\
\xb9\x4b\xf8\xc5\xff\x94\xf3\x99\xcb\x57\x50\x5c\x9c\x9b\x24\xa9\
\x1d\x8e\x34\x8a\x8b\x72\x59\x75\xde\xf1\x9c\x77\xce\x12\x9a\x5b\
\x3a\xd8\xbe\x63\xef\xb0\x8e\xdf\xad\x64\xf0\xa4\x7b\x0a\x51\xa1\
\x72\x94\xd5\x86\x36\x48\x7c\x40\x2b\x70\x03\x06\xed\x60\xb7\xd6\
\xd5\x0a\x46\x2e\xfc\x30\x91\x66\x13\x56\xe4\x23\xe6\x22\xf8\x1a\
\x5a\x8f\xb5\xf2\xf7\x98\x6c\xc4\x42\x49\x9b\x35\xec\x98\x25\x19\
\xad\x46\x5a\x6d\x7c\x0a\x15\xff\x21\xe6\xff\x78\xab\x7f\x00\x4b\
\xdf\x45\xba\x34\xfa\x28\x00\x60\x97\x55\x5f\x66\x34\xf0\xb2\xab\
\x68\xb0\x05\xc2\x64\x60\x6e\x53\xfd\xe6\x7f\x0c\x4b\xe0\x23\x08\
\x47\x01\xe8\x87\xfc\xa2\xc5\xbf\x05\x2e\x1e\x68\x9f\x22\xab\x8b\
\xff\xee\x7c\x87\x26\x0c\xde\x43\xc6\x22\xfa\xe3\xf7\xe3\xb6\xad\
\x00\x6d\xb4\x5a\x21\x8a\x11\xcc\x8e\xdd\x08\xf9\x3d\xc1\x80\x56\
\x62\x82\x01\x7b\xce\x15\xb6\xd3\x02\xad\xf6\x98\x75\x21\xf5\xac\
\x00\x08\x25\x96\x1a\x58\xcb\x06\x21\x78\x3c\x7d\x29\xdb\x06\x4f\
\xf7\xe9\xc3\xca\x33\x8e\xe3\xae\x3b\xaf\xe6\xf2\x4f\x9d\x4e\x9e\
\xd3\x75\xcf\x21\x49\xe4\xe5\x65\x71\xee\xd9\x8b\x39\xef\xec\xc5\
\x34\x37\x77\x50\xb9\x63\xe8\xbd\x68\x2c\x04\x15\x6a\x2e\x6b\xb5\
\x62\x4a\x64\x17\x53\xad\xf8\x15\x0a\x4d\xe0\x26\x0c\x76\x22\x51\
\xdc\xd3\xfb\xd6\x17\x49\x2a\x16\xb2\x73\x33\x42\xea\xfc\x08\x17\
\xf9\xb1\x67\xd4\x07\x48\xee\xc4\xb0\x53\x10\xbd\xc7\x32\xbc\x14\
\x44\x89\xd9\x55\x81\x8a\xc5\x37\xd0\x38\x54\xad\x8f\xb7\xfa\x07\
\xb0\xf4\x20\x19\xfd\x28\x00\x00\xe9\x98\x2c\x32\x9a\x58\xeb\x2a\
\x46\x1f\xd8\xc2\x39\x3f\xbf\x68\xb1\xd6\x54\xbf\x79\xed\x30\x84\
\x3e\x62\x70\x14\x80\x38\xf8\x03\xe5\x5f\x05\xbe\x3b\xd0\x3e\x19\
\xd2\xe0\xa7\x9d\x6f\x53\x2c\xbb\xd0\x81\x17\xb0\x10\x4a\xfa\x80\
\x85\x7d\x84\x9a\x89\xd4\x77\xb3\x2d\x66\x05\xd0\xb0\x83\x01\x5f\
\xc5\xa2\xd9\x0a\x25\xb4\x80\xcf\x81\xb4\x40\x03\x84\x1b\xa1\xa6\
\xe6\x8a\xd8\xb6\x7a\x98\xe8\x66\x33\x51\xd9\x85\x32\x8c\x36\xc9\
\xcb\x97\x1d\xc5\x5d\x77\x7e\x99\xcf\x7d\x76\xa5\xd3\x6e\xd7\x61\
\xcc\xe8\x56\x04\xce\x3c\x63\x01\x75\xf5\x2d\x54\x07\x87\xee\x1a\
\x08\x09\x8d\x75\xae\x62\xb6\xab\x59\xcc\xb7\xda\xfa\x54\x14\xbc\
\x1b\x93\x75\x58\x76\x8b\x5f\xef\x71\x8c\x65\xb1\x56\x2b\xb2\x03\
\xcb\xa8\xe7\x12\x54\xce\x3e\xc4\xf4\xdf\x86\x40\xf5\x2e\x46\x0c\
\xec\x7b\xef\x83\x34\x1a\x90\x7a\x0d\x27\xc4\x31\xff\xb7\x02\xb7\
\x62\x62\x1e\xb2\xfa\x07\xbb\x69\xd0\x80\x1e\x40\x82\x00\x00\x20\
\x00\x49\x44\x41\x54\x24\x2c\x2e\x1e\x60\x8a\xca\x95\x3a\xb3\xad\
\x0e\x5e\x72\x15\x0f\x96\x15\x74\x6a\x7e\xd1\xe2\xf7\x9b\xea\x37\
\x7f\x30\x2c\xe1\x8f\x00\x1c\x05\xe0\x10\xfc\x81\xf2\x95\xc0\x7d\
\x0c\x70\xe7\x69\x48\x6e\xee\x7c\x9f\x39\x96\x1d\x25\x9c\x83\xe0\
\x21\x4c\x10\x02\x65\x80\x0e\x56\x42\xa4\x21\x65\x27\x61\xab\x1d\
\x0f\xf4\x54\xc3\x52\x10\x6c\xc0\x8c\x4d\xd4\x09\x32\xd7\x0b\x8d\
\x9e\xb4\x40\xab\x35\x65\x63\x01\x20\x96\x1a\x68\xd4\xdb\xb2\x2a\
\x5e\x84\x3a\x70\x47\xb1\xc0\x7c\x1f\x3f\xbb\xed\x2a\xae\xbd\xe6\
\x02\x0a\x0b\x13\x10\x3c\xe9\xe0\x30\x02\x0a\x0b\x73\xb8\xf0\xfc\
\xa5\x2c\x3b\x71\x1e\x3b\x76\xee\x63\x5f\xdd\xd0\x5b\x14\xd7\x28\
\xe9\x3c\xed\x9a\x8c\x17\x93\xb9\x66\x3b\x02\xbb\xb1\xce\x9f\x31\
\x11\xc2\x63\xb7\xd5\x4d\x40\x2f\x8b\xa1\x22\xad\x10\xb2\xeb\x3d\
\x0a\x11\x7c\x1f\xad\x27\x28\xf7\xf7\x98\x6c\xc0\x42\x71\xcf\x1c\
\xf0\xd9\xd6\x1f\x56\x64\x3b\x58\x1d\x7c\x36\x4e\xf4\xff\x9f\x31\
\x79\x2f\xce\xea\xdf\x3e\xae\x92\x52\x60\xd5\x20\x53\xd4\x64\xab\
\x93\x5c\xa9\xb3\x71\xf0\x6a\x81\x17\xe6\x17\x2d\x7e\xac\xa9\x7e\
\x73\xfd\xb0\x7f\x89\xc3\x18\x47\x01\xe8\x85\x3f\x50\x3e\x13\x3b\
\xe2\x7f\x40\x67\xfc\xd7\xba\x3e\xe4\x24\xe3\x40\x64\xb0\x1b\x58\
\x8f\x45\xb3\x8c\xc4\x4a\x74\xf6\xaf\x8d\x2a\x6a\x0e\x56\x74\x37\
\x1f\x20\x39\x27\x56\x0d\x6f\x6a\xac\x32\xa0\xd1\x13\x0c\x98\x18\
\xad\xbf\x3b\x2d\x50\xca\x68\xcc\xdc\x9e\x62\xd5\x01\x7b\x10\x08\
\x6d\x92\x2d\xab\xd9\x80\xd0\x4a\x11\x71\x5a\x25\x97\x96\x4c\xe2\
\x96\x9b\xae\xe0\x7b\xdf\xfe\x24\xd3\xa6\x3a\xc1\x7d\x0e\xa9\xc1\
\xe4\xd2\x7c\x56\x5f\xb2\x9c\xb9\xfe\x29\x6c\xf9\xff\xec\x9d\x77\
\x78\x54\x55\xfa\xc7\x3f\xe7\xdc\xa9\x49\x20\xd4\x50\x55\x40\x83\
\x22\x11\xe9\xa2\x62\x43\x77\x55\xec\x05\x45\xba\xa8\xb1\xaf\x6b\
\xef\xba\x8a\x65\xb1\x77\x14\xfb\xda\xdb\x8f\x75\x5d\x5d\x5d\xcb\
\x5a\xd6\xb5\x51\x44\x45\x10\xa4\xf7\x16\x48\x9d\x76\xef\x39\xbf\
\x3f\xee\x24\x24\x90\xa9\x99\x64\x26\xc9\x7c\x9e\xc7\xc7\x07\xee\
\x9d\x73\x4f\xc2\xcc\xbc\xef\x79\xcb\xf7\xfd\x75\x55\xdc\x03\x88\
\x4c\x21\x99\xed\xe8\x68\x8f\xa9\x36\x4b\x78\x04\x3f\x60\x20\x73\
\x87\x22\xa2\xb7\xba\xa5\x18\x8d\xf2\xcd\x43\x6b\x3f\x37\xd6\x9a\
\xd8\xb9\x18\xcd\x7d\x49\x87\xfe\x01\x1d\x42\xf9\x17\x90\x03\x5c\
\x81\xa3\x8e\xfa\xff\x66\x34\x7f\xc5\x42\x09\x77\x78\xed\x5a\x87\
\x13\x6d\xa1\x82\xcb\xd8\x0d\x59\x13\x89\x88\x46\x5f\x55\x4e\x95\
\x70\xb0\x28\x7a\x27\x95\x13\x18\xdd\xb1\x60\xc8\x4b\x25\x9b\xe6\
\x24\x2e\xff\xd8\x42\xc9\x3a\x00\x61\x0a\x8b\x8a\x73\x80\x4f\x81\
\xa8\xe5\xf8\xa7\x07\x57\x71\x7a\x70\xf5\x2e\x7f\xbf\x1e\xf8\x15\
\x2b\x76\x31\x5f\xf8\x64\x1e\xb2\x4a\x28\x03\x0e\x46\xe2\x04\xb6\
\xa0\xf9\x4d\x07\x11\x46\xfb\x88\x75\x04\x09\x53\xbb\x2d\x50\x95\
\xd9\xe3\x87\x33\x6c\x46\x40\x35\x42\xb8\x41\x48\xb4\xb9\x25\xbc\
\xd7\xee\x54\x7f\xe1\x78\x3d\x2e\x2e\x3a\x7f\x34\x0f\xde\x7b\x1e\
\xfb\xf6\xdb\x2d\xab\xcf\x9f\x25\xe3\x10\x42\xb0\xd7\x9e\xdd\x38\
\xeb\x8c\x43\xc9\xcb\xf5\x32\xff\xe7\xe5\x04\x83\xf1\x55\xfd\x6f\
\xc6\xe4\x9b\xd0\x0a\x34\x0a\xc3\xbb\x3f\xc2\x68\x5a\x81\x2a\x15\
\x5c\x8d\x0e\xad\xe1\x48\x24\x67\x86\x4d\x42\x10\x5b\x80\xa8\x34\
\xc9\xd0\x3f\xd8\x5a\x02\xda\xda\xcc\xd1\x48\x0e\xde\xc9\x90\x3f\
\x55\xa3\x27\xb0\xf7\x2e\xe9\x49\xad\x03\xe8\xd0\x4a\xfa\x21\xea\
\x15\x0d\xaa\x8f\x41\xd6\x36\x96\x1a\x79\xac\x8d\xfe\xdd\xd9\x0e\
\x18\xd6\xb1\x60\xc8\xcb\x25\x9b\xe6\xa4\x46\xa9\xa9\x99\x93\x99\
\x31\xe1\xf4\xf0\x34\x50\x14\xed\x86\x61\xe6\x56\xce\x0e\x2c\xab\
\xf7\xda\x90\xb0\xb1\xd2\x66\xec\x9e\x61\xe9\xea\x8d\x10\x6e\x3e\
\x46\xb1\x30\x5c\x11\x7c\x7c\xf8\x83\x67\xe7\xed\x53\x87\x70\x76\
\xb7\x23\x01\xda\x44\x05\x97\xa7\x74\xed\x54\x23\x5d\xbd\x10\x46\
\x7b\xb4\xb5\xcd\xd6\x56\x00\x8e\x1f\x3d\x8c\x7f\xbf\x3f\x8d\x4b\
\x2e\x38\x1e\x8f\x7b\xd7\xa8\x40\x96\x2c\x99\x84\xd3\xe9\xe0\xdc\
\xb3\xff\xc8\xbf\xff\x39\x8d\x31\xa7\x1e\x1c\xdb\x59\xd5\x01\x2c\
\xdf\x6c\xb4\x36\x91\xee\xbe\x88\x14\x15\x02\xc7\x8d\xf2\xa3\x83\
\x8b\x69\x8b\xe0\xc2\x5a\x67\xf4\xa7\xb1\x58\x8d\x46\xba\xfa\xc4\
\x4c\xc9\x45\xa2\x7a\x40\xd9\xb1\x3b\x9d\x33\x57\xa3\xf9\x28\x5c\
\x33\x25\x9d\x3d\xeb\x79\xa1\xad\x9b\x10\x4d\x20\x6c\x67\x24\x9a\
\x6b\xfd\xbf\xb2\xbb\xaa\x8c\x75\xeb\x28\xe0\xce\xb8\x17\x6e\xe1\
\x64\x1d\x00\xa0\xb0\xa8\xf8\x12\x60\x5c\xb4\x7b\x76\x53\x55\x5c\
\xeb\xff\x15\x19\xa1\x85\xa7\x08\x89\x13\x81\x36\x37\xc7\x7e\xa0\
\x30\x90\xee\xbd\xd1\xc0\xc3\x98\x28\xa0\x0f\x82\x7d\x91\xf6\x69\
\x5d\x37\x6c\x6c\xe9\xce\x48\xb7\x2d\xda\xa1\x82\x2b\x53\xbe\x76\
\x6a\x11\x48\xcf\x7e\x20\x0c\x74\x70\x29\x7f\xbd\xed\x74\x1e\x98\
\x7e\x2e\x5d\x0a\x32\xb3\x80\x31\x4b\x96\x48\x74\xea\xd8\x96\x3b\
\x6f\x9b\xc4\x9b\x2f\x5f\x4b\xbf\x7d\x76\xab\xff\x26\x6d\x61\x55\
\xcd\x05\xe5\x47\x3a\x77\xb3\xdb\x88\x9b\x18\x2b\xb0\x00\xad\x2d\
\x2e\xc2\xa0\x3a\x80\x3e\x1b\xc5\xdf\xb1\x10\x46\x3e\xd2\xbd\x67\
\x52\xeb\x6a\x6b\x1b\x5a\x95\xb3\x27\x82\xbe\x3b\x19\xf2\x99\x58\
\x28\x40\xba\xf6\xa2\xde\xb4\x82\xb2\x1d\x80\x44\xe3\x20\x5e\x6d\
\x71\xab\xef\xe7\x78\xf4\x16\xae\x2b\x2c\x2a\x3e\x31\xc1\xe5\x5b\
\x24\x99\x19\x0f\x6e\x42\x0a\x8b\x8a\x0f\x02\x5e\x27\x8a\x33\x94\
\xa7\x4d\xfe\xea\x9b\x47\x47\x1d\x59\x23\xdc\x01\x2c\x42\xb3\x46\
\x07\xec\x53\x77\x3d\x39\xec\xda\xd8\x82\x3d\xdb\x28\xd1\x3e\xda\
\x02\xfd\xc2\xa9\x80\xaf\x6b\x7a\xf7\x53\x97\xaf\x17\xd2\x83\xd6\
\x55\xa0\xca\x41\x5b\x88\x26\xd3\x13\x4f\x1c\x21\x9c\x20\x1c\x68\
\x73\x13\x1b\x37\xae\x66\xcc\x98\x31\x48\x99\xf5\x53\xb3\x34\x4f\
\xba\x76\x69\xcf\x19\xa7\x8f\xa4\x63\x87\x36\xcc\x99\xf7\x7b\xad\
\xb4\x80\xc2\xf2\xcd\x43\xab\xed\x08\x47\x67\x0c\xef\x7e\x34\x65\
\xc5\x3f\x80\x0e\xad\x47\x05\x97\x33\x1c\xc9\xb9\x61\x53\x50\x06\
\x5c\x8b\x49\x40\x18\x48\xef\x90\x84\x04\x7f\x6a\xa3\x02\x8b\x41\
\x55\x70\x36\x8e\x3a\xbd\xff\x3f\xa1\x79\x0e\x0b\x61\xb4\x45\x7a\
\xfa\xd5\xbf\x2f\x73\x23\xda\xda\xc6\x49\x18\x09\x8f\x0d\x6f\xa3\
\x4d\xf6\x52\x15\xfc\xc7\xd9\x85\x18\xbf\xcf\x63\x3b\x16\x0c\x79\
\xab\x64\xd3\x9c\xf8\x2b\x37\x5b\x20\xad\xfa\x9b\x35\xac\xf4\xf7\
\x16\x10\xb1\xdc\x56\xa0\xb9\xce\xbf\x80\x1e\x2a\x76\xdd\xc8\xc8\
\xea\x71\x99\x66\x7c\x6d\x41\xf6\x07\x40\xf0\x3c\x8a\xcd\x68\x0e\
\x45\x92\x87\x40\x07\xc3\x53\xfd\x52\x88\xe1\xee\x0b\x48\x3b\x2f\
\x17\xa1\x07\x39\x53\x90\xce\xdd\x11\x46\x07\xe6\xff\xf8\x23\xcf\
\x3e\xf3\x4c\xba\xb7\x93\x25\x4b\x83\x30\xa4\x64\xc2\x59\x47\xf0\
\xe1\xbb\xb7\x71\xd4\xa8\x81\x80\xc6\xf2\xfd\x84\xb6\xb6\x22\x8c\
\x7c\xbb\x05\xae\x89\x8d\x3f\x3a\x80\x0e\x2c\x24\x07\xc1\xe5\xb5\
\xce\x81\x0f\x62\xb2\x0d\x8d\x70\xef\x9d\x7c\x21\xa2\x0e\xa0\xcd\
\x8d\xe4\x21\x18\x55\xcb\xc4\x68\xe0\x49\x2c\x00\x64\x94\xb9\x06\
\x3a\x1c\xc6\xdf\x3d\xc9\xdf\xc9\x60\xb3\x84\x73\x02\x4b\x63\xdd\
\xd6\x0e\x78\xa7\xb0\xa8\xb8\x55\x0f\x06\x69\xd5\x0e\x00\xf0\x12\
\xd1\x64\x7e\x81\x89\x81\x15\x0c\x31\x4b\xe2\x5a\x6c\x44\x78\xbc\
\x6d\xbc\x0e\x80\x90\x79\x48\x57\x6f\x7c\x68\x1e\xc6\xb2\x05\xac\
\x91\x76\x11\x8c\xb9\x21\xae\x35\xe2\x46\x78\xc2\x21\x46\x8d\x0a\
\x66\xfe\xa0\x2c\xe9\x29\x02\x61\x70\xff\x7d\xf7\xb1\x74\x69\xcc\
\x0f\x73\x96\x2c\x19\x4f\x41\x41\x3b\x1e\x7f\xe8\x02\x46\x0c\xd4\
\x68\x73\x63\xb8\xba\x3e\xfe\x89\x7a\xa9\xc4\xf2\xff\x8a\xd2\x21\
\x2e\xc6\xa8\xc9\xb5\x7f\x88\xe2\xbf\x28\x84\xa3\xb3\x5d\x30\x9c\
\x24\x2a\xb8\x0a\xd0\x1c\x8b\xac\x23\xfc\xf3\x19\x8a\x25\xe1\xf5\
\xa3\x46\x38\x55\x25\x0e\xa0\x4b\x03\x9c\xa2\xd3\x82\xab\x39\xcc\
\x8c\xd9\xf1\x37\x10\x78\x34\xe9\x87\xb4\x00\x5a\xad\x03\x50\x58\
\x54\x7c\x1d\x70\x4c\xb4\x7b\x0e\x30\xb7\x30\x36\x5c\x8c\x16\x0f\
\xf9\xc0\x20\x24\xda\x2a\x45\xc7\x11\x31\x00\x90\xee\x3d\x11\x32\
\x97\xef\x50\x7c\x86\xe2\x44\x24\x92\xea\x0f\x51\x6a\xb1\x8b\x0f\
\x3d\xe8\xd0\x7a\xb4\x55\x9a\xf2\xf5\x53\x89\x90\x5e\xa4\xbb\x2f\
\xa1\x50\x88\xab\xae\xbc\x12\xcb\xb2\xd2\xbd\xa5\x2c\x59\x1a\xcc\
\x2d\x37\xdf\xcc\x7f\xbf\xfa\x18\x21\x3d\x18\x39\x43\x20\xc9\x10\
\x7b\x43\xd0\xa1\xf5\x68\x73\x13\xc3\x6b\xb5\xd9\xad\x46\xf3\x18\
\x16\x42\xb8\x30\x3c\x51\x6b\xa1\x63\x2c\x6e\xa1\x42\xab\x91\xc0\
\x29\xb5\xcc\x4b\x00\x78\x06\x0b\x10\x48\x77\xdf\x28\x0b\x58\x68\
\x55\x41\x6f\x44\x83\xf3\xd3\x97\xf9\x17\xc5\x53\x14\x78\x6e\x61\
\x51\xf1\x19\x0d\x7c\x54\xb3\xa5\x55\x3a\x00\xe1\xf1\xbe\x51\x2b\
\x41\xbb\x29\x1f\x57\xfb\x17\x26\xec\x83\x1e\x59\x93\x06\x88\x57\
\x26\x54\x22\x3d\xfd\x01\x78\x14\x0b\x07\x70\x20\x12\x6d\x6d\x47\
\xab\xb2\x04\x9f\x1e\x03\x61\xd4\x7c\xf8\x54\xe0\xb7\xd4\xae\xdd\
\x08\x64\x53\x01\x59\x5a\x12\xf7\x4c\x9f\xce\x2b\x2f\xbf\x8c\x90\
\x1e\xa4\x77\x18\x88\x34\x44\x9f\x75\x00\xb5\x53\xe8\x3f\x08\x4c\
\xc3\x24\x80\x46\x7a\x06\x34\xc8\x29\x51\xa1\xb5\xa0\x43\x1c\x8e\
\xa4\x73\xad\x6f\xcf\x37\xb1\xd8\x82\x46\x3a\x7b\x20\x64\x5e\xe4\
\xed\x59\xe5\x80\x66\xef\x14\xa4\x44\xbc\xda\xe2\x26\xdf\x2f\x78\
\x75\xcc\xc3\xc3\xd3\x61\x0d\x98\x56\x47\xab\x73\x00\x0a\x8b\x8a\
\x3b\x00\xaf\x11\xe5\x67\x77\xa1\xb8\xc5\xf7\xf3\x2e\x32\x9d\xf1\
\x30\xb2\xba\x1b\x20\x14\xbf\x4e\xb8\x30\xda\x23\x5d\x7b\x50\x81\
\xe6\x01\x2c\x4e\xae\x76\x22\x1a\x21\x0a\x20\x9c\xdd\xec\xb6\x40\
\x6b\x5b\x78\x6c\x70\x66\x93\x4d\x05\x64\x69\x09\xdc\x33\x7d\x3a\
\x4f\xce\x98\x81\x10\x2e\xa4\x77\x68\xea\xb4\x3e\x12\xc4\xf2\x2f\
\x40\xef\x14\xfa\x9f\x81\xc9\xf2\xea\x96\xbf\xd8\x8a\x7a\x51\x50\
\x35\xad\xc6\x63\x6a\x9d\xdf\x37\xa2\x79\x2d\x5c\xdc\x2c\xdd\x85\
\x51\x57\xa8\x8e\x4c\xf6\x4d\x91\x69\xda\x4d\x55\xf1\x67\xff\xa2\
\x58\xb7\xb5\x05\xde\x28\x2c\x2a\x6e\x3a\xe9\xc5\x0c\xa1\xd5\x39\
\x00\xc0\xb3\x40\x3d\xcd\xa7\x3b\xb8\xd0\xbf\x98\x5e\xb1\x43\x47\
\xf5\x92\x03\x1c\x8c\x40\xab\x2a\x5b\xda\x36\x4e\xa4\xab\x10\x21\
\x73\xf8\x0e\xc5\x7a\xa0\x17\x02\x1d\x5a\x0f\x51\x3a\x0f\x92\xa5\
\xa6\x2d\x30\xb0\x98\x54\x17\x1b\xa6\x9a\xda\xa9\x80\x6b\xaf\xbe\
\x06\xa5\x54\xba\xb7\x94\x25\x4b\x42\xd4\x31\xfe\x39\x4d\xad\xf2\
\xb7\x03\x15\x5a\x8b\x36\x37\x33\xa2\x56\xe8\xff\x4b\x14\xff\x44\
\x21\x8c\x76\x48\xf7\x5e\x0d\x5c\x7f\x1d\x68\x3f\xc3\x90\x35\xc3\
\xce\xc0\x16\xfd\x09\xa1\x91\xae\x3d\x63\x46\x17\xb4\x65\xd7\x5b\
\xed\x97\xc2\xa2\xc8\x43\xcd\x4d\x9c\x1c\x5c\x13\xeb\xb6\xa1\xc0\
\xdd\x29\x7b\x68\x33\xa1\x55\x39\x00\x85\x45\xc5\xe7\x12\x63\xc2\
\xdf\x11\xa1\x8d\x1c\x13\x4a\x6c\xdc\xe7\xce\x8c\xa6\x7a\xa4\x65\
\xcc\x37\xdd\x0e\x84\x61\xf7\xc0\x23\x78\x1c\x8b\xa1\x48\x34\xca\
\x0e\xa9\xa5\x18\x61\xb4\x43\x38\xbb\xa1\x55\x65\xca\x85\x87\x1a\
\x03\xe9\xdc\x0d\x61\xb4\x63\xee\xdc\x39\xbc\xfa\xca\x2b\xe9\xde\
\x4e\x96\x2c\x71\xb3\xab\xf1\x4f\xd3\xd0\x2a\xe5\x47\x07\x16\x92\
\x57\x2b\xf4\xbf\x0e\xcd\x7d\x58\x08\xe1\x4c\xc1\xe0\x21\x8d\x0e\
\x9f\xfe\xc7\xd7\x3a\xfd\xff\x88\xe2\x2b\x14\x42\xe6\x86\x65\xce\
\x63\xac\x61\x6d\x23\x3f\x2c\x8f\x9e\x4a\xce\x09\x2c\xa5\xd0\x2a\
\x8f\x75\xdb\x55\xe1\x59\x30\xad\x86\x56\xe3\x00\x14\x16\x15\xef\
\x05\x3c\x1c\xed\x9e\x9e\xaa\x8a\x4b\x53\x90\x1b\x1f\x88\xa4\x0b\
\x02\x1d\xda\x00\x3a\x14\xf7\xeb\x84\xd1\x0e\xe9\xea\x43\x00\xcd\
\xb7\x28\xdc\x88\x70\x1a\x20\xf5\xa7\x74\xbb\x2d\xd0\x40\x05\x96\
\x42\x12\xa9\x8e\xa6\x45\x84\x53\x01\x92\xbf\xde\xfd\x57\x36\xac\
\x6f\x98\x83\x96\x25\x4b\x53\x90\x31\xc6\x1f\xb0\xfc\x3f\xa3\xb5\
\xc5\xe5\x18\x74\x40\x10\x02\xee\xc0\xc2\x87\x0e\x8b\x6f\x35\xac\
\x1e\x41\x85\xd6\xa1\x55\x15\x03\x10\xf4\x0f\x1b\x6f\x0b\x78\x14\
\x3b\x62\x67\xb7\xfd\x45\x37\x37\xda\x2a\x07\x1d\x62\x70\x23\xb4\
\x44\x3a\x50\x5c\xef\x5f\x10\x4f\x3d\xc0\x8b\xe1\x34\x71\xab\xa0\
\x55\x38\x00\xe1\xdc\xce\x6b\xd8\x11\xfa\x7a\x71\xa2\xb8\xde\x17\
\xd7\x1b\x24\x26\x02\xbb\x9d\x0f\x94\x1d\x16\x4b\x00\xe9\xde\x13\
\x61\xb4\x63\x0d\x9a\x00\x1a\xad\xfd\x8d\x93\xab\x17\x1e\x7b\x70\
\x91\x0e\xd6\xc8\xee\x66\x32\xf6\x09\xa2\x0f\x55\x55\x95\xdc\x72\
\xcb\x2d\xe9\xde\x4e\x96\x2c\x51\xc9\x24\xe3\xaf\x82\x2b\xd1\x56\
\x09\x47\x20\x39\x34\xfc\x95\xff\x28\x26\x4b\x50\xb6\xfc\x76\x83\
\x85\xc1\x54\x4d\x6b\xf1\xd4\x5a\x92\x2a\xb3\xb0\x58\x85\x42\x38\
\x3a\xc5\xf5\x8c\xea\xef\xb9\x61\x8d\x64\x96\xba\x29\x1f\x7f\x8a\
\x7d\xc0\xeb\x0e\xcc\x68\x94\x0d\x64\x20\xad\xc2\x01\x00\x6e\xc5\
\xce\xf1\x44\xe4\x3c\xff\xef\xf4\x51\x15\x29\x7b\xe0\xb1\x48\x1c\
\x80\x0e\xad\x24\xb1\x13\xbc\x08\x57\xe2\xee\xf8\x20\x35\x46\x4b\
\x20\xd8\x6d\x81\xf6\x7f\xc9\xf7\xfc\x36\x25\xd2\xd5\x1b\x21\xf3\
\xf8\xe4\xe3\x8f\xf9\xe0\xfd\xf7\xd3\xbd\x9d\x2c\x59\xea\xa5\xda\
\xf8\x23\x1c\xb6\x9a\x5e\x1a\x8d\xbf\x56\x95\xe8\xc0\x62\x3a\x20\
\xb8\x24\x6c\x9c\x3f\x44\xf1\x2f\x14\xc2\xe8\x10\xa3\x25\x2f\x3e\
\x54\x68\x0d\x28\x3f\x43\x91\x35\xa7\xff\x4d\x68\x5e\xb0\x05\x7f\
\x6b\x6a\x8e\x62\xee\xd5\xda\x82\x00\x86\x35\xa2\x28\xd2\xe1\xa1\
\x8d\xfc\x31\x76\x8a\xf7\x8c\xc2\xa2\xe2\xa8\xd2\xf0\x2d\x85\x16\
\xef\x00\x14\x16\x15\x0f\x05\x6e\x88\x76\xcf\x30\x73\x2b\xc7\xa7\
\x38\xd7\xde\x0e\xc1\x91\x48\xb4\xf2\x25\x7c\x82\x17\xd2\x5b\xa7\
\x17\x57\x5b\x25\x68\x15\x33\x7f\x95\x38\xd5\x6d\x81\xc2\x1d\xfb\
\xde\x8c\x60\x47\xcb\xe4\xad\xb7\xdc\x42\x59\x59\x8a\xdb\x24\xb3\
\x64\x69\x20\xb5\x8d\xbf\xe1\x1d\x9a\xf4\x20\x9d\xd4\xa0\x51\xfe\
\x9f\xd0\x28\xae\xc2\xa0\x2d\xf6\x88\xdf\x87\x31\x11\x35\x63\x78\
\x1b\x68\x6c\xb5\x65\xa7\x11\x81\x29\xb5\x72\xff\x8f\x60\xd9\x6d\
\x85\xae\xde\xf1\x15\x3d\xea\x00\xda\x2a\xa5\x2f\x92\x76\x8d\xac\
\x8a\x78\x61\x60\x09\x3d\x63\xab\xa1\xce\x28\x2c\x2a\x8e\x55\xb4\
\xd0\xec\x69\xd1\x0e\x40\x58\xe6\xf1\x45\xa2\xfc\x9c\xf9\x3a\xc4\
\xe5\xfe\x45\x8d\xf2\x96\x3b\xb5\x7a\xc2\x5f\x12\x21\x76\xe1\xe8\
\x82\x74\xed\x51\xf3\xe7\xc6\x68\x09\x6c\x8e\xd8\x75\x12\xbb\xb3\
\x75\xeb\x56\xee\xba\x33\x3b\xd4\x2b\x4b\xe6\xb0\xab\xf1\x8f\x3a\
\x9f\xbe\xd1\x51\x81\xdf\xd1\x56\x19\x27\x61\x30\x0c\x49\x39\xf0\
\x17\x4c\x2c\x04\xd2\x3b\x30\x25\x8e\xbf\x0a\x2e\x07\x1d\xe4\x50\
\x64\x4d\xef\xfe\x97\x28\xbe\xab\x9e\xf6\xe7\x8e\xaf\xbd\x5e\x85\
\x6c\xf5\xd4\xc3\x9b\x40\x12\xd9\xa3\x2d\xae\xf6\x2f\xc4\x88\x1e\
\x99\x6d\x8b\xdd\x31\xd6\xa2\x69\xd1\x0e\x00\x30\x0d\xd8\x37\xda\
\x0d\x97\xfb\x17\xd2\xbe\x11\x5a\xed\xc0\x9e\xf0\x37\xb0\x5a\xd4\
\xc7\xda\x9e\xf0\xeb\xa5\xbb\x6f\xcd\xac\x6c\x1d\x5a\x97\x50\x41\
\x61\x4b\x46\xba\x0a\x41\x78\x78\xf3\x8d\x37\x98\x33\x7b\x76\xba\
\xb7\x93\x25\x4b\xc6\x19\x7f\x6d\x6d\x47\x05\x97\xd3\x15\x83\xf3\
\x30\x50\xc0\x5d\x98\x6c\xae\xd6\xf9\x37\x52\x30\x61\x53\x07\x50\
\xa1\x15\x18\xc0\x39\xe1\xc3\x4e\x25\xb6\xa0\x19\x80\x74\xef\x4b\
\xbc\x26\xa6\x5a\xfa\xfc\xd0\x26\x32\x49\x7d\xad\x32\xc6\x05\x56\
\xc4\xba\xed\xa8\x70\xe7\x58\x8b\xa5\xc5\x3a\x00\x85\x45\xc5\x23\
\x80\x2b\xa2\xdd\x73\x5c\x68\x2d\x07\x98\x5b\x1b\x75\x1f\x67\x56\
\xb7\x04\x06\x97\x25\xf1\x6a\x89\x11\xf6\xd4\x35\xaa\xa6\x47\xb6\
\xd5\x23\x1c\x18\x1e\x3b\xaf\x78\xe3\x8d\x37\x62\x99\x99\xde\xc5\
\x90\xa5\x25\x93\x69\xc6\x1f\x6d\xa2\xfc\x3f\x01\x50\x9e\x33\x84\
\x25\x46\x3b\x9e\xc5\x62\x36\x0a\xe1\xec\x56\x27\xb2\xd8\x10\x54\
\x60\x09\x68\x8b\x13\x30\xe8\x1e\x3e\xb9\x3f\x83\xc9\x76\xb4\x2d\
\x38\x16\xa7\xa8\x90\x56\x3e\xb4\xb5\x8d\xbd\x91\x14\x34\xe1\x50\
\xa4\xb1\xc1\x95\xf4\x8b\x2d\x89\xfe\x60\x4b\x4e\x05\xb4\x48\x07\
\x20\x9e\xd0\x7f\x77\xe5\xe3\xbc\xd8\x13\xa3\x1a\xcc\x50\x24\x85\
\x48\xb4\xb9\x39\x39\x69\x5f\xe1\xc6\xf0\x0e\x44\x7a\x8a\x10\x8e\
\x2e\xa9\xdf\x60\x33\x45\x38\xba\x20\x1c\x9d\x58\xfc\xdb\x6f\x3c\
\xff\xfc\xf3\xe9\xde\x4e\x96\x56\x4a\xc6\x19\x7f\x40\x05\x16\xa1\
\x95\x0f\xe9\xde\x8b\x80\xd1\x9e\x6b\x9d\x05\xbc\x19\x1e\xc1\x6b\
\xb8\xfb\xa7\xe4\x19\xda\x2a\x43\x85\xd6\x92\x87\x60\x52\xf8\xf4\
\x3f\x2f\x2c\x2a\x84\x70\x60\x44\x99\xf6\xb7\xcb\x5a\xe1\xfa\xab\
\x3f\x36\xb1\x39\x92\x68\xae\xf6\x2f\xc4\x13\xbd\xf3\x2b\x8f\x16\
\x9c\x0a\x68\x91\x0e\x00\x76\xd5\x7f\xc4\xf2\x56\x01\x5c\xee\x5f\
\x84\x3b\x05\x2d\x7f\xf1\x30\xbe\x3a\x0a\x10\x58\x9e\xd4\xeb\x85\
\xd1\x0e\xe9\xec\x91\xca\x2d\xb5\x08\xa4\x7b\x5f\x10\x92\x07\x1f\
\x78\x30\xab\x0d\x90\xa5\xc9\xc9\x44\xe3\xaf\xcd\x0d\xa8\xd0\xda\
\xb0\xbc\x78\x6f\xb4\x55\x4a\xd0\xff\x2b\x08\x17\x86\x77\x50\xca\
\x26\x0f\xaa\xc0\x42\x00\x26\x23\x69\x03\x54\x00\xd3\xc3\xa1\x7f\
\xc3\xdd\x2f\xa1\xfa\x02\x6d\xae\xc3\x00\x0e\x4f\x83\x39\xea\xa6\
\x7c\xf1\x8c\x0e\x3e\xaa\xb0\xa8\x78\x4a\x13\x6c\xa7\xc9\x69\x71\
\x0e\x40\x61\x51\xf1\x00\xe0\xaa\x68\xf7\x9c\x14\x5c\x43\x51\x12\
\x39\xf9\x64\x39\x08\xc9\x1e\x48\xb4\xb9\xa1\x71\xaa\xf9\x5b\x29\
\x42\x7a\x91\xae\x3e\xf8\x7c\x55\x4c\x9b\x36\x2d\xdd\xdb\xc9\xd2\
\x8a\xc8\x44\xe3\x8f\xf2\x61\xf9\x17\x84\x53\x64\x03\x40\x07\xb1\
\x7c\xf3\x00\x1d\x36\xfe\xa9\x19\x3e\xa4\x42\x6b\xd1\xd6\x76\xf6\
\x40\x70\x42\xf8\xf4\xff\x18\x26\x5b\xd1\x76\x64\xce\x19\x75\xc2\
\x7a\x1d\xb4\xb5\x15\xad\x7c\x1c\x8c\x24\x5d\xfd\x12\xc7\x85\xd6\
\x32\x20\xb6\x3d\x78\xb0\xb0\xa8\xb8\xa0\x29\xf6\xd3\x94\xb4\x28\
\x07\xa0\xb0\xa8\x58\x62\x87\x6b\x22\x0e\x75\xe8\xa9\xaa\x38\xbb\
\x09\x42\xff\xb5\x11\xc0\xd9\x35\x51\x80\xdf\x9b\xf4\xd9\x2d\x9d\
\xea\x36\xa3\x7f\x7d\xf0\x01\x5f\x7c\xf1\x45\xba\xb7\x93\xa5\x15\
\x90\x91\xc6\x1f\x8d\xe5\xff\x09\xb4\x89\xe1\xe9\x0f\xd2\x65\x1b\
\x7f\x1d\x40\x7a\xfa\xa7\xa6\xe8\x0f\x40\x87\xc2\x33\x44\xe0\x4f\
\x38\x30\x80\x7f\xa3\xf8\x14\x65\xa7\x2b\x3d\x51\x6b\xae\x77\x41\
\x05\x6d\x29\xf2\xe3\xd3\x68\x8a\xec\x88\x70\xcc\x54\x40\x3b\x62\
\x28\xc9\x36\x47\x5a\x94\x03\x00\xfc\x89\x28\x82\x3f\x02\xb8\xd2\
\xbf\x10\x17\x4d\x3f\x50\xe6\xa0\x9a\x5a\x80\x4d\x49\x75\x04\x64\
\x89\x84\x44\x7a\xfa\x01\xb6\x36\x40\x28\x94\xed\x94\xc8\xd2\x78\
\x64\xa6\xf1\x07\x15\x58\x8a\xb6\xb6\xe3\xc9\xeb\x8d\x70\x74\xc5\
\xf2\xfd\x82\xb6\x4a\x91\xae\x3d\x52\x9a\x3e\x54\x81\xc5\xa0\x83\
\x1c\x89\x64\x00\x82\x15\x68\x1e\xc6\x02\x04\x86\x77\xbf\xc4\x46\
\x09\x87\x55\x4e\xbb\x87\xbb\xa5\xd2\x49\x57\xe5\x67\x6a\xec\x83\
\xe1\xd8\xc2\xa2\xe2\x63\x9a\x62\x3f\x4d\x45\x8b\x71\x00\xc2\x95\
\x9a\x51\x1b\xc3\x4f\x08\xae\x61\x1f\x2b\x3d\xe2\x31\x75\xa3\x00\
\x4b\xd2\xb2\x87\x96\x8a\x30\x3a\x22\x1c\x5d\x59\xb5\x72\x25\xcf\
\x3e\xf3\x4c\xba\xb7\x93\xa5\x85\x92\xa9\xc6\x5f\x5b\xdb\x50\xc1\
\x65\xf4\xee\xdd\x87\xff\x7b\xe7\x79\x72\x9c\x6b\xd0\xe6\x7a\x84\
\xa3\x53\x58\x83\x3f\x85\xcf\x09\xad\x21\x07\xc1\xf9\x18\xf8\x80\
\xdb\x31\x09\x56\x8f\x12\x36\x12\x1b\x25\x6c\x9f\xfe\x35\x27\x22\
\xe3\xae\xfd\x6f\xcc\xd9\xa5\xc7\xc7\x97\x0a\x78\xaa\xb0\xa8\x38\
\x3d\xb3\x9c\x1b\x81\x16\xe3\x00\x60\x87\x67\x22\xfe\xc3\x74\xd6\
\x01\xa6\x24\xd5\x8a\x97\x3a\x86\x21\x19\x80\xb4\x95\xfd\xcc\xcd\
\x69\xdd\x4b\x4b\xc3\x70\xf7\x05\x21\x79\xf4\x91\x47\xd9\xb4\xa9\
\x11\x66\x27\x64\x69\xd5\x64\xaa\xf1\x47\x87\x50\xfe\x9f\x70\x38\
\x1c\x3c\xf2\xd8\xa3\xfc\xf2\xf3\x6c\xca\x4a\x16\x20\x64\x1b\x0c\
\x4f\x43\x27\xfc\xd5\x46\xa1\xfc\x0b\x00\x38\x1f\x83\x76\x08\xee\
\xc3\x64\x35\x1a\x61\x74\x44\xba\xf7\x4c\x70\xdf\x16\x2a\xb4\x1a\
\x2f\x82\x63\x89\xaf\x30\xd1\x02\xbe\x6a\xc4\xe8\xad\x00\xfe\xe4\
\x5f\x84\x33\xfa\x33\x76\x07\x6e\x6b\xb4\x4d\x34\x31\x2d\xc2\x01\
\x28\x2c\x2a\x1e\x4d\x8c\x31\xbf\x97\xf8\x7f\x4b\xc9\xa0\x9f\x86\
\x72\x01\x06\x02\x50\x81\xdf\x68\x5c\x7f\xb6\x95\x21\xbd\x48\x67\
\x6f\x7c\xbe\x2a\xee\x99\x3e\x3d\xdd\xbb\xc9\xd2\x82\xc8\x58\xe3\
\x0f\x58\xfe\x05\x68\xe5\xe7\xba\xeb\xaf\xa3\x74\xfb\x76\xae\xbf\
\xf6\x3a\x84\x74\x63\x78\x07\xd7\x99\x27\xd2\x50\x54\x60\x19\x5a\
\x55\xb2\x1f\x82\x63\x91\xbc\x89\xc5\x97\x28\x90\x9e\xa4\x24\x85\
\x55\x68\x2d\xe8\x10\xc7\x21\x23\x9f\xda\x76\xe2\x03\x14\xeb\x1b\
\xf9\x3b\xb3\x87\xf2\x71\x56\x60\x65\xac\xdb\xfe\x5c\x58\x54\x9c\
\x58\xb1\x43\x86\xd2\xec\x1d\x80\x70\xcf\xff\xa3\xd1\xee\x39\xd4\
\xdc\xc4\xf0\x46\x16\xfc\x89\x97\x42\x04\xa3\x90\x68\x55\x89\x0a\
\xad\x4e\xf7\x76\x5a\x14\xd2\xdd\x1b\xa4\x87\xff\x7b\xe7\x1d\xe6\
\xcd\x9b\x97\xee\xed\x64\x69\x01\x64\xb2\xf1\x57\xa1\x35\x68\x73\
\x23\x87\x1d\x76\x18\x87\x1c\x7a\x28\xe7\x9f\x7f\x3e\x4a\x69\xa4\
\x67\x30\xc8\xd4\x54\xfc\x03\x68\x55\x8e\x0a\x2e\xc3\x09\x5c\x8e\
\x83\xd9\x28\x9e\xc5\x02\x24\x86\x67\x50\x62\x79\x7f\x7b\x45\x74\
\x68\x05\x12\x38\x25\x4e\x13\x54\x01\xbc\x88\x89\x33\xc1\x27\x25\
\xc3\x98\xe0\x4a\x76\x57\x95\xd1\x6e\x71\x00\x8f\x37\xc1\x56\x1a\
\x9d\x66\xef\x00\x00\xd7\x03\x11\x05\xa7\x73\xb5\xc9\x05\xfe\xcc\
\xca\xb9\x9f\x83\x81\x13\x61\x77\x04\x64\xe5\x7d\x53\x88\x81\x11\
\x9e\x3c\x76\xdb\xad\xb7\xa2\x54\xd3\x17\x7b\x66\x69\x39\x64\xb2\
\xf1\xd7\xaa\x02\x1d\x58\x44\x87\x0e\x1d\xb8\xee\xfa\xeb\x39\x7b\
\xf2\x14\x2a\x2b\x2a\x91\x9e\x01\x29\x1e\x40\xa4\x50\xbe\x9f\x00\
\xcd\x94\xb0\x7a\xfe\x34\x2c\x34\x60\x78\xfa\x27\xf5\x2c\x15\x5a\
\x87\x56\x3e\x8e\x4a\x40\xf9\xef\x01\x4c\x4a\x81\xbc\x26\x50\x0a\
\x74\xa0\xb9\xcc\xff\x5b\xac\x27\x1d\x5e\x58\x54\x3c\xb6\xd1\x37\
\xd3\xc8\x34\x6b\x07\xa0\xb0\xa8\xb8\x0f\x70\x5d\xb4\x7b\x26\x07\
\x96\x35\x9a\xd6\x7f\xb2\x74\x46\x70\x16\x32\xdc\x52\x93\x59\xce\
\x49\x73\x47\x38\xba\x20\x8c\x0e\xfc\xf4\xd3\x4f\xcc\x9a\x35\x2b\
\xdd\xdb\xc9\xd2\x4c\xb9\xf7\x9e\x7b\x32\xd6\xf8\xdb\xf9\xf8\x9f\
\xd0\xda\xe2\xf6\x69\xd3\xb8\xf2\x8a\x2b\x58\xb7\x6e\x2d\xd2\xbd\
\x37\xc2\x91\xda\x56\x75\x15\x58\x8a\x56\x15\xec\x83\xe0\x0f\x48\
\x6e\xc4\xc4\x57\x3d\xe5\x2f\x81\x7e\xff\x1d\x68\x74\x70\x19\x02\
\x18\x1f\x67\xee\xff\x03\x54\x4d\xee\xbf\xa9\xb4\x02\xf6\xb5\x4a\
\x39\x26\xb4\x2e\xd6\x6d\xf7\x37\xf7\x82\xc0\x66\xed\x00\x00\xf7\
\x03\x11\xe3\x4f\x85\x56\x39\xc7\xc5\xfe\x47\x4c\x0b\x67\x60\x50\
\x80\xb0\xc3\x78\xc9\x48\x04\x67\x89\x88\x0c\xcf\x09\xb8\x77\xfa\
\x3d\xf8\xfd\xfe\x34\xef\x26\x4b\x73\xe3\xc9\x19\x33\x98\xf1\xc4\
\x13\x19\x6a\xfc\xed\xfa\x21\x6d\x95\x33\x69\xf2\x64\x5e\x7d\xf5\
\x55\x7e\xfd\xf5\x57\xbb\xdd\x2f\x45\x1a\xff\xd5\x54\x0f\x14\x72\
\x01\x57\xe2\xe0\x76\x2c\x36\xa0\x11\x8e\x02\x7b\x8c\x78\x32\x6b\
\x86\xd6\xa3\x55\x15\x87\x21\x6b\xe6\x07\x44\x63\x35\x9a\xc7\xd9\
\x51\xbb\xd5\xb6\x09\x67\x05\x9c\x1d\x58\x46\xdb\xe8\x11\xda\xee\
\xd8\xaa\xb3\xcd\x96\x66\xeb\x00\x14\x16\x15\x1f\x4e\x94\xc2\x3f\
\x01\x5c\x1c\x58\x8c\xcc\xd0\x42\x3b\x37\x70\x11\x06\xf6\xcc\xee\
\x85\xe9\xde\x4e\x8b\x42\xc8\x36\x48\x67\x0f\x36\x6d\xda\x98\x6d\
\x0b\xcc\x92\x10\x4f\xce\x98\xc1\x3d\xd3\xa7\x23\x84\x0b\xc3\x3b\
\x2c\xe3\x8c\xbf\x36\x37\xa3\x82\xab\xe8\xb7\xef\xbe\x6c\xdc\xb0\
\x81\xff\x7d\xfd\xb5\x3d\xe0\x27\x9c\xfa\x4a\xe1\x83\xc2\x03\x85\
\x34\xc5\x18\xbc\x84\xc5\x2f\x28\x84\x6c\x6b\xab\x0c\x26\x85\x42\
\x05\x97\x22\xa1\x66\x7e\x40\x34\x42\xc0\x1d\x58\x04\xd1\x35\xd2\
\xc2\x9d\x93\x7c\x72\x32\xb4\xd1\x21\xce\x0e\xc4\xec\x1c\xfb\x73\
\x38\x12\xdd\x2c\x69\x96\x0e\x40\x58\xf1\x2f\xaa\x2a\xd3\xd1\xa1\
\xf5\xec\x9d\xa6\x9e\xff\x78\x39\x18\xc9\xb0\xf0\xb8\x60\x15\x5a\
\x93\xee\xed\xb4\x28\xa4\x7b\x2f\x10\x06\x33\x9e\x98\xc1\xd6\xad\
\x99\x51\x00\x9a\x25\xb3\x79\xe0\xfe\xfb\x6b\x8c\xbf\xcc\x19\x9a\
\xe2\x5c\x7a\x0a\xd0\x7e\x54\xe0\x17\x3c\x5e\x2f\x5d\x0a\x0a\xf8\
\xe8\xa3\x8f\x10\x46\x47\x0c\x4f\x51\xca\x1f\x55\x3d\x50\x68\x38\
\x92\xb5\xb0\xa3\xe2\x3f\x67\x70\xd2\xf3\x04\x54\x68\x2d\x5a\x55\
\x71\x14\x92\xdd\xe2\x38\xc9\x3f\x89\xc5\x32\x14\xd2\xb5\x07\x42\
\xba\x91\x40\xa7\x26\x8c\x00\x40\x5c\x76\xc4\x05\xdc\xdb\x44\xdb\
\x49\x39\xcd\xd2\x01\x00\xa6\x02\x11\xdd\xd0\x3c\x6d\xc6\xa3\xea\
\x94\x11\x5c\x5a\x53\x10\xf8\x1b\xe8\x40\xba\xb7\xd3\x72\x10\x1e\
\xa4\xb3\x17\x55\x55\x95\x3c\xf4\xe0\x83\xe9\xde\x4d\x96\x0c\xe7\
\x9e\xe9\xd3\x79\xec\xd1\x47\x77\x18\x7f\xd9\x26\xdd\x5b\xda\x09\
\x8d\xe5\x9b\x8f\x56\x41\x7a\xf7\xea\xc5\xe7\x9f\x7f\x6e\x9f\xc6\
\xbd\x03\x49\xf5\xd7\xb8\x0e\xad\x47\x85\xd6\x62\x08\x27\x3d\x90\
\xcc\xc2\x0a\xa7\x43\x86\x24\x34\xe4\xa7\xee\xa2\x16\x2a\xb0\x14\
\x83\xf8\x4e\xff\x5f\xa0\xf8\x47\x78\x82\xa1\x74\xf7\x45\xab\x2a\
\xba\x20\x9a\xd8\xfc\x83\x40\x73\x71\x60\x71\xac\xe7\x9e\x5a\x58\
\x54\x3c\xb2\x69\x76\x94\x5a\x9a\x9d\x03\x50\x58\x54\xdc\x16\xb8\
\x3b\xda\x3d\x13\x82\xcb\x69\xd3\x4c\xaa\xeb\xbb\x21\x98\x84\x04\
\x6d\x62\xf9\x17\xa5\x7b\x3b\x2d\x0a\xe9\xea\x0d\xc2\xc5\x6b\xaf\
\xbe\xca\xd2\xa5\xcd\xc3\x21\xcc\xd2\xf4\xec\xa8\xf6\xcf\x54\xe3\
\x6f\xab\x87\x6a\x6b\x3b\x86\xc3\xc1\xc2\x85\x0b\x11\xd2\x1b\x3e\
\x8d\xa7\xae\xd7\x1f\x40\xab\x2a\xac\x80\x2d\xf8\xa3\x1c\x9d\x99\
\x85\x89\x2d\xf3\x3b\x08\x21\xf3\x92\x5e\x57\x85\x56\x80\x0e\x70\
\x22\x06\x5d\x62\x98\xd3\xb5\x68\xee\xc3\x42\x08\x07\xd2\xb3\x3f\
\xa8\x20\x68\x93\xde\x4d\x6e\xfe\x6d\x0a\xad\x72\xfe\x18\x8a\x39\
\x6d\xf4\xe1\x70\x64\xba\x59\xd1\xec\x36\x0c\x5c\x0b\x74\x8a\x74\
\x71\x37\x55\xc5\xf1\xc1\xb5\x4d\xb8\x9d\x86\x73\x3a\x06\xbd\x10\
\xf6\xb4\xc0\xac\x42\x60\xea\x10\x06\xd2\xbd\x17\x4a\x29\xee\xbb\
\xb7\xd9\x46\xe9\xb2\x34\x12\x5a\x6b\xee\xba\xf3\xce\x1a\xe3\x6f\
\x64\xa8\xf1\xd7\xe6\x16\x54\xd0\x1e\x25\x6e\x99\xa6\x1d\x0e\xf7\
\x0e\x4d\xfe\x34\x1e\x11\x85\xf2\xcf\x07\x6d\x21\x64\x5b\x74\x68\
\x3d\xb6\xf1\x1f\x80\x30\x3a\x24\xbf\xac\x0e\xa0\x82\xcb\xf1\x22\
\x98\x10\xe3\xf4\x1f\xc0\x96\x17\xf6\xa3\x91\x9e\x22\x84\xcc\xa9\
\x99\xa0\xda\x2b\x4d\x0e\x00\xd8\xdd\x64\x31\x84\xe4\x06\x03\x13\
\x9a\x68\x3b\x29\xa3\x59\x39\x00\x85\x45\xc5\x5d\x81\x3f\x47\xbb\
\xa7\x38\xf0\x7b\xb8\x5b\x35\xf3\xf0\x01\x4f\xa3\xb8\x17\xb3\xce\
\x0e\x1d\xd8\x55\xb6\x02\x5b\xd9\x0b\x6d\xa6\x67\x83\x2d\x10\xe9\
\xec\x89\x90\x39\x7c\xf4\xe1\x87\xfc\xf2\xf3\xcf\xe9\xde\x4e\x96\
\x0c\x41\x6b\xcd\x2d\x37\xdd\xc4\x33\x4f\x3f\x8d\x90\x1e\x8c\x9c\
\x03\x32\xd2\xf8\xdb\x79\xff\x1d\xef\x5b\x21\x9d\x48\xef\x10\x84\
\x4c\x7d\xf7\x99\xf2\xff\x86\xb6\xca\x00\x81\x56\x15\x80\x46\x7a\
\xf6\x41\x38\xba\x36\x6c\xdd\xc0\xef\xa0\x2d\x26\xc6\x31\xf2\xf7\
\x61\x4c\x96\xa1\x91\xae\xdd\x11\x8e\x2e\x00\x68\xab\x14\xb0\x45\
\xd4\xd2\x45\x7b\x1d\xe4\xcc\x60\x4c\x85\xc0\x3b\xc3\xc2\x74\xcd\
\x86\x66\xe5\x00\x00\xd3\x88\xa2\xf7\x3f\xd4\x2c\x61\x68\x86\x28\
\xfe\xd5\x87\x0f\xcd\x9b\x98\xfc\x1b\xc5\x07\x3b\xe9\x4d\xef\x83\
\xe0\x74\x0c\xd0\x01\xac\x40\xb6\x2b\x20\x75\x08\xbb\x20\x10\xb2\
\x51\x80\x2c\xc0\x0e\xe3\xff\xca\x2b\xaf\x20\xa4\x07\xe9\x1d\xd6\
\x28\x06\xb5\xe1\xec\xc8\xfb\x03\x08\x61\x20\x3d\x43\x1a\xc5\x51\
\xd1\xe6\x7a\x54\x68\x55\xcd\x73\x41\x21\x5d\x7b\x22\x9d\xbb\x37\
\x6c\x5d\xab\x0c\x15\x5a\x43\x17\x04\x27\xc7\x38\xfd\xff\x03\x8b\
\x8f\x51\x08\x23\xbf\xce\x10\x23\xad\x6c\x07\x60\xef\x34\x3a\x00\
\x00\xa7\x04\x57\x53\xa0\xa2\xb6\x15\xf7\x04\x2e\x6a\xa2\xed\xa4\
\x84\x66\xe3\x00\x14\x16\x15\xf7\xc5\x2e\xfe\xab\x17\x89\xe6\xdc\
\xc0\xef\x4d\xb8\xa3\xc4\xc9\xad\xf5\x06\x7e\x06\x8b\xed\x3b\x45\
\x2a\xa6\x60\xd0\x03\x81\x0e\xad\xcb\xa6\x02\x52\x88\x70\x74\x45\
\xc8\x36\x7c\xf9\xe5\x97\x7c\xfb\xed\xb7\xe9\xde\x4e\x96\x34\xd2\
\x7c\x8c\xff\x8e\xbc\x3f\x00\x42\x22\xbd\x83\x1b\xa5\x2d\x51\xab\
\x0a\x3b\xf2\x58\x0b\xe9\xda\xa3\xc6\x71\x6e\x08\x2a\x7c\x98\xb9\
\x18\x23\xaa\x8c\xef\xaf\x68\x9e\xc0\x0a\xb7\x5f\xd6\x2e\x6c\xd4\
\x68\x6b\x3b\x1d\x11\x74\x4e\xb3\x03\xe0\x42\x71\x4e\xec\xe2\xf2\
\x1b\x0b\x8b\x8a\xdb\x35\xc5\x7e\x52\x41\xb3\x71\x00\x80\xe9\x44\
\xd9\xef\x1f\x42\x1b\xd8\x23\xba\x7e\x73\x44\xda\x5f\x7c\x01\xce\
\x5e\xa9\x15\xd1\xa8\x0f\x37\xd4\xf8\xc0\x15\x68\x66\x52\x37\xa7\
\xe4\x02\xae\xad\x93\x0a\x68\x1e\x85\x8c\x99\x8f\x40\xba\x0b\x81\
\x6c\x14\xa0\x35\x63\x59\x16\x57\x5e\x71\x45\xd8\xf8\xe7\x84\xc3\
\xfe\x99\x69\xfc\x6b\xe7\xfd\x41\x60\x78\xf6\x6f\x58\x1e\x3e\xf2\
\x83\x50\xbe\x1f\xa1\x56\x7e\x5b\x3a\x7b\xa4\x44\x57\x40\x85\xd6\
\xa2\xad\xed\x0c\x45\x72\x60\x14\x53\x53\x82\xe6\x36\x4c\x7b\xba\
\x80\x77\x7f\x10\x3b\xa2\xe8\xda\x2a\x05\x6d\x32\x30\xcd\xc6\xbf\
\x9a\x43\xcc\x4d\xf4\x0b\xa7\x24\x22\xd0\x01\xb8\xba\x89\xb6\xd3\
\x60\x9a\x85\x03\x50\x58\x54\x3c\x98\x28\xa2\x3f\x2e\x14\x13\x03\
\xcb\x23\x5d\x8e\x49\xf0\xf7\xa5\xec\xfe\xe9\x87\x74\xbe\xeb\x76\
\x1c\xdd\x1a\x96\xef\x8a\x45\x3e\x02\x84\x03\x21\xbd\x7c\x8c\xe2\
\xbb\x9d\x52\x01\xfd\x10\x9c\x51\x9d\x0a\xd8\xc9\x2b\xcf\x92\x3c\
\xc2\xd1\x19\x61\xb4\x63\xee\x9c\x39\x7c\xf1\xc5\x17\xe9\xde\x4e\
\x96\x26\xa6\xda\xf8\xff\x7d\xd6\xac\xb0\xf1\x1f\x56\xc7\xd0\x64\
\x14\x75\xf2\xfe\x02\xc3\xb3\x5f\xca\x25\x7e\xab\xb1\xfc\x3f\xa1\
\x6b\x1d\x9c\x84\xa3\x2b\xd2\xd3\xbf\xe1\x0b\xeb\x10\x2a\xb0\x18\
\x03\xfb\xf4\x1f\x89\x10\x70\x2b\x16\x25\x68\xa4\xbb\xef\x2e\x4e\
\x8e\xb6\xec\x94\xee\xfe\x19\x62\xaa\x04\x30\x35\x3e\x71\xa0\xc6\
\x35\x24\x29\x22\x33\x7e\xab\xb1\x89\xda\xf6\x77\x72\x70\x35\x1d\
\x1b\xd0\x43\xef\x9f\xfb\x23\x18\x06\x6d\xc7\x8d\x65\xf7\xcf\x3f\
\xa6\xd3\x2d\x37\x60\x74\x68\x9f\xf4\x7a\xd1\xe8\x08\xa0\x4d\xa4\
\xdb\xfe\x90\x3d\x88\xc5\xce\x71\x8b\xc9\x18\xf4\x46\xa0\xcd\x8d\
\xe8\x0c\x95\x32\x6e\x8e\x48\x97\x1d\xd2\xcc\xea\x02\xb4\x2e\xaa\
\x8d\xff\x3f\xde\x7d\x37\xf3\x8d\xff\x4e\x79\x7f\xe9\xd9\x17\xe1\
\xec\xd6\x28\x4f\x52\x81\xdf\xeb\xa4\x1a\x85\xa3\x33\x86\x77\x3f\
\x12\x1d\xed\x5b\xff\xda\x8b\x41\x07\x39\x0b\x83\x9e\x51\xd6\x7b\
\x10\x93\x45\x28\x5b\xcd\xd0\xd5\x7b\x97\xeb\xda\xdc\x02\xc0\xb0\
\x0c\x89\x00\x00\x14\x59\xdb\x19\x16\xbd\xd6\x2c\x07\x7b\x48\x5d\
\xc6\x93\xf1\x0e\x40\x61\x51\xf1\x08\xe0\x8f\x91\xae\xb7\xd1\x21\
\xce\x08\xae\x8a\x74\x39\x26\x9e\xc1\x83\xe8\xf1\xf6\x6b\x35\x7f\
\x16\x6e\x37\xf9\x53\xa7\xb0\xfb\x7f\x3f\xa7\xc3\x15\x97\x21\xdb\
\xa6\x56\x0d\xac\x43\xf5\x1b\x59\xe6\x20\x9d\xbb\xb1\x15\xcd\x53\
\xd4\xad\xfa\x77\x02\x37\xe0\xc0\x01\x58\x81\x85\x68\xe5\x4b\xe9\
\x1e\x5a\x2b\xc2\xd1\x11\x61\xe4\x33\xff\xc7\x1f\xf9\xf2\xcb\x2f\
\xd3\xbd\x9d\x2c\x4d\x40\x28\x14\xe2\xb2\x3f\xfd\x29\x6c\xfc\xf3\
\x30\x72\x86\x67\xb0\xf1\xaf\x9b\xf7\x97\x9e\x7d\x91\xce\x9e\x8d\
\xf2\x1c\x6d\x6e\x44\x05\x77\xe4\xb3\x85\xd1\x01\xc3\xb3\x3f\xa9\
\x30\x09\xda\xda\x86\x0a\xad\xa1\x1b\x82\xb3\xa2\x9c\xfe\xdf\xae\
\x29\xfa\x6b\x8b\x51\x5f\xd4\x41\x07\xd1\x56\x29\x7d\x10\x4d\xae\
\x00\x18\x8b\xb3\x03\xcb\x62\xed\xa8\xb8\x39\x44\x01\x32\xde\x01\
\x00\x6e\x8b\x76\xf1\xcc\xe0\x2a\x72\x93\x6c\x9b\xcb\x3b\xee\x58\
\xba\xbf\xf9\x0a\xce\x3d\x76\xa7\xea\xab\xff\xb2\xe5\x96\xdb\x58\
\x3b\xe6\x2c\xd6\x9c\x70\x2a\x1b\x2f\xfd\x33\xc2\xe5\xc2\xdd\x2f\
\xb5\x1a\xdb\x35\x22\x18\xda\x67\x87\xbc\x84\x87\x7f\xa1\xf8\xdf\
\x4e\xa9\x80\x5e\x08\xce\xc1\xa8\xa3\xc9\x9d\xa5\xe1\x54\x47\x01\
\x66\x3c\xde\x22\xc6\x79\x67\x89\x42\x28\x14\xe2\xa2\x0b\x2f\xe4\
\x83\xf7\xdf\x0f\x1b\xff\x61\x8d\xd0\x3b\x9f\x3a\x6a\xe7\xfd\x6d\
\xe3\xbf\x5b\xe3\x3c\x47\x95\xa1\xfc\xb5\x5a\x0b\x8d\x7c\x0c\x6f\
\xf2\x12\xbf\x75\x51\xa8\x70\xea\xf2\xcf\x18\x11\x27\xb5\x7d\x8f\
\x62\x66\x4d\xd1\xdf\x20\xa8\xc7\x51\x50\xe6\x26\x40\x47\xad\x1f\
\x48\x17\xbd\x55\x05\x47\x84\x36\x46\xbb\xc5\x43\x33\x18\x14\x94\
\x59\x6e\xd5\x4e\x84\x07\xfe\xfc\x27\xd2\xf5\xf6\x3a\xc8\x0b\x15\
\xdf\xe0\x22\xf1\xb9\xef\xb9\x7f\x38\x92\x2e\x33\x1e\x23\xb8\xe0\
\x57\x36\x5d\x7b\x03\xc1\x45\xbf\x35\x60\xa7\xf1\xf3\x16\x16\x33\
\xb1\x90\x9e\x22\xa4\xb3\x07\xda\x2a\xc1\xaa\xfa\x81\x36\x08\x9e\
\xc6\x41\xc7\x5a\xff\x24\x1a\xb8\x1e\x93\x39\x28\xa4\xab\x4f\x4d\
\x21\x5b\x96\x86\x61\x55\x7d\x8b\xb6\x4a\x79\xf5\xf5\xd7\x19\x31\
\x62\x44\xba\xb7\x93\xa5\x11\x08\x04\x02\x5c\x72\xf1\xc5\x7c\xfa\
\xc9\x27\xb5\x8c\x7f\xc4\xc1\xa1\x19\x80\xc2\xac\xf8\x02\x74\x10\
\xe9\xee\x5b\x6f\x38\x3c\x25\xe8\x80\xfd\xfe\x0f\xb7\xb3\xd9\xc6\
\x7f\x68\xca\x14\x05\x55\x60\x09\x2a\xb8\x8c\x3f\x22\xb9\x9a\xfa\
\xd7\x5c\x86\xe6\xcf\x98\xf8\x00\x23\x67\x38\xc2\xa8\xbf\x68\xde\
\xf2\xcd\x46\x9b\x5b\x99\x89\x33\x6d\x2a\x80\xd1\xd8\x20\x3d\x9c\
\x97\x3b\x02\x33\xf2\xde\x4c\x60\xcf\x25\xbf\xcc\x4c\x3e\x44\xdd\
\xc8\x64\x9e\x6b\x55\x97\xa8\x1e\xd4\x19\xc1\x55\x49\x19\x7f\x47\
\xb7\x6e\x14\x3c\xfc\x00\xfe\xef\x7f\x60\xed\xd8\x09\x09\x19\x7f\
\xe1\x74\xe2\x19\x36\x84\xbc\xe3\x8e\x25\xe7\xd0\x43\x90\xed\x12\
\x6b\xcb\xa9\xc9\x87\xa9\x0a\x7b\x3d\xa3\x03\xd2\xd5\x9b\x72\x34\
\xf7\x60\xd5\x39\xe7\x0b\xe0\x3a\x0c\xf2\x11\xa8\xe0\xb2\x9a\x82\
\x98\x2c\x0d\x43\xba\xf6\x04\xe0\x89\x6c\x14\xa0\x45\xe2\xf3\xf9\
\x98\x3a\x65\x8a\x6d\xfc\x8d\xfc\x66\x60\xfc\x01\x24\x86\xa7\x08\
\xe9\xde\xbb\x11\x8d\xbf\x85\xe5\x9b\xdb\x68\xc6\x5f\x5b\x65\xa8\
\xe0\x72\xf2\x11\x5c\x10\xc1\xf8\x97\xa0\xb9\x09\x13\x1f\x1a\xc3\
\x53\x14\xd1\xf8\xa3\x03\x68\xb3\x84\x9e\x88\x8c\x34\xfe\x00\x5d\
\x95\x3f\x96\x44\xb0\x03\xb8\xb1\x89\xb6\x93\x14\x19\xeb\x00\x84\
\x73\xff\x87\x47\xba\xde\x41\x07\x19\x9d\xa4\xe4\x6f\xfb\x4b\x2e\
\x00\x60\xd3\x15\x57\xa3\x7d\xf1\xe5\xd7\x9d\x7b\xec\x4e\xa7\xdb\
\x6e\xa1\xd7\x8f\xdf\xd3\xe3\xad\xd7\xe8\xf2\xf8\xc3\x74\xfb\xdb\
\xb3\xf4\x9e\xfb\x1d\x5d\x67\x3c\x8a\x73\xb7\xf8\x72\x75\x7b\x84\
\xdf\xcc\xb5\x2b\x6f\xa5\x7b\x2f\x84\x6c\xcb\x5c\x14\x6f\xec\xd4\
\x1a\xd8\x0e\xc1\xf5\x18\x76\x6b\xa0\xef\x67\xd0\xc1\xb8\x9e\x93\
\x25\x32\xc2\xd1\x19\x21\xf3\xf8\xef\x57\x5f\xf1\xeb\xaf\xbf\xa6\
\x7b\x3b\x59\x52\x48\x79\x79\x39\x93\x27\x4e\xe4\x9b\x6f\xbe\x41\
\x18\xed\xc2\x06\x2e\xd3\x8d\xbf\x8d\x70\x74\x46\xba\x7a\x35\xd2\
\xea\xda\xae\xf8\x0f\x4f\xb6\x4b\xb5\xf1\xb7\xc7\x9a\xff\x02\x68\
\x2e\xc7\xa0\x3e\xa9\xa2\x00\x70\x33\x26\x9b\xd1\x48\x57\x1f\x84\
\xb3\x7b\xc4\xd5\x54\x68\x3d\xa0\xf9\x43\xe6\x9a\x28\x00\xce\x0c\
\xae\xc4\x11\x3d\x3d\x3b\xb5\xb0\xa8\xb8\x71\x0a\x39\x52\x40\x26\
\xff\x76\xa3\x7a\x4e\xe3\x02\x2b\x92\x3a\xfd\xcb\xdc\x1c\xda\x9c\
\x76\x0a\xe5\xaf\xbf\x89\xb9\x21\x6a\x0e\xc7\xbe\x3f\x2f\x8f\x4e\
\xb7\xdc\xc0\x6e\x9f\x7e\x48\xfe\xe4\x09\xc8\xdc\xdc\x9d\x6e\x90\
\xe4\x1e\x7b\x34\x3d\x3f\x78\x17\xef\x41\xb1\xc3\xc9\x5d\x11\x38\
\x01\x6d\x95\xd7\x5e\x04\xe9\x1d\x80\x10\x06\xcf\x61\xf1\xd3\x4e\
\x6f\xa8\x21\xc8\x1d\xad\x81\xbe\x6c\x3d\x40\x2a\xa8\x3e\x65\xcd\
\x7c\xea\xa9\x34\xef\x24\x4b\xaa\x28\x2d\x2d\x65\xe2\x84\x09\xcc\
\x9e\x3d\xdb\x2e\x6a\x4b\xa9\x81\x6b\xde\xa8\xc0\x6f\x68\x73\x13\
\xd0\x18\xc6\x3f\xdc\x51\xa0\xca\x39\x14\xc9\xc1\xf5\x98\x15\x05\
\xdc\x8d\xc9\x62\xb4\xdd\x6a\x18\x23\x9d\xa9\x43\x6b\x11\xc0\x51\
\x19\x6d\xa2\xa0\x20\xbe\x28\x40\xc6\xea\x02\x64\xe4\x6f\xb7\xb0\
\xa8\x78\x20\x70\x7c\xa4\xeb\x9d\x75\x80\xa3\x63\x4f\x67\xaa\x17\
\xf7\xe0\x41\x08\x8f\x07\xdf\xb7\xdf\xc5\xbc\xd7\x7b\xe0\x08\x76\
\xfb\xe8\x3d\xf2\xa7\x4e\x41\x38\xa2\x7f\x58\x64\x9b\x36\x74\x7d\
\xe6\x29\x9c\x7d\xa2\x87\xef\x24\xb0\x27\x02\xb4\xbf\xce\x69\x5e\
\xc8\x5c\xa4\xa7\x3f\x1a\xb8\x03\x93\x92\x9d\x8c\xfc\xd9\x18\x14\
\x21\xd1\xd6\x56\x54\x33\x19\x75\x9c\xc9\x08\x67\x37\x10\x1e\xfe\
\xf9\xde\x7b\xac\x5d\xdb\xbc\x86\x47\x65\xd9\x95\x92\x92\x12\xce\
\x18\x33\x86\x9f\xe6\xcf\x0f\xb7\xb3\xa5\xaa\xa8\xad\xf9\xa3\x82\
\x2b\x51\x61\x1d\xfb\xc6\x30\xfe\xda\xda\x8e\x0a\x2e\xc7\x2d\x1c\
\x5c\x16\x21\xf4\x3f\x03\x8b\xaf\xc3\x32\xbf\x86\xa7\x28\xe6\x7a\
\x5a\x55\x30\x08\x49\x41\x86\x86\xff\x6b\x13\x47\x14\xe0\xdc\xc2\
\xa2\xe2\x88\x03\xec\xd2\x49\x46\x3a\x00\xc4\xe8\xa1\x3c\x2d\xb8\
\x0a\x47\x12\xa7\x7f\x00\x67\x0f\x3b\xec\x64\x14\x44\x16\xd6\x90\
\xb9\xb9\x74\x9a\x76\x2b\xdd\x5f\xfb\x1b\x8e\x1e\x3d\xe2\x5e\x5b\
\xe6\x78\xe9\x74\x6b\xec\x94\x4f\xdf\xea\x34\xc0\x4e\x8a\x52\xc2\
\xd1\x0d\xe9\xdc\x9d\x6d\x68\xee\xc2\xaa\xd3\x1c\x68\x00\x23\x1d\
\xdd\x41\xb8\x50\xc1\xa5\x35\xfd\xb1\x59\x92\x45\x20\x5d\xbd\x50\
\x4a\xf1\xfc\xb3\xcf\xa6\x7b\x33\x59\x1a\xc0\x86\xf5\xeb\x39\x73\
\xcc\x18\x96\x2c\x5e\x8c\x70\x14\xd8\x52\xb2\x59\xe3\x0f\x80\x36\
\x37\xa0\x02\xf6\x98\xf1\xc6\x30\xfe\x68\x2b\xdc\x51\xa0\x31\x3d\
\x03\x58\x66\xec\xaa\x9f\xf2\x26\x16\x7f\xc7\xb2\x35\x18\xe2\x70\
\xcc\xaa\x67\x12\x9c\x90\xb1\xe6\xa9\x2e\x71\x44\x01\x72\x80\xcb\
\x9a\x68\x3b\x09\x91\x71\xbf\xe1\xc2\xa2\xe2\xbd\x80\x33\x22\x5d\
\xcf\xd7\x21\x8e\x0d\x26\x2f\x8e\x23\x5c\x76\x3e\x30\xef\xf8\x63\
\x41\xec\xea\x5d\xe6\x49\x8c\x76\xdd\x00\x00\x20\x00\x49\x44\x41\
\x54\x1c\x32\x92\xdd\x3e\xf9\x80\xfc\x89\xe3\x93\x5a\x3f\xe7\xb0\
\x43\x71\xf6\xee\x15\xf5\x9e\xbd\xc3\xbf\xf6\x1a\x9d\xef\x5a\x48\
\xcf\xde\x08\xa3\x2d\xf3\x51\xcc\xa8\xe5\x02\xac\x97\x5e\x5e\xf6\
\xec\x83\xe1\x1d\x00\x08\x2c\xff\x4f\x90\xd5\x07\x68\x10\xd2\xd9\
\x03\x84\x83\x37\xdf\x7c\x93\xaa\xaa\xaa\x74\x6f\x27\x4b\x12\xac\
\x59\xb3\x86\x33\xcf\x3c\x93\xa5\x4b\x97\x22\x9c\xdd\x76\xd2\x91\
\x6f\xdd\x68\xab\x04\x2b\xdc\xee\x67\xa7\x44\x86\xa5\x3c\x25\xa2\
\x02\x8b\xd0\xaa\xca\x9e\xba\xe9\xe8\xcc\xfd\xde\x7e\x54\xd6\x7a\
\xc6\x67\x28\x9e\xc6\x42\x08\x7b\x8a\x61\xcc\x7a\x0c\x1d\x44\x87\
\x36\xd2\x01\x91\x91\xed\x7f\x91\x38\x33\xb8\x12\x19\x3d\x0a\x70\
\x49\x61\x51\x71\x5e\x53\xed\x27\x5e\x32\xf1\x37\x7c\x65\xb4\x8b\
\xa7\x06\x57\x27\x95\xfb\xaf\x26\xb4\xc2\xf6\x2e\xbd\x23\x0e\xa0\
\xcb\x23\x0f\xe0\xdc\x63\x77\x84\xcb\x85\x67\xc8\x60\xba\x3c\x7c\
\x3f\xdd\x5e\x7a\x0e\x47\xb7\xe8\xca\x5b\x3a\x14\xa2\xf4\xb9\x17\
\x58\x7b\xea\x99\xac\x18\x3c\x82\xf5\x93\xcf\x25\xf0\xeb\x8e\x09\
\x7e\xb9\x47\x8d\x8a\xfa\xfa\xfd\x6a\x22\x00\xdb\xea\xb9\x2a\x31\
\xbc\x83\x10\xc2\xc5\x3f\xc2\x53\x03\x35\xf0\x90\x67\x1f\xfc\xc2\
\x40\x18\x1d\xed\x21\x1d\x3a\x84\xe5\xff\x11\x88\x3a\xa3\x3a\x4b\
\x34\x84\x03\xe9\xec\x4e\x45\x45\x05\xb3\x66\xcd\x4a\xf7\x6e\xb2\
\x24\xc8\xb2\x65\xcb\x38\xfd\xd4\xd3\x58\xbd\x6a\x15\xd2\xd9\x13\
\xc3\x93\x1a\x15\xbb\x96\x80\xb6\xca\x50\xbe\x79\xa0\x55\xd8\xf8\
\xa7\x3e\x25\xa2\xcd\x8d\xa8\xd0\x1a\x84\xcc\xa9\x99\x1d\xb0\x45\
\xb8\x79\x32\x9c\xdf\x9f\x8b\xe2\x1e\x4c\x04\xe1\x41\x46\x71\xcc\
\x5d\xb0\x53\x15\x8a\x93\x90\x31\x66\x07\x66\x16\x05\xca\x1f\x4b\
\x17\xa0\x1d\x70\x41\x13\x6d\x27\x6e\x32\xea\xd3\x12\xce\x93\xac\
\xc6\x16\x51\xd8\x85\x5c\x6d\xf2\xb7\xca\x6f\xc8\x49\x52\xf8\x07\
\xec\x5c\x7d\xaf\x39\xdf\xd4\x44\x02\x12\xa5\xea\xcb\xaf\xd8\x72\
\xeb\x34\x42\xcb\x57\xd4\x5d\x37\x37\x97\x9e\xef\xff\x1d\x67\xaf\
\x3d\x28\x7b\xf5\x0d\x36\xdf\x70\x73\xd4\x75\xce\x24\x44\x09\x02\
\x47\x9b\x51\xd4\x27\x82\xa1\xad\xed\xa8\xaa\xef\x91\x68\x4e\x71\
\x74\xe3\xef\xde\x01\x75\xae\x5b\xbe\xb9\x68\x73\x33\xc2\xd9\x3d\
\xfc\xc5\x97\x25\x19\xb4\xaa\xc4\xaa\xfc\x2f\x7b\x15\x16\xf2\xef\
\x8f\x3f\x4e\xf7\x76\xb2\xc4\xc9\xc2\x85\x0b\x19\x7f\xd6\x38\xb6\
\x6f\xdf\x16\x9e\x5c\x97\x5a\xc1\xae\xe6\x8c\x56\x95\x58\x55\xdf\
\x83\x0e\x86\xeb\x21\x1a\x21\x2a\xa2\xfd\x98\x95\xff\x03\x6d\x62\
\xe4\x8c\x40\x18\x75\x15\x53\xcf\xab\x9a\xc3\xf3\xd6\x56\xfc\x68\
\xfb\x40\x13\xcf\x2c\x03\x6d\x61\x56\x7e\x81\x4b\x9b\xbc\x8e\xb3\
\xde\x4e\x82\x4c\x66\x95\xcc\xe5\x82\xdc\xe1\xd1\xe2\x00\x6b\x80\
\xde\x4b\x7e\x99\x99\xbc\x01\x4b\x31\x99\x16\x01\xb8\x80\x08\xc6\
\x1f\xe0\xc4\xd0\x9a\x06\x19\x7f\x00\x55\x5e\x4e\xc5\xbb\xef\x25\
\xfc\x3a\x73\xe3\x26\x36\x5c\x70\x09\xeb\x27\x9d\xb3\x8b\xf1\x07\
\x50\x95\x95\x94\xbd\xf1\x76\xdc\xeb\x0d\x46\x00\x0a\x6d\xd6\x17\
\x05\x00\x61\xb4\x43\x78\xfa\x63\x01\xef\x58\x5b\xea\xb4\x0d\x02\
\x18\x9e\x01\x08\x99\x8b\x0e\xad\x43\x35\x40\x0a\xb9\xb5\x23\x64\
\x2e\xc2\xd1\x91\xdf\x97\x2c\xe1\x87\xef\xbf\x4f\xf7\x76\xb2\xc4\
\xc1\xbc\x79\xf3\x38\xe3\xf4\x31\x61\xe3\xbf\x67\xd6\xf8\xef\x84\
\xf2\x2f\xb0\x8d\xbf\xb3\x5b\x58\x65\x2f\xd5\x5f\xf3\x3a\xdc\x92\
\x1c\x42\xba\x0b\x77\x31\xfe\x5a\x55\xf2\x94\x2a\xc5\x8f\x46\x7a\
\xfa\xc7\x3d\xc8\x48\x85\xd6\x80\x0e\x71\x0c\xa2\xd9\x19\x7f\x80\
\xdd\x55\x25\x23\xa2\xd7\x66\xf5\x24\x4a\x7a\x3b\x1d\x64\x8c\x03\
\x50\x58\x54\xec\x02\x2e\x8d\x74\xdd\x89\xe2\xc4\x24\xfb\xfe\x77\
\x66\xeb\xf4\xfb\xb1\x36\x6f\x8e\x7d\x63\x98\xf2\x77\x66\xb1\xfa\
\x0f\xa3\xa9\xfc\xf0\xdf\x51\xef\x0b\xfc\xf2\x0b\x00\xd6\xa6\x4d\
\x31\xd7\x1c\x5a\x53\x07\x10\xf9\x0d\x23\x9d\x3d\x90\xae\xde\x68\
\x1d\x42\xf9\xe6\xd6\xd5\x00\x10\x0e\xa4\x77\x10\x42\x38\xec\x3c\
\x9c\x55\x12\xc7\x4f\x92\xa5\x3e\xaa\x25\x57\xdf\x78\xe3\x8d\x34\
\xef\x24\x4b\x2c\xfe\xf7\xf5\xd7\x8c\x1b\x3b\x96\xca\xca\x0a\x5b\
\x34\x27\x05\x33\xeb\x5b\x1a\xd2\xd3\x1f\xe9\xda\xa3\xd1\x52\x22\
\x2a\xb0\x14\x6d\x95\x60\xb8\x3a\xed\xaa\x5b\xa0\xfd\x58\x55\xb3\
\x51\x61\xe7\x20\xfe\x59\x06\x16\x2a\xb8\x1c\x03\x38\xb3\x59\x05\
\xff\xeb\x32\x36\xdc\x6d\x11\x85\xa8\x29\xee\xa6\x26\x63\x1c\x00\
\x60\x12\x10\xd1\x55\x1c\x15\xda\x48\xbb\x14\x89\xe0\x58\x5b\xb6\
\xb0\x6e\xfc\x14\x42\x4b\xa3\x8f\x75\x0c\xfe\xb6\x98\xf5\x93\xce\
\x61\xd3\x95\xd7\xa2\xca\xca\x62\xae\x2b\x73\xec\x1c\x97\xef\xdb\
\xd8\x27\xc9\xa1\x48\x04\xd4\x99\xc6\x55\xef\x9a\xee\xbe\x08\x47\
\x57\xb4\xaa\xc2\xf2\xcd\xa3\x76\xce\x5f\xc8\x5c\xc6\x8e\xbf\x08\
\xd0\x28\xdf\xfc\xec\xd0\xa0\x24\x11\x8e\xce\x08\xe1\xe2\x83\xf7\
\xdf\xa7\xa2\xa2\x22\xdd\xdb\xc9\x12\x81\x4f\x3e\xfe\x98\x29\x93\
\x27\x13\x08\x04\xc3\x46\xae\x57\xba\xb7\x94\x91\x08\x99\x1b\x8e\
\x8a\xa4\xde\xf8\x6b\x6b\x2b\x2a\xb8\x8c\x0e\x1d\x3a\x72\xd5\x55\
\x37\xd7\x7d\x86\x0e\x62\x55\xcd\x06\xed\xb7\xd3\x32\xae\x3e\x71\
\xaf\xab\x82\x6b\x40\x07\xf8\x63\x86\xb4\xfe\xe5\x1c\x71\x18\x9e\
\x21\x83\x13\x7e\x5d\x5f\xab\x8c\xa2\x7a\x8a\xbb\x6b\x31\xb8\xb0\
\xa8\xf8\xd0\xa4\x37\x96\x62\x32\xc9\x01\x88\xda\x26\x71\x6a\x70\
\x75\x4a\x1f\x16\x5c\xbc\x84\xd5\xc7\x9d\xcc\xb6\x87\x1e\xc5\xda\
\xba\x43\x62\x57\x87\x42\x54\x7e\xfc\x09\xeb\xce\x9a\xc4\xea\x63\
\x4e\xa0\xea\xcb\xaf\xe2\x5e\x33\xef\xd8\xa3\x31\x37\x6c\xc4\x3f\
\x7b\x76\xcc\x7b\xf3\x81\x7d\x11\x68\x55\x85\x56\xe5\x51\xef\x35\
\xbc\xfb\x21\x8c\x76\x68\x6b\x7b\x1d\x21\xa0\x21\x83\xf7\x62\xda\
\xed\x97\x73\xe5\x55\x57\xa1\x75\x30\x1c\x25\xc8\x98\xf4\x52\x33\
\x42\x22\x9c\xdd\xf1\xfb\xfd\xfc\xf3\xbd\xc4\xd3\x43\x59\x1a\x9f\
\x77\xff\xfe\x77\xce\x2f\x3e\x1f\xd3\x52\x18\x9e\xfd\x1a\x6d\x4a\
\x5e\x96\x28\x84\x85\xc8\x84\x80\x47\x1e\x7d\x84\xe2\xf3\x4e\x64\
\xf8\xd0\xbe\xe1\x6b\x26\x56\xd5\x6c\xb4\xaa\x44\x38\xbb\x27\x96\
\x96\xd1\x3b\x4e\xff\xd1\xa6\x07\x36\x25\xde\xe1\xc3\x68\x7f\xd9\
\xc5\x49\xbd\x36\x0e\x5b\x95\x31\x51\x80\x8c\x70\x00\xc2\x1e\x51\
\x44\x75\x88\x61\xe6\x56\x76\xdf\x29\x07\x9e\x0a\xb4\xdf\x4f\xc9\
\x43\x8f\xb2\x62\xd8\xc1\xac\x3a\xec\x28\x56\x1f\x75\x2c\xcb\x8b\
\x06\xb3\xe1\xbc\x8b\xf0\x7d\xf3\x2d\xe8\xf8\x15\xf7\xdc\xfd\xf7\
\x25\xf7\xf8\xe3\x28\x7d\xfe\x45\xb4\x19\x5f\x65\x7e\xb5\x62\x56\
\xb5\x42\x57\x64\xc2\x9d\x01\x32\x17\x6d\x6e\x42\xf9\x17\xe0\x71\
\x3b\xb9\xfb\xf6\xc9\x48\x29\xb8\xe8\xe2\x8b\x39\xe1\x84\x13\xd0\
\xaa\xc2\x6e\x0f\xcc\x2a\x05\x26\x4c\xb5\x2c\xe9\x7b\x59\x07\x20\
\xe3\x78\xe9\x6f\x7f\xe3\x8a\xcb\x2f\x07\x04\x86\x67\xa0\x2d\xe2\
\x94\xa5\x89\xd1\xf6\xe1\x43\x07\xb9\xf8\x92\x4b\x38\xe8\xe0\x83\
\x11\x42\x70\xc7\x5f\x26\xe2\x76\x09\x7b\x70\x8f\x2a\xb7\x75\x18\
\x62\x08\xfd\xec\x8c\x0a\xad\x04\x1d\xe0\x58\x24\xdd\x32\xe0\xf4\
\x0f\xe0\xfb\xe6\x3b\x72\x0e\x19\x89\xb3\xd7\x1e\x09\xbf\x76\x84\
\xb9\x95\x1e\xd1\xa3\xb1\x27\x16\x16\x15\xf7\x4a\x76\x6f\xa9\x24\
\x23\x1c\x00\xa2\xe4\xfe\x21\xf5\xa7\xff\x5d\x50\x8a\xd0\xca\x55\
\x04\x7f\x5f\x8a\x0e\x04\x12\x7e\xb9\xa3\x5b\x57\xba\xcc\x78\x94\
\xe0\xc2\x85\x94\x3e\xfb\x42\xdc\xaf\x3b\xb4\xda\x01\x08\xc5\x51\
\xdb\x20\x5c\x18\x39\x43\x41\x78\x50\xa1\xb5\x14\xed\x1d\xa4\xd7\
\x1e\x76\xc6\x44\x08\xc1\xf4\x7b\xef\x65\xc0\x80\x01\x68\x73\x33\
\x2a\xb0\x38\xe1\x9f\xa1\xb5\x23\x64\x1b\x84\xcc\xe5\xdb\x6f\xbe\
\x65\x53\x1c\x35\x1c\x59\x9a\x86\x47\x1f\x79\x84\x5b\x6f\xb9\x05\
\x30\xec\x56\x32\x47\xe7\x74\x6f\xa9\x55\xa2\x02\x4b\xd0\x56\x09\
\x07\x1d\x74\x10\x97\xfd\xf9\xcf\x35\x7f\xdf\xa5\xa0\x0d\x9d\xdb\
\xae\x40\x5b\xa5\x08\xa3\x23\x86\x77\x7f\x12\x4a\x3d\xe8\x20\x2a\
\xb8\x1c\x27\x82\x89\x19\x72\xfa\x07\xf0\x0c\x1f\x0a\x42\xd0\x76\
\xe2\xb8\x84\x5f\x2b\xd0\x9c\x14\xdb\x66\x5d\x98\xd4\xc6\x52\x4c\
\xda\x1d\x80\xc2\xa2\xe2\xee\xc0\xc9\x91\xae\xf7\x52\x95\x0c\xac\
\xb7\x5f\x3e\x03\x10\x82\xdc\x63\xfe\x48\x8f\xbf\xbf\x0d\x5a\xb3\
\xe1\xdc\x0b\xd0\x66\xfc\x21\xf8\x2e\x08\xfa\x23\xd0\xca\x17\x41\
\x13\x60\xe7\xe7\x79\xc2\x4e\x80\x8b\x6f\xbf\xfe\x37\x33\x9e\x78\
\xa2\xe6\x92\xc7\xe3\xe1\xa9\xa7\x9f\xa6\x73\x41\x01\x2a\xb8\x02\
\x15\x6a\x64\xa7\xa9\x05\x22\x9c\xdd\xd0\x5a\xf1\xd1\x87\x1f\xa6\
\x7b\x2b\xad\x1e\xad\x35\x77\xdc\x7e\x3b\x0f\x3e\xf0\x00\x42\xb8\
\x90\xde\x61\x08\xa3\x43\xba\xb7\xd5\x2a\xd1\xe6\x46\x54\x70\x39\
\x05\x05\x05\x3c\xf2\xd8\x63\x18\x86\x6d\xa8\x43\xa1\x10\x17\x5f\
\x78\x21\x2b\x96\x2f\x0a\x0f\x5e\x4a\xbc\xe3\x40\x05\x96\x82\x36\
\x19\x83\xa4\x43\x06\x9c\xfe\x8d\xce\x9d\xe9\x78\xf3\xf5\xb4\xbf\
\xc4\xb6\xcf\x6d\xc7\x9c\x86\xf0\x7a\x13\x5e\xe7\x0f\xe6\x06\xf2\
\xa2\xa7\x63\xcf\x2d\x2c\x2a\x8e\xd8\xf1\xd6\x54\xa4\xdd\xe5\xea\
\x58\x30\xe4\x2a\xe0\x88\x48\xd7\x27\x04\x56\xd0\x37\x46\x8e\xbc\
\x31\xe9\xfa\xcc\x93\xe4\x1c\x76\x08\x32\x3f\x1f\x99\x97\x8b\xd1\
\xa1\x03\xee\x7e\xfb\xd0\xe6\xf4\x53\xe8\x7c\xc7\x6d\xe4\x4f\x1c\
\x8f\xb9\x76\x2d\xeb\x27\x4c\x89\x6b\xb8\xd0\xce\x84\x10\x7c\x87\
\x42\x20\xe2\x6a\x97\x11\xc2\x85\x30\x3a\x82\xb5\x91\xaf\xff\xfb\
\x15\x6e\xb7\x9b\xa1\xc3\x86\x01\x90\x97\x97\xc7\x41\x07\x1d\xc4\
\xac\x59\xb3\x08\xf9\x37\x20\x8c\xfc\xb8\xc4\x37\xb2\x84\x11\x4e\
\x74\x68\x35\x68\xcd\x49\x27\x47\xf4\x49\xb3\x34\x32\x96\x65\x71\
\xcd\xd5\x57\xf3\xea\xab\xaf\x22\xa4\x07\x99\x33\x0c\x61\x34\xc7\
\xc6\xb0\xe6\x8f\x56\x95\x58\xbe\xb9\x18\x86\xe4\xc5\x97\xfe\x46\
\x9f\x3e\x76\x61\x5f\x28\x14\xe2\xa2\x0b\x2f\xe4\x3f\x9f\x7d\x96\
\xb4\xc4\xb0\x56\x95\x28\xff\x2f\xb4\x43\x70\x33\x0e\x9c\x8d\xf1\
\x03\xc4\x89\x67\xd0\x40\x3a\xde\x70\x0d\x9d\xa7\xdf\x89\x77\xe8\
\x90\x9a\xbf\x17\x6e\x37\xe6\x9a\x35\x04\x7e\x49\x6c\x6a\xa8\x03\
\x4d\x99\x70\xb2\xd0\x88\x38\x2e\xde\x0b\x2c\x29\xd9\x34\x67\x7e\
\xd2\x9b\x4e\x01\x69\x75\xb9\x0a\x8b\x8a\x1d\xc0\x5a\x22\x54\xff\
\xe7\x68\x93\x97\x2b\xff\x87\x57\xa7\x4f\xed\xce\xd1\xb3\x07\x1d\
\xaf\xbb\x9a\xbc\xe3\x47\xd7\x7b\xdd\xf7\xcd\xb7\x6c\x38\xf7\x42\
\x54\x65\x72\x35\x0a\x15\xd8\xa2\x40\x41\x61\xe0\xc8\x3d\x3c\x6e\
\xb5\x2e\x6d\x95\xa2\xfc\x73\xd0\x2a\xc4\xb4\x3b\xee\x60\xfc\x84\
\x09\x35\xd7\x3e\xfb\xf4\x53\xce\x3b\xf7\x3c\x40\x22\x73\x86\x23\
\x64\xf6\xcb\x33\x5e\xcc\x8a\x2f\x70\x39\x35\x3f\xfe\x34\x1f\x8f\
\x27\xed\x0e\x7a\xab\x23\x10\x08\x70\xe9\x25\x97\xf0\xc9\xc7\x1f\
\x23\x64\x6e\x4d\xda\x2b\x4b\x1a\xd0\x26\x56\xd5\xb7\x68\x55\xc9\
\x5f\x6e\xbb\x8d\x49\x93\x27\x03\x3b\x8c\xff\xa7\x9f\x7c\x82\x90\
\x6d\x30\x72\x86\x27\x25\x31\x6c\x55\xcd\x46\x5b\x5b\xb9\x02\x07\
\xc7\xa6\x21\x18\x2d\x5c\x2e\xf2\x4e\x38\x8e\xfc\x29\x13\x71\xef\
\x17\xb9\x6e\x21\xf0\xeb\x42\xd6\x8c\x3e\x29\xe1\xf5\x37\x48\x2f\
\x53\x73\x47\x44\xab\xc8\xfa\x7e\xc9\x2f\x33\x0f\x48\x78\xe1\x14\
\x92\xd6\x08\x40\xc7\x82\x21\x27\x03\x53\x23\x5d\x1f\x1d\x5a\xc7\
\x81\x69\x1e\x7a\xa3\xca\xca\xa9\xfc\xe0\x43\x7c\x5f\x7c\x85\xab\
\x70\x4f\x1c\xdd\x6b\x15\x20\x59\x16\x6b\x4f\x1e\x13\x57\x8b\x60\
\x24\x5c\xc0\x6a\x34\xcb\xb1\x6c\x51\x9a\x38\x4f\x3a\x42\x7a\x10\
\x46\x3e\x98\x1b\xf9\xec\xb3\x4f\xe9\xd4\xa9\x13\x03\x06\xd8\x6a\
\x81\xbd\xfb\xf4\xa1\x5d\xbb\x7c\x3e\xff\xfc\x33\xb0\x36\x23\x9d\
\x5d\xb3\x63\x51\xe3\x44\xab\x72\xac\xd0\x76\x0e\x1e\x39\x92\x9e\
\x3d\xb3\x95\xe6\x4d\x49\x79\x79\x39\xe7\x4e\x9d\xca\x97\x5f\x7e\
\x89\x30\xda\x62\xe4\x0c\x03\xe1\x4e\xf7\xb6\x5a\x2d\x96\xff\x47\
\xb4\xb5\x9d\xd3\x4e\x3b\x8d\xab\xaf\xb9\x06\xd8\xd9\xf8\xe7\x85\
\xff\x8d\x12\x3f\xbb\x6b\x73\x03\x2a\xb8\x9c\xbe\x08\xfe\x84\xa3\
\x49\x4f\xa2\x8e\x6e\x5d\x69\x77\xd1\xf9\x74\x79\xe8\x3e\xda\x9c\
\x7c\x22\x8e\x2e\xd1\x23\xaf\x8e\xce\x9d\xf1\x7d\xf5\x35\xe6\xfa\
\xc4\x26\xd0\xe6\x69\x93\xdf\x8c\xb6\xac\x8b\x1c\x85\xed\xd1\xb1\
\x60\xc8\x7b\x25\x9b\xe6\x24\x37\xda\x36\x05\xa4\xdb\x01\x78\x00\
\x88\xa8\xe4\x71\xb5\x7f\x21\x6d\x75\xa8\x09\x77\x14\x19\x73\xc3\
\x06\xca\xdf\x7a\x87\xd0\xef\x4b\x71\xef\x57\x84\x91\xdf\x16\x1d\
\x08\x50\x72\xdf\x83\x0d\x5e\xbb\x13\x82\x7f\xa1\x40\xf9\x90\xae\
\xdd\xe2\x7e\x9d\x90\x5e\x84\xd1\xae\xc6\x09\x68\xd7\xae\x1d\x03\
\x07\x0e\x04\x60\xe0\xc0\x81\x94\x95\x95\x31\x6f\xee\x0f\x68\xb3\
\x04\xe9\xec\x06\x22\xed\x25\x1f\x99\x8f\x0e\xa1\xcd\xcd\xf4\xe9\
\xd3\x87\x61\xe1\xd4\x4a\x96\xc6\xa7\xa4\xa4\x84\x49\x13\x26\x30\
\x77\xee\xdc\xb0\x76\xfd\x90\xa4\x0c\x4b\x96\xd4\xa0\x02\xbf\xa3\
\x43\x6b\x18\x30\x60\x7f\x9e\x9c\xf9\x14\x86\x61\x44\x30\xfe\x49\
\x48\xaa\x6b\x0b\xcb\x37\x0f\x81\xc9\x5f\x70\xd2\xb9\x89\xcc\xbf\
\xf7\x80\xe1\x74\xbc\xf1\x5a\x0a\xee\xba\x1d\xef\x01\xc3\x90\x09\
\xe4\xf6\xa5\xc7\x1d\x53\x08\xae\x3e\xf2\x30\xf9\x8f\xb3\x4b\xb4\
\x5b\x44\xc9\xa6\x39\xff\x4c\x78\xe1\x14\x91\x36\x07\xa0\xb0\xa8\
\xb8\x27\xf0\x18\x11\xd2\x10\x03\xad\x6d\x9c\xd2\xd8\xd5\xff\x49\
\x10\x5c\xbc\x84\xb2\x57\x5e\x43\x95\x97\xe3\x19\x36\x04\xff\x9c\
\xb9\x98\x6b\x93\x9f\x4e\x08\xb6\x03\x30\x4b\x7a\x09\xaa\x0a\x84\
\xa3\x7d\x42\x79\xfb\xda\x4e\xc0\xe7\x9f\xff\xa7\x4e\x4d\xc0\xc8\
\x91\x23\x59\xb2\x64\x09\xbf\x2f\x59\x80\xb6\x4a\x6d\x27\x20\x03\
\x0a\x6d\x32\x1b\x8d\x0e\xad\xc1\xe3\xf1\x70\xe2\x49\x89\x87\xfd\
\xb2\x24\xce\xfa\xf5\xeb\x19\x7b\xe6\x99\x2c\xae\x1e\xe7\x9b\x33\
\x28\x3b\xce\x37\x8d\x68\x73\x23\x2a\xb0\x90\x0e\x1d\x3a\xf2\xea\
\xeb\xaf\x91\x9f\x9f\x5f\xd7\xf8\x1b\x0d\x30\xfe\x80\x0a\x2e\x46\
\x5b\x5b\x39\x0e\xc9\xf1\x3b\x99\xa0\xb7\xb1\x08\x22\xe8\x9a\xc0\
\xf7\x94\x67\xe0\xfe\x11\xeb\xaf\x84\xd7\x4b\xdb\xd3\x4f\xa1\xe0\
\xbe\xe9\xb4\xbb\xb0\x18\x57\xe1\x5e\x20\xe3\x3f\x08\x85\x56\xaf\
\x41\x7a\x3d\xb8\xf6\xee\x4b\xd9\x2b\xaf\xa3\x7d\x89\x89\xad\x75\
\x57\x7e\x3e\x75\x76\xa1\x22\xb2\x33\xbb\x77\xc7\x82\x21\x0f\x97\
\x6c\x9a\x93\x96\x93\x6e\x3a\x8f\x84\x53\xa3\x3d\xbf\x21\x23\x7f\
\x1b\x1b\x1d\x0c\xb2\x7d\xe6\xb3\xac\x3a\xec\x28\x02\x3f\x2f\x68\
\xf0\x7a\xb3\x1d\x1d\xf0\x85\x25\x4d\x55\x6c\x29\xc9\x5d\x10\x46\
\x07\xbb\x4a\x5a\x3a\xb9\x67\xfa\x74\x1e\x7f\xec\x31\x00\x0c\xc3\
\xe0\xc1\x87\x1e\x62\xe8\xd0\xa1\xf6\x68\x50\xdf\xcf\x0d\xde\x6b\
\x4b\xa7\xda\xf9\xfa\x71\xde\xbc\x34\xef\xa4\x75\xb0\x64\xf1\x62\
\x4e\x39\xf9\x64\x56\x2c\x5f\x8e\x74\xf6\xc8\x8e\xf3\x4d\x33\xda\
\x2a\xc3\xf2\xff\x8c\xc3\xe1\x64\xe6\xd3\x33\xe9\xda\xb5\x2b\x3e\
\x9f\x8f\x0b\x2f\xb8\x60\xc7\xc9\xdf\x9b\xbc\xf1\xd7\x56\x29\x2a\
\xb8\x8a\x36\x48\xce\xa5\x6e\x5a\xf2\x3f\x28\x9e\xc2\xe2\x1a\x42\
\xc4\x5d\x51\x25\x25\x5d\x66\x3c\x4a\xce\xa8\xc3\xeb\xfc\xb5\x73\
\xb7\x9e\x74\xbc\xfe\x1a\x7a\x7d\xfb\x25\x9d\xff\x7a\x27\xae\x7d\
\xf6\x8e\x7b\x8f\xaa\xa2\x82\xed\xcf\x3e\xcf\xaa\x43\x46\xb1\xea\
\x90\x51\xac\x3e\xe6\x04\x54\xc9\x36\xda\x8e\x3b\x33\xee\x35\xaa\
\x11\x68\x46\x87\xa2\xda\xb2\x3c\xe0\xf4\x84\x17\x4e\x11\x69\x71\
\xb3\x0b\x8b\x8a\x25\xf0\x22\xb6\x20\xde\x2e\xb4\xd5\x21\x2e\xf3\
\xff\x86\x91\xa1\x82\x36\xc2\xe1\x00\xa5\xd0\x3e\x3f\x24\xd0\xf6\
\x57\x1f\x1a\xc1\x5d\xde\x22\xb6\x1b\xed\xd1\xe6\x3a\xbb\x9f\xd6\
\xd9\x15\x91\xe0\x07\xcc\xae\x09\xe8\x00\xe6\x46\xfe\xf7\xbf\xff\
\x52\x5e\x5e\xce\x21\x87\x1e\x8a\xc3\xe1\xe0\x8f\x47\x1f\xcd\x27\
\x1f\x7f\x4c\xc9\xd6\xd5\x80\x89\x70\x74\x6a\xd0\x9e\x5b\x34\xc2\
\x40\x85\xd6\xe0\xf3\x55\x30\x79\xca\x94\x6c\x21\x60\x23\x32\x77\
\xce\x1c\x26\x8c\x1f\x4f\x49\x49\x09\xd2\xd5\x1b\xe9\xe9\x47\x36\
\x42\x95\x46\x74\x20\x2c\xe5\x1b\xe2\xde\xfb\xee\x63\xd4\x91\x47\
\xe2\xf3\xf9\x38\x77\xea\x54\xbe\xfa\xf2\xcb\x86\x85\xfd\x01\x50\
\x35\x33\x4d\x76\x77\xf5\xe1\x54\x6b\x47\xed\xd4\x6a\x34\x37\x61\
\x62\x02\xbd\x91\x9c\x16\xaf\x13\xa8\x35\xd2\xeb\xa1\xd3\xf5\xd7\
\x62\x6d\xda\x8c\xab\x4f\x6f\x3a\x5c\x73\x25\x9d\xa7\xfd\x05\xcf\
\xd0\x21\x88\x04\x3e\xbf\xe6\x9a\xb5\x94\x3c\xf4\x18\x9b\xfe\x7c\
\x15\x55\x9f\x7c\x56\x53\xdb\xa5\xb6\x6d\xc7\x5c\xbf\x81\x36\xa7\
\x9c\x48\xf9\x9b\xf1\x0f\x7c\xab\xa6\xbb\xf2\xf1\x77\xd7\x6e\xe8\
\xc8\xef\xed\xce\x25\x9b\xe6\x3c\x9f\xf0\xc2\x29\x20\x5d\xae\xf6\
\x28\x60\xf7\x48\x17\x8f\x0c\x6d\xc0\x89\x6a\xc2\xed\xc4\x8f\xd1\
\xb9\x33\x3d\xfe\xf1\x4e\x52\xbd\xa1\xf5\xf1\xb9\xb3\x80\x65\x32\
\x0f\x10\x08\xa7\xad\x3a\xa5\x82\xcb\x93\x5a\x4b\x18\xf9\x76\xcb\
\x94\x74\xf3\xdc\xb3\xcf\x72\xcd\x55\x57\x61\x59\x16\xf9\xf9\xf9\
\xbc\xf8\xd2\x4b\x14\x14\x74\x41\x05\x57\xa2\x82\xd1\x67\x20\xb4\
\x76\xaa\xa7\x9b\x2d\x5e\x9c\x15\x54\x6a\x2c\xfe\xf3\xd9\x67\x8c\
\x1f\x37\x8e\xb2\xb2\x32\xa4\x7b\x1f\xa4\xbb\x6f\xba\xb7\xd4\xca\
\xb1\xf3\xf2\x68\x3f\xe7\x5f\x70\x01\xa7\x9c\x7a\x2a\x15\x15\x15\
\x9c\x3b\x75\x2a\xdf\x7c\xf3\x4d\x0a\x8c\x7f\x78\x88\x90\xaa\x40\
\x38\x0a\x58\xe1\xde\x8b\xf9\x46\x7b\x00\xaa\x80\x5b\x30\xf1\x87\
\xef\xdb\x2f\x41\x27\xb0\xec\xb5\x37\x11\x79\xb9\x14\x3c\x70\x0f\
\x5d\x1e\x7f\x98\xdc\x3f\x1c\x09\x22\xfe\x35\xfc\x3f\xcc\x61\xc3\
\x05\x97\xb0\xf2\xd0\x23\x29\x7d\xee\x85\x7a\x3b\xba\x2a\xde\xff\
\x17\xeb\xc6\x4d\x4e\x68\x5f\xd5\xb4\xd7\x41\x86\x9b\x5b\xa3\xdd\
\x32\xb2\xb0\xa8\x38\x2d\x1f\x80\x74\x95\x86\x4f\x8c\x76\xf1\xe8\
\x50\xe3\x15\x45\x0a\xb7\xbb\xd6\x7f\x2e\xa4\xc7\x83\x70\xb9\x10\
\xd5\xff\xf7\x7a\x10\x4e\x27\xc2\xeb\x45\x38\x9d\xc8\x1c\x2f\x22\
\x37\x17\x99\x93\x83\x73\x8f\xdd\xc9\x39\xec\x10\x2a\x3f\xfa\x38\
\xe1\x5c\x50\x7d\x98\x08\x5e\x72\xf5\xae\xf9\xb3\x74\xf5\x44\x05\
\x97\xa3\x43\xeb\xd1\xae\xde\x08\x99\x97\xf8\xcf\x27\xdb\x20\xbd\
\x07\xa0\x7c\xb3\x79\xe7\x9d\x77\x28\x2b\x2b\xe3\x91\xc7\x1e\xa3\
\x7b\xf7\xee\xbc\xf8\xb7\x17\x39\x63\xcc\x18\xca\xcb\x97\x80\x70\
\x65\xf5\xd4\x23\x20\x64\x1b\x34\x9b\xf9\xfd\xf7\xdf\x19\x3e\x7c\
\x78\xba\xb7\xd3\xe2\x78\xfb\xed\xb7\xb9\xee\x9a\x6b\xd0\x3a\x3c\
\xd6\x3a\x2b\xed\x9b\x76\x2c\xdf\x2f\x68\xab\x94\x51\xa3\x46\x71\
\xd5\xd5\x57\x53\x5a\x5a\xca\x94\x49\x93\x98\x3f\x7f\xbe\xdd\x91\
\xe1\x1d\xd2\x20\xe3\xaf\xad\x32\xfb\x60\x23\x9c\x18\x9e\x7d\x01\
\x78\xde\xdd\x87\x07\xab\xe6\x70\x0f\x26\x6b\xd0\xd8\xd1\x1f\xcd\
\xfe\x09\x3a\x00\xd6\xd6\xad\x54\xbe\xff\x2f\xf2\x4e\x3a\x21\xee\
\xd7\x98\x6b\xd6\x22\xdb\xb7\x47\x07\x02\xac\x1b\x37\x09\x1d\x8a\
\x91\x82\xd7\x1a\x1d\x08\xe0\x3d\x60\x38\xbe\xef\x12\x1f\x1b\x7e\
\x74\x68\x1d\xdf\x44\x8f\xbc\x9e\x0d\x5c\x9f\xf0\xc2\x0d\xa4\xc9\
\x1d\x80\xc2\xa2\xe2\x1c\xa2\xe4\x3c\xf6\xb1\xca\xd8\x23\x09\xdd\
\xff\xbc\xe3\x47\xd3\x76\xe2\x38\xdb\x68\x7b\xbd\x61\xa3\xee\xae\
\x6b\xdc\xdd\xa9\x69\x29\x2a\x7d\xe5\xf5\x94\xac\xf3\x91\xb3\x3b\
\xeb\x65\xed\x48\x82\x81\x74\xf5\x41\x05\x16\xa2\x02\xbf\x87\xf3\
\xa1\x89\x23\xa4\x17\x23\xe7\x00\xac\xaa\xd9\x7c\xfc\xf1\xc7\x4c\
\x18\x3f\x9e\x99\x4f\x3f\xcd\xde\xfb\xec\xc3\xf3\x2f\xbe\xc8\xf8\
\xb3\xce\x22\xe0\xff\x15\x21\x1c\x08\x47\xd7\x94\xfc\x2c\x2d\x89\
\xea\x56\xcc\xe5\xcb\xb2\x91\x92\x54\xf3\xcc\xd3\x4f\x73\xd7\x9d\
\x77\x22\x84\x03\xe9\x19\x88\x70\x74\x4c\xf7\x96\x5a\x3d\x2a\xb0\
\x18\x6d\x6e\x60\x9f\x7e\xfd\x78\xe4\xd1\x47\x29\x2d\x2d\x65\xdc\
\x59\x67\xb1\xf8\xb7\xdf\xc2\x0a\x7f\x43\x1a\xd6\x46\xac\x2d\x54\
\x78\x46\x89\xe1\xee\x57\xd3\xda\xf9\x9b\xd1\x96\xbf\x4a\x37\x5f\
\xab\x60\x38\xea\x26\xd0\x56\x29\x45\x49\xa4\x81\x4a\x5f\x7c\x39\
\x2e\x07\xc0\x3f\x67\x2e\xa5\xcf\xbe\x40\xc5\x47\x1f\xd3\xe9\xa6\
\xeb\xc9\x3f\x7b\x12\xb9\xc7\x1e\x4d\xc5\x3f\x62\x17\xe2\x0b\x8f\
\x87\x6e\x2f\x3e\xc3\x9a\x13\x4e\x25\xb8\xe4\xf7\x84\xf6\x37\xcc\
\x2c\xa1\xa3\x0e\xb0\x35\x72\x5b\xeb\xb8\xc2\xa2\xe2\x1b\x97\xfc\
\x32\xb3\x49\x43\xdf\xe9\x48\x01\x9c\x0c\x44\x2c\x73\xff\x43\x92\
\xa7\xff\xaa\xff\x7e\x8d\xd1\xae\x1d\x9e\xc1\x83\x70\xf5\xdb\x07\
\xe7\x9e\x7d\x70\xf4\xe8\x81\xd1\xb9\x33\xb2\x4d\x9b\x94\x19\xff\
\xe0\xc2\x45\x04\xe6\xff\xd4\xe0\x75\x4c\x24\x6f\xb8\x77\x1d\x34\
\x21\x5d\x3d\x41\x78\xd0\xe6\x46\xb4\x4a\x5e\x5f\xc0\x9e\x1d\x30\
\x1c\x61\x74\x60\xce\xec\xd9\x9c\x7e\xda\x69\xac\x5e\xbd\x9a\xc1\
\x83\x07\xf3\xe4\xcc\x99\x38\x1c\x06\x96\xff\x67\x74\xf4\xd0\x54\
\xeb\x44\xe6\x02\xb0\x7a\xd5\xaa\x34\x6f\xa4\xe5\xa0\xb5\xe6\xce\
\x3b\xee\xb0\x8d\xbf\x0c\x4b\xfb\x66\x8d\x7f\xda\x51\xa1\x35\xa8\
\xe0\x72\x3a\x77\xee\xcc\x73\xcf\x3f\x4f\x59\x59\x19\xa7\x9e\x72\
\x4a\xd8\xf8\x77\x48\x4a\xe1\x6f\x97\x67\x04\x16\xd9\x53\x02\x1d\
\x5d\xeb\x44\x7b\xb4\xb9\x85\xcf\x54\xb9\x2d\xf5\xec\x19\x80\xb6\
\xca\xe9\x96\xa4\x24\xb0\x7f\xee\x3c\x02\xbf\x2e\xac\xff\xa2\x65\
\x51\xf1\xde\xfb\xac\x39\xe9\x74\xd6\x9e\x36\x96\x8a\x0f\x3e\x04\
\xcb\xa2\xf4\xa5\x57\x00\xc8\x9f\x34\xa1\xfe\xd7\xed\x84\xf6\xfb\
\xf1\xcf\xfd\x91\xb6\x93\xc6\x27\xbc\x3f\x89\xe6\x0f\xa1\x0d\xd1\
\x6e\xd9\x1d\x18\x99\xf0\xc2\x0d\x24\x1d\x0e\x40\xc4\x44\x8a\x03\
\xc5\xa1\x31\x27\xe3\xd5\x8f\xda\x5e\xca\xba\xb3\x26\x11\x5a\x91\
\x78\x15\x7d\x22\x94\xbd\xfa\x46\x4a\xd6\xf9\xc8\xd9\x8d\xcd\xf5\
\x7a\x83\x12\x59\xdd\x11\x10\x58\xd2\xb0\x87\x08\x07\x46\xce\x10\
\x84\xb3\x3b\xcb\x97\x2d\xe3\x94\x93\x4f\xe6\x97\x9f\x7f\xe6\xb0\
\xc3\x0e\xe3\xfe\x07\x1e\x40\xa0\x51\xfe\x79\xe8\xe8\xf3\xab\x5b\
\x1d\x42\xd8\xfe\xe9\xaa\xac\x03\x90\x12\x4c\xd3\xe4\xea\xab\xae\
\xe2\xd9\x67\x9e\x41\x48\x2f\xd2\x7b\x40\x4d\x9d\x45\x96\xf4\xa1\
\xcd\xad\x28\xff\xaf\x78\x3c\x5e\x9e\x7b\xe1\x05\x7c\x3e\x1f\xa7\
\x9d\x7a\x2a\xab\x56\xae\x44\x38\x3a\x63\xe4\x0c\x69\x70\x3b\xa6\
\x36\x37\xa0\x42\x6b\xec\x39\x26\xe1\xd0\x3f\x80\x56\x55\x58\xfe\
\xf9\x80\x40\x7a\xf7\x07\x55\x05\x28\x86\x36\xe0\x59\x65\x7f\x7b\
\xb9\xce\x9f\x55\x79\x39\xdb\x67\x3e\xcb\xca\x91\xa3\xd8\x78\xe9\
\xe5\xbb\x1c\xdc\x42\xcb\x96\xe3\xfb\xea\x6b\x3c\x43\x07\xe3\xea\
\x17\xdf\xf8\x62\xe1\x71\xd3\xe6\xd4\x53\x90\x79\x89\xa7\x67\x8f\
\x8c\xee\x00\x40\x8c\xd4\x78\x63\xd0\xa4\x0e\x40\x61\x51\x71\x57\
\xe0\xa8\x48\xd7\x0f\x30\xb7\xc6\x1a\xa0\x10\x15\xab\xa4\x84\x75\
\x67\x4d\xc4\x5c\x1b\xc7\x74\xbd\x24\xd0\x3e\x1f\xe5\xb3\xde\x6d\
\xf0\x3a\x91\x4e\xff\xd5\x48\x67\x77\x0a\x0a\xba\xa1\xcd\x2d\xe8\
\x06\x2b\x21\x4a\x7b\x7e\xba\x6b\x4f\x4a\xb6\x6e\xe5\x8c\x31\x63\
\xf8\xe8\xa3\x8f\x38\xe1\xc4\x13\xb9\x7d\xda\x34\xb4\xb6\x50\xbe\
\x39\x68\xab\xb4\x81\xcf\x69\x41\x08\x03\x84\x87\x95\x2b\x1b\xd7\
\x99\x6c\x0d\xf8\x7c\x3e\xce\x2f\x2e\xe6\xff\xde\x79\x27\x2c\x1b\
\x7b\x40\x76\x3e\x45\x06\xa0\x55\x39\x96\xff\x47\x84\x80\x27\x66\
\x3c\x81\xb2\x2c\x4e\x3f\xf5\x54\xd6\xaf\x5f\x8f\x70\x74\x4d\x4d\
\x3b\xa6\xf2\x61\xf9\x7f\x05\x04\x86\xb7\x68\x87\xb0\x93\x36\x51\
\xbe\x79\xa0\x4d\xa4\x67\x1f\x84\xd1\xa1\x66\x24\xfa\x81\x0d\x78\
\x66\xf9\xbb\xff\x44\x95\xda\xdf\x63\xbe\xef\xbe\x67\xe5\x21\xa3\
\xd8\x7a\xd7\xf4\xa8\x0a\x7e\xa5\x61\xa7\x21\x7f\x62\xec\x53\x7d\
\xde\xf1\xa3\xf1\x0c\x1e\x84\xcc\xcd\xa1\xcd\xe9\xa7\x24\xbc\xbf\
\x9e\xaa\x8a\xbe\x56\xd4\xa8\xee\x19\x4d\x3d\x20\xa8\xa9\x23\x00\
\xa7\x47\x7b\x66\x1c\x1e\x52\x4c\xcc\xf5\x1b\x58\x37\x3e\xb9\xc1\
\x3c\xb1\xa8\x78\xef\x7d\x54\x45\x45\x83\xd7\x89\x7c\xfa\xb7\xd9\
\x7f\x40\x1f\xfe\x3a\xfd\x2e\xc0\x0e\x9f\x91\x82\x8e\x08\xe9\xde\
\x0b\xe9\x29\x22\x10\x08\x72\xe1\xf9\xe7\xf3\xe4\x8c\x19\x8c\x9f\
\x30\x81\x6b\xaf\xbb\x0e\xad\x4d\x94\x6f\x2e\x3a\x8d\x43\x97\x32\
\x0d\x21\xbd\xf8\x7c\x3e\xb6\x6d\xcb\xd0\x49\x94\xcd\x80\xca\xca\
\x4a\xce\x9d\x3a\x35\x3c\x30\xa6\x43\x58\x33\x3e\x2b\xed\x9b\x76\
\x94\x0f\xab\x6a\x0e\x68\x93\x69\x77\xde\x89\xcb\xe5\x62\xdc\x59\
\x67\xb1\x6d\xdb\x36\xa4\x73\x37\x0c\xef\x00\x1a\x6e\x1a\x34\x96\
\xff\x27\xd0\x21\x2e\xbc\xe8\x42\xf6\xed\x3f\xb0\xce\xdf\x6b\x55\
\x81\x74\xf6\x44\x3a\xed\x66\x30\x65\x6e\xc6\x8d\x60\x60\x03\x9e\
\xab\x7d\x3e\xca\xde\xfe\x3f\x00\x36\x5f\x73\x03\x6a\x7b\xec\x43\
\x4d\xe5\xa7\xff\xc1\x5c\xb3\x96\x36\xa7\x9c\x88\x6c\x53\x8f\x0c\
\xbb\x94\xe4\xfe\xe1\x28\xba\xbf\xf2\x22\x5d\x1e\x7b\xa8\xe6\xaf\
\xf3\x27\x8e\x4f\xa8\xd3\xa0\x9a\x23\xcd\xa8\x76\xa9\x2d\x70\x7c\
\xc2\x8b\x36\x80\xa6\x2e\x02\x8c\xa8\xa4\xd0\x46\x87\x18\x66\x96\
\xa4\xe4\x21\xa1\x15\x2b\x59\x3f\xf9\x1c\xba\xbf\xf6\x12\x46\x87\
\xf6\x58\x25\xdb\xb0\x36\x6d\x02\xad\x51\x95\x55\x68\xcb\x44\x07\
\x02\xf6\x7f\x21\x13\xed\xf3\x91\x33\xea\x08\xd4\xf6\xed\x54\xbc\
\xfb\x5e\x9d\xb5\x84\xc7\x43\xde\x09\xa3\x71\xf4\xe8\x91\x92\xe2\
\x3f\x0b\xc1\x9b\xae\x88\x1d\x90\x00\x5c\x7a\xe1\x09\x1c\x3a\xb2\
\x3f\xa3\x46\x8d\xe2\xb3\xcf\x3e\x43\x05\x57\x22\x6b\x75\x0b\x24\
\x8b\x74\xf6\x40\xcb\x1c\x94\xff\x47\xee\x99\x3e\x9d\xc5\x8b\x17\
\x33\xfd\x9e\x7b\xa8\xaa\xaa\xe2\xd1\x47\x1e\x41\xf9\xe6\x20\xbd\
\xc3\xb3\x27\x34\xa8\x31\x54\x25\x25\x25\xb4\x6f\xdf\x3e\xcd\x9b\
\x69\x7e\x94\x95\x95\x31\x79\xe2\x44\xbb\x8a\xdc\xd1\x19\xc3\xb3\
\x7f\x56\xdd\x2f\x13\xd0\x21\x2c\xdf\x1c\xd0\x01\x2e\xb9\xf4\x52\
\xda\xb7\x6b\xc7\x94\xc9\x93\x31\x4d\x13\xe9\xea\x83\x74\x17\xa6\
\xe4\x31\x2a\xb0\x14\x6d\x6d\x67\xf0\xe0\xc1\x5c\x71\xc5\x15\x0c\
\xfa\xf2\x17\x2e\xba\x6c\x06\x2a\xb0\x04\x6d\x6e\x46\x18\xed\xc3\
\xba\x0f\x76\x87\x00\x3a\xc0\x30\x64\x83\x27\x02\x96\xbd\xf4\x2a\
\xed\xa6\x4e\x01\x1d\xa7\x86\x8c\x52\x94\xbe\xf4\x0a\x1d\xaf\xbf\
\x86\x36\x63\x4e\xa3\xf4\xb9\x17\x00\x30\xda\xb7\xa3\xcd\xd8\x33\
\xc8\x9f\x70\x16\x8e\x1e\x3d\x76\x79\x99\x73\xcf\x3e\x78\x0f\x1a\
\x81\xef\xeb\x6f\x12\xda\xdf\x61\xa1\x8d\xcc\x74\xef\x85\x15\xb9\
\xce\xe1\x2c\x20\x71\xb1\x81\x24\x69\x32\x07\xa0\xb0\xa8\xb8\x3b\
\x51\x8a\x1c\x0e\x31\x37\xe3\x48\x61\xef\x7f\xf0\xb7\xc5\xac\x9f\
\x34\x95\xee\xaf\xbf\x84\xb9\x66\x2d\xeb\xc6\x4f\x46\x95\xd7\x7f\
\xc2\x35\x3a\x77\x26\xef\xa4\x13\x28\x99\x7e\x2f\x65\xaf\xbf\xb5\
\xcb\xf5\xc0\xaf\x0b\x69\x7f\x61\x71\x4a\x8a\xff\xbe\x70\x16\xb0\
\x49\x46\x8e\xf2\xec\x3f\xa0\x37\x87\x8e\xec\x0f\xc0\x2d\xb7\xde\
\xca\x57\x5f\x7d\x45\x28\xb8\x34\xac\xe5\xdf\xf0\xe8\x90\x30\xda\
\x23\xbd\x23\x50\xbe\xb9\xfc\x7d\xd6\x2c\x56\xae\x58\xc1\x8c\xa7\
\x9e\xa2\xb2\xb2\x92\xe7\x9e\x7d\x16\xe5\xfb\x21\xac\x2a\xd8\xba\
\x9d\x00\x21\x5c\x68\x60\x7b\x36\x02\x90\x30\x25\x25\x25\x8c\x1b\
\x3b\x36\x2c\xed\xdb\x25\x45\x27\xca\x2c\x0d\x46\x5b\x58\xbe\xb9\
\x68\x55\xc9\x69\xa7\x9d\x46\xa7\x4e\x9d\xb8\xf4\x92\x4b\x50\x4a\
\xd9\x5a\x0c\xae\xc8\x69\xc9\x84\x1e\x63\x6e\x42\x05\x97\x92\x9f\
\xdf\x8e\x47\x1e\x7b\x0c\xc3\xe1\xe0\xc8\x23\xf6\xa7\x6b\x27\x1f\
\x6b\x96\x2f\xb7\xbb\x94\x6a\xa5\x18\xaa\xc3\xff\x5d\x65\xdb\x70\
\x2d\x40\xf2\x84\x56\xac\xa4\xea\xab\xff\xe2\x1d\x79\x30\xa1\x57\
\xe3\x3b\xb0\x95\xbd\xf1\x16\x1d\x2e\xff\x13\xf9\x13\xc7\xe1\x9f\
\x3d\x9b\xfc\x49\x13\xc8\x3b\xf1\x78\x84\x2b\x7a\xdb\x63\xfe\xe4\
\x89\x09\x3b\x00\xf9\x3a\xc4\x60\xb3\x84\x1f\x22\x17\xc0\x8e\x2e\
\x2c\x2a\xce\x5b\xf2\xcb\xcc\x86\x87\x9a\xe3\xa0\x29\x3f\x95\x67\
\x44\xbb\x78\x48\x28\xb9\xe2\xbf\x68\x04\x7e\x59\xc0\xfa\x89\x53\
\x71\xf5\xdd\x8b\x6e\x2f\x3e\x13\x51\xbc\xa7\xed\xd8\x31\x68\xbf\
\x3f\x62\x2b\x88\x91\x9f\x9f\x92\xe2\x3f\x0d\xbc\x15\xe3\x43\x76\
\xe9\x85\x3b\x5a\x59\x76\xdf\x63\x0f\xce\x2b\x2e\xb6\x3f\xb8\xfe\
\xdf\x1a\xfc\xfc\x6a\xaa\xdb\x04\x85\xa3\x33\xf3\xe6\xcd\xe3\xf8\
\xd1\xa3\x19\x3d\x7a\x34\xe3\xc7\x8f\x47\x2b\x3f\xca\xf7\x03\x68\
\x7f\xec\x85\x5a\x32\xd2\x8e\x00\x6c\xd9\x92\xde\x69\x94\xcd\x8d\
\xb2\xb2\xb2\x1d\xc6\xdf\xd9\x1d\xc3\xbb\x3f\x59\xe3\x9f\x09\x68\
\x2c\xff\x7c\xb4\x65\x4f\xba\xec\xd0\xb1\x23\x7f\xb9\xf5\x56\x94\
\xd6\x48\x4f\x51\xea\x8c\xbf\xaa\xc2\xf2\xff\x8c\x10\x82\xc7\x1e\
\xb7\xf5\x47\x00\x66\xff\xf0\x03\xeb\x57\x7d\x0d\xc2\x81\xf4\x0e\
\xae\xa3\x29\xa0\xcd\x8d\x80\x60\x91\xbb\x4f\x4a\xf6\xb0\xe5\xe6\
\xdb\xa8\x78\xf7\x1f\xf1\xbf\x40\x69\x82\xbf\x2d\xc1\xd9\xbb\x17\
\x3d\xff\xf1\x7f\xb4\x39\xfd\xd4\x98\xc6\x1f\x20\xf7\xa8\x51\x38\
\xc2\x3f\x5f\x22\x1c\x11\x3d\x0d\xe0\xa1\x09\xd3\x00\x4d\xf9\xc9\
\x3c\x2b\xd2\x85\x7c\x1d\x62\x40\x23\x55\xa2\xfb\xe7\xfd\xc8\xfa\
\xa9\xc5\xb8\xfb\xef\x4b\xb7\xe7\x9e\xda\xa5\x1d\x50\x38\x0c\xda\
\x8e\x1b\x4b\xf9\xdb\xb3\x50\x55\xf5\x8b\xfb\x78\x86\x0f\x4d\x49\
\xf1\xdf\xf7\x8e\x8e\xac\x08\xb7\x98\xd5\xc7\x7e\x45\xbd\x6a\x4e\
\xff\xd5\x5c\x7c\xc9\x25\x74\xeb\xd6\x0d\x6d\x6e\xa8\xf1\x94\x53\
\x82\x70\x60\x78\x07\x21\x5d\x7b\xb2\x65\xcb\x16\xc6\x9e\x79\x26\
\xfd\xfa\xf7\x67\xec\x59\x67\xa1\x95\x1f\xab\xaa\x95\x3b\x01\xe1\
\x82\xa5\x92\x92\xd4\xa4\xa5\x5a\x03\xe5\xe5\xe5\x4c\x9a\x38\x31\
\x6c\xfc\xbb\x61\x78\xf6\x23\x2b\xed\x9b\x19\x58\xfe\x5f\xd0\xe6\
\x66\xfa\xf5\xeb\x47\xdb\xb6\x6d\x79\x7a\xe6\x4c\x84\x30\x30\x3c\
\x83\x91\xce\x5d\x43\xdc\x49\xa1\xad\x9a\xe2\xbe\xab\xaf\xb9\x86\
\x83\x47\xda\x01\xdf\x65\xcb\x96\x71\xde\xb9\xe7\x62\x59\xca\x16\
\x7e\xaa\x25\x70\xa6\x55\xb9\xad\x0e\x68\xb4\x67\x91\xa3\x33\x0b\
\x8d\x7a\xd5\xe1\x13\x22\xb4\x72\x15\xaa\x32\x76\x24\xc1\xd9\xbb\
\x17\x9d\x6e\xbf\x95\x3d\xbe\xfd\x0a\xf7\xfe\xfb\x25\xfe\x20\x29\
\xc9\x9f\x18\xd1\xac\x45\x64\x84\xb9\x05\x57\xf4\x68\xf7\x98\xc4\
\x37\x93\x1c\x4d\xe2\x00\x84\x27\xff\x45\x94\x54\x3b\xd8\xdc\x8c\
\x6c\x44\xdd\x7f\xdf\xff\xbe\x65\xe3\x25\x7f\xc6\x33\x6c\x28\x5d\
\x1e\x7f\x18\xe1\xdc\x91\x69\xca\x19\x75\x04\x8e\x6e\x5d\x29\x7b\
\xe5\xb5\x88\xaf\xdf\x78\xd9\x95\x29\x29\xfe\xfb\xbf\x18\xb9\xff\
\xf3\xcf\x39\x66\x97\xbf\xf3\x7a\xbd\xfc\xf5\x9e\x7b\x00\xec\x8a\
\xda\x06\x74\x49\xec\x8a\x40\xba\xf7\xc2\xf0\x0e\xc2\xb2\xe0\xa6\
\x1b\x6e\xc0\x34\x4d\x8e\x3e\xe6\x18\xdb\x93\x6f\xc5\x4e\x40\xf5\
\x2c\x06\x9f\xbf\x75\xfe\xfc\x89\xe2\xf3\xf9\x98\x7a\xf6\xd9\xfc\
\x34\x7f\x3e\xc2\x51\x6d\xfc\xb3\x64\x02\x2a\xf0\x1b\x3a\xb4\x8e\
\xce\x05\x05\x48\x29\xf9\xd7\x07\x1f\xd4\xd2\x62\x48\xdd\x5c\x10\
\xcb\xff\x0b\x5a\x55\x70\xf4\xd1\x47\x73\xfe\x05\x17\x00\xb6\x03\
\x7d\xf6\x94\x29\xb6\xe4\xb3\x67\x1f\x84\xa3\x73\x9d\xd7\xe8\xf0\
\xa0\x9c\x6a\x7d\x80\xb7\x62\x7c\x47\xc6\x4b\xde\x49\x27\xd0\xed\
\xf9\xa7\x77\xbd\x20\x04\xde\x91\x07\xd1\xed\xb9\x99\xec\xfe\xd9\
\x47\xe4\x4f\x1a\x8f\xcc\x89\x5f\xd6\xdd\xda\xb2\x85\x6d\x4f\x3c\
\xc5\xa6\xcb\xaf\xc6\xf7\xed\x77\xb4\x39\x73\x4c\x5c\xd1\x82\xda\
\x78\xb5\xc5\xb0\xe8\xfa\x2b\xa3\x0b\x8b\x8a\x13\xef\x33\x4c\x82\
\xa6\x8a\x00\x9c\x18\xed\x62\x63\x84\xff\x77\xa6\xf2\xe3\x4f\xd9\
\x74\xf9\xd5\xe4\x8e\x3a\x9c\x82\x07\xef\x05\xc3\x2e\x48\xca\x9f\
\x34\x01\xdf\x77\xdf\x47\x57\x76\x52\x0d\xaf\x4d\x58\x26\xf3\xf8\
\xc9\x68\x17\xf1\x7a\xef\x5e\x5d\x38\x6a\x54\xfd\xca\x7f\x87\x1c\
\x72\x08\x67\x8e\x1d\x6b\x0f\xeb\x08\x44\x10\xbb\x68\x00\xc2\x51\
\x80\xcc\x19\x81\x90\x79\xbc\xfd\xd6\x5b\xac\x5c\xb9\x92\x41\x83\
\x06\xb5\x72\x27\xc0\x3e\xb9\x96\x97\x35\x40\x8c\xa9\x95\x60\x59\
\x16\x17\x5d\x70\x01\x73\x66\xcf\xb6\x0b\xfe\xbc\x45\x64\x4f\xfe\
\x99\x81\x0a\x2e\x47\x05\x57\x00\x60\x86\x42\x2c\x58\xb0\x00\x21\
\x73\xc2\x5a\x0c\x0d\x3f\x6d\xef\x78\xce\x0a\xb4\xb9\x81\x5e\xbd\
\x7a\x71\xef\xfd\xf7\x23\x84\xc0\xef\xf7\x53\x7c\xde\x79\xac\x5e\
\xb5\x0a\xe9\xda\xa3\xa6\xe2\x7f\x07\x1a\x15\x5a\x0f\x48\xa4\xa3\
\x0b\x00\xdf\x3a\x3a\xb1\x41\x36\x7c\xce\x4a\xd5\x17\x5f\xe2\x3d\
\xf8\x40\xda\x15\x9f\x03\x84\xc7\x02\x8f\x1d\xc3\x6e\x1f\xbe\x47\
\xf7\x97\x5f\xb0\xa7\x07\x26\x32\x2f\x60\xce\x5c\x36\xfe\xe9\x0a\
\x56\x1e\x78\x18\x25\xf7\xdc\x4f\xf9\xac\x77\x59\x7f\x76\x31\x3a\
\x10\x24\xef\x84\xd1\x09\xef\x2f\x86\xcd\xf3\x00\xbb\x9e\x06\x1b\
\x81\xa6\x2a\x02\x8c\xd8\x34\xd9\x98\xe1\xff\x9d\xa9\x78\xef\x7d\
\x84\xc7\x43\xc1\xbd\x77\xa3\x03\x41\xb6\x3d\xf6\x04\xde\x91\x07\
\xb1\xf1\xd2\xcb\x1b\xfd\xd9\xb3\x5c\xbb\x45\xbd\x7e\xde\xd4\xa3\
\x91\x32\xf2\x1b\xf2\xc6\x9b\x6e\xe2\xf3\xcf\x3f\x67\xe3\x86\x75\
\x68\x47\xd7\x5d\x3c\xe9\x86\x22\x64\x2e\x46\xce\x08\xac\xc0\x02\
\x16\x2d\x5c\x48\x4e\x4e\x2e\x39\xb9\xb9\x54\x55\x56\x62\x55\xfd\
\x10\x1e\x04\xd2\x9a\x26\xe3\x65\x0d\x58\xbc\xdc\x72\xf3\xcd\x7c\
\xf1\xc5\x17\x08\xa3\x7d\x76\x9c\x6f\x06\xa1\x42\xab\x51\x81\x1d\
\x03\xad\xb6\x6d\xdb\x96\x12\x5d\xff\x9d\xd1\xe6\x66\x54\x60\x31\
\x1e\x8f\x97\xa7\x9e\x7e\x9a\xbc\xbc\x3c\xb4\xd6\x5c\x79\xc5\x15\
\xcc\x9d\x33\x07\xe1\xe8\x8c\x74\xef\x3a\x8e\x57\x9b\x5b\x41\x07\
\x10\x8e\x2e\x35\x29\x37\x0d\xbc\xeb\xec\xc9\xf9\x0d\x14\x41\x53\
\xdb\x4b\xa9\x78\xef\x03\x3a\xde\x70\x2d\xf9\x53\xa7\x60\xe4\xb7\
\x4d\x78\x80\x9b\x0e\x04\xa8\xf8\xc7\x3f\x29\x7d\xe1\x25\x02\x0b\
\x7e\xdd\xf5\xba\xcf\xc7\xc6\x8b\x2f\x43\x25\x31\x17\x66\xb8\xb5\
\x15\x17\x8a\x60\xe4\xcf\xca\x29\x34\x41\x37\x40\xa3\x7f\x52\x0b\
\x8b\x8a\xdb\x02\x87\x47\xba\x7e\x60\x23\x87\xff\x77\xa6\xfc\xad\
\x77\xd8\x72\xeb\xed\xb4\x39\xed\x64\xba\xbf\xf6\x92\x3d\x48\xe2\
\xc3\x7f\x37\xea\x33\xb7\x09\x17\x9f\x3b\x0b\x22\x5e\xef\xd4\xb1\
\x2d\x27\x1d\x7f\x40\xd4\x35\xf2\xf2\xf2\xb8\xfb\xee\xbb\x01\xb0\
\xfc\x0b\x40\xc7\x18\x5e\x91\x0c\xc2\xc0\xf0\x0c\x40\x7a\xfa\xe3\
\xf3\xf9\xa8\x0a\x4f\xc5\x6a\x9d\x91\x80\xcc\x1c\x45\x9d\x69\x3c\
\x39\x63\x06\xaf\xbd\xfa\xaa\xed\x40\x7a\x07\x91\x35\xfe\x99\x81\
\x0e\xad\x47\xf9\xeb\x46\x0b\xed\xe8\xcc\xf0\xd4\x1a\x7f\x55\x8e\
\xe5\x9f\x8f\x10\xf0\xe8\x63\x8f\x52\x58\x68\xb7\x11\xde\x31\x6d\
\x9a\x9d\x6a\x30\xda\xda\x2d\xa0\xf5\x38\xd4\xca\xb4\xc3\xff\x3b\
\x0f\x25\xfb\xc8\xd9\x8d\xaa\x06\xca\x0f\x03\x94\x85\xbb\x00\x1c\
\x5d\xbb\x24\x64\xfc\xcd\x35\x6b\xd9\x7a\xf7\x3d\xac\x38\x60\x24\
\x9b\xae\xbe\xbe\x5e\xe3\x5f\x8d\x7f\xee\x3c\x82\x0b\x17\x25\xbc\
\x37\xaf\xb6\x18\x12\xbd\xed\x7d\x74\x61\x51\x71\xa3\x1f\xd0\x9b\
\xe2\xd3\x3a\x9a\x28\x91\x86\x03\x1b\xac\x74\x97\x38\xa5\x2f\xbe\
\xcc\xd6\xe9\xf7\xe3\xe8\xda\x85\xaa\xcf\xbf\x8a\x3d\x09\xaa\x81\
\xfc\xcb\xd9\x1d\x33\xca\xaf\x7a\xdc\xd8\xc3\x70\x3a\x63\xff\x5b\
\x1f\x7e\xc4\x11\x3b\x52\x01\xfe\x5f\x52\xb9\xc5\x3a\x48\x67\xcf\
\x70\x4a\x60\x47\x2b\x60\xeb\x74\x02\xb2\x44\xe3\x5f\x1f\x7c\xc0\
\x3d\xd3\xa7\x23\xa4\x1b\xe9\x1d\xb2\x43\xe9\x2d\x4b\x5a\xd1\xe6\
\x26\x2c\xff\xcf\xd4\x76\x62\xa5\x73\x77\xdb\x41\x4b\xa5\x16\x83\
\x0e\x60\x55\xcd\x05\x6d\x71\xe3\x4d\x37\x71\xe4\x51\xb6\xc8\xeb\
\x53\x4f\x3e\xc9\xf3\xcf\x3d\x17\x6e\xf7\x1b\x5c\xff\x33\x75\x10\
\x1d\xda\x08\xc2\xb3\xcb\x4c\x08\x9f\x30\xf8\xb7\xb3\xe1\x43\xca\
\xfc\x73\xe6\x12\x5c\x14\x7f\xf7\x54\xd5\x97\x5f\xb1\xe1\xdc\x0b\
\x58\x79\xe8\x91\x6c\x7f\xea\x99\xb8\x84\x84\x1a\xc2\x81\xe6\xe6\
\x68\x97\xdb\xd1\x04\xb3\x01\x9a\xc2\x01\x38\x29\xd2\x05\x8f\xb6\
\x18\x68\xa6\xa7\xcf\x7a\xfb\x8c\xa7\xd8\x3e\xe3\x29\xda\x9c\x76\
\x32\xed\x2f\xbe\x60\x97\xeb\x8e\x9e\x3d\x68\x73\xea\xc9\x0d\x7e\
\x8e\x42\xf0\xa1\x2b\x72\xab\x88\xcb\xe5\x60\xdc\x99\x87\xc5\xbd\
\xde\xcd\xb7\xdc\x42\xef\x3e\x7d\xc2\xbd\xb6\x8d\xa7\x55\x6f\xcb\
\xb6\x1e\x88\x70\xee\xd8\x7b\xb5\x13\xa0\x1b\xd8\xab\xdb\x2c\xd0\
\x16\x60\x47\x5e\xb2\xec\xca\x92\x25\x4b\xb8\xea\xca\x2b\x11\x42\
\x22\x3d\x83\x10\x29\xc8\xdb\x66\x69\x38\xda\x2a\x09\x6b\xec\xd7\
\x32\xfe\xee\xbd\xc3\xa2\x3b\x29\x4c\x6b\x85\x35\x05\xd0\x7e\xc6\
\x8f\x1f\xcf\xd4\x73\xec\x5c\xfb\x3b\xef\xbc\xc3\xf4\xbf\xfe\x15\
\x21\x9d\x61\xa7\xb0\x7e\xe5\x47\x15\x5a\x0b\x28\x7b\xf8\x59\x3d\
\xfb\xfa\xa7\xb3\x47\x4a\x62\x70\x65\x31\xc4\xdb\x54\x45\x05\xa5\
\xcf\xbd\xc8\xaa\x23\xfe\xc8\xfa\x49\xe7\x50\xf9\xc9\x67\x29\xa9\
\xf9\x8a\x87\x03\xcc\xad\x88\xe8\x3f\x65\xe2\x7a\xc3\x09\xd2\xa8\
\x0e\x40\x38\x84\x11\xb1\x42\x62\xb0\x55\x12\xab\x1d\xa2\x51\xd9\
\x3a\xfd\x7e\x4a\x5f\x7c\x99\x0e\x57\x5f\x41\xc7\x9b\x6b\x8d\x62\
\x16\x82\xce\x77\xdd\x8e\x70\x37\x3c\x54\xf6\x9d\xa3\x63\x54\xd9\
\xdf\x13\x8f\x3b\x80\x0e\xed\xeb\x91\xa0\x8c\x40\x4e\x4e\x0e\x8f\
\x3d\xfe\x38\x4e\xa7\xd3\xae\xee\x6d\x4c\xf9\x5e\xe1\xc0\xf0\xec\
\x67\xb7\xee\x84\x43\x72\x5a\x55\xa1\x7c\x2d\xdf\x09\xd0\xd8\x51\
\xa1\xac\x03\xb0\x2b\x95\x95\x95\x5c\x70\xfe\xf9\xf8\x7c\x3e\x84\
\x7b\xdf\x94\x16\x93\x65\x49\x1e\x6d\x95\x84\x8d\xb2\xfd\x9d\x2a\
\x84\x81\xe1\x1d\x88\x74\xf5\x4a\xf5\x93\xec\x49\xa2\x56\x19\x87\
\x1c\x72\x08\x7f\xb9\xed\x36\x00\xbe\xf8\xe2\x0b\xae\xbf\xf6\xda\
\x5a\x4e\x61\xa4\x96\x67\x8d\x0e\xad\xb6\xef\x73\xd6\x5f\x1b\xb5\
\x56\xe6\xf0\x93\xd1\x70\x05\xce\xf2\x59\xef\xd6\xdb\x12\x18\xfc\
\x6d\x31\x9b\x6f\xbc\x95\x95\xc3\x0f\x66\xcb\xed\x77\x12\x5a\xbe\
\xa2\x8d\xeb\x70\x17\x00\x00\x20\x00\x49\x44\x41\x54\xc1\xcf\x4a\
\x94\xb6\x3a\x44\xff\xe8\x33\x58\xa2\x16\xcf\xa7\x82\xc6\x8e\x00\
\x1c\x84\xad\x6f\x5c\x2f\xe9\x08\xff\xef\xcc\x96\xbf\x4c\xa3\xe2\
\xbd\xf7\x69\x77\xce\xd9\x74\x9d\xf9\x04\x39\x87\x1d\x4a\xe7\x69\
\xb7\xe2\x19\x32\x78\x17\x59\xe0\x64\xf8\x20\x46\x8f\xed\xc4\x71\
\x47\x24\xbc\x66\xbf\x7e\xfd\xb8\xe1\xc6\x1b\x01\x85\xf2\xcd\xaf\
\x39\xad\x36\x16\xc2\xd9\x0d\x99\x73\x60\xcd\x17\xbd\x56\x7e\x54\
\xd5\x77\x2d\x7b\x76\x40\xb8\xc6\x22\x3f\x3f\x6b\xdc\x76\xe6\xaa\
\x2b\xaf\x64\xf9\xb2\x65\x61\x2d\xf7\x14\xf5\x90\x67\x69\x10\xda\
\x2a\xc5\xf2\xcd\xab\xf9\x2e\xb0\xd3\x32\xc3\xed\x02\xbb\x14\xa3\
\x02\x8b\xd1\xe6\x46\xfa\xec\xb9\x27\x8f\x3d\xf1\x04\x86\xc3\xc1\
\x8f\x3f\xfe\xc8\x85\xe7\x9f\x6f\x4b\x0a\x7b\xf6\x43\x44\x31\xde\
\xda\xdc\x84\x56\x3e\x0e\x39\xf4\x88\xa8\xf5\x08\xff\x74\x35\xfc\
\xbd\xa5\x2a\x2a\xea\x08\xbc\x05\x17\x2d\x66\xdd\xd8\x89\xac\x3e\
\xfa\x78\xca\x5e\x79\x2d\xa2\xf6\x4b\x53\x11\xc3\x06\xf6\x2a\x2c\
\x2a\x8e\x6f\x4c\x61\x92\x34\xb6\x03\x70\x74\xa4\x0b\x02\xcd\xf0\
\x24\x66\xd1\x3b\xba\x75\x45\xe6\xa6\x50\xa6\x56\x6b\x36\x5d\x75\
\x1d\xfe\x1f\xe7\x93\xfb\xc7\xa3\xe8\xf6\xe2\x33\xb4\x9d\x30\x2e\
\xaa\x30\x50\xbc\x6c\x92\x1e\xe6\x38\x3a\x44\xbc\xbe\xff\x80\xde\
\xf4\xdb\x27\x7a\x77\x40\x24\x26\x4d\x9e\xcc\x11\xa3\x46\xa1\x55\
\x25\x56\x20\x72\x91\x4a\xaa\x10\x32\x07\x23\xe7\x00\xa4\x6b\x4f\
\x40\xa0\x75\x10\xe5\x9b\x8d\x56\x2d\xb4\x4d\x4e\x05\x00\x28\x28\
\x88\x5c\xbc\xd9\x1a\x79\xfd\xb5\xd7\xf8\xe8\xc3\x0f\x11\x46\xdb\
\x1a\x2d\xf7\x2c\xe9\x45\xab\x32\x2c\xdf\xec\x1a\x8d\x10\x3b\x7d\
\x37\xa2\x51\x46\x2e\xab\xe0\x0a\x54\x70\x05\x1d\x3a\x74\xe0\x85\
\x17\x5f\xa4\x4d\x9b\x36\xfc\xb6\x68\x11\xe7\x9c\x7d\x36\x7e\xbf\
\x1f\xe9\xde\x07\xe1\x88\x9e\xbf\xaf\x6e\x4b\xbc\xea\xaa\x3f\xb3\
\x6f\xbf\xc8\xdf\x7f\xdf\x38\x3a\xb1\x2d\x05\x05\x8b\x65\x2f\xbf\
\x0a\x80\xb5\x75\x2b\x6b\xcf\x18\x87\xef\xdb\xef\x1a\xbc\x66\xaa\
\x18\x11\xfb\x10\x9c\x78\x8f\x61\x02\x34\xb6\x03\x10\x71\xf3\x7b\
\x5b\xe5\xb4\x4d\xa2\x92\xbd\xe3\x4d\xd7\xd3\x6b\xfe\x6c\x7a\xbc\
\xfd\x3a\x1d\xae\xba\x1c\xef\xc8\x83\x76\x51\xf7\x4b\x14\x1d\x08\
\xb0\xe1\xbc\x8b\x30\x37\xee\xe8\xcd\xac\x7e\xd3\x34\x84\x8f\x1d\
\x5d\xa3\x66\x78\xc6\x9d\x11\x7f\xee\x7f\x67\x84\x10\xdc\x77\xff\
\xfd\x74\xeb\xd6\x1d\x1d\x5a\x87\x0a\x36\xc5\xe8\xda\xb0\x70\x50\
\x8e\x3d\x30\x48\xab\x60\xb8\x30\x30\xd8\x04\xcf\x6e\x5a\xb4\xb6\
\x9d\xbf\xee\x49\x48\x7d\xb6\x54\x56\xad\x5c\xc9\xb4\xdb\x6f\x47\
\x08\x07\xd2\x93\x95\xf8\xcd\x04\xb4\x2a\xaf\x99\xec\x07\xb6\xa6\
\x87\x91\x73\x40\xa3\xb4\xec\xaa\xd0\x5a\x54\xe0\x37\x72\x73\x73\
\x79\xf1\xa5\x97\xe8\xd9\xb3\x27\x2b\x57\xac\x60\xca\x94\x29\xf6\
\x24\x41\x57\xef\x98\x92\xc2\xda\xda\x8e\xb6\xb6\x33\x62\xc4\x81\
\x14\xed\xb7\x1f\x67\x45\xf9\x0e\xb4\x10\x7c\x92\x82\x62\xc0\xc0\
\x82\x5f\x09\xcc\xff\x99\xc0\xcf\x0b\x50\x19\xa6\xeb\xd1\x5d\xf9\
\xe8\x11\x3d\x9d\x1a\xf1\x10\x9d\x0a\x1a\xed\x13\x5c\x58\x54\x5c\
\x00\xd4\xaf\x6c\x03\x0c\xb1\x92\x90\x58\x95\x12\xef\x41\x07\x22\
\x1c\x0e\x3c\x43\x07\xd3\xfe\x92\x0b\xe9\xfe\xf2\x0b\xf4\xfe\x79\
\x4e\x9d\x51\x8d\xc9\x60\x6d\xde\xcc\xe6\x1b\x6e\x06\xc0\xf7\xfd\
\x0f\xd1\x85\x81\xe2\x40\x23\xf8\x38\xac\x6e\x55\x1f\xf9\xf9\xb9\
\x8c\x3e\x66\x68\x83\x9e\xd1\xbe\x7d\x7b\x9e\x7a\x7a\x26\x2e\x97\
\xcb\xae\x07\xb0\x9a\xa6\xa0\x52\x18\xed\x30\x72\x0e\x42\x3a\x7b\
\x22\x8c\x8e\x29\x6d\x2b\xca\x18\x54\x25\x0e\x87\x83\x82\x2e\xa9\
\x0f\xa1\x36\x47\x2c\xcb\xe2\x8a\xcb\x2f\x0f\xe7\xfd\xfb\xb6\xfa\
\x61\x51\x99\x80\x6d\xfc\x67\xd7\x38\xe0\xd2\xd5\xdb\xd6\x61\x68\
\x84\xa9\x8b\xda\xdc\x8c\xf2\x2f\xc0\xe1\x70\xf2\xf4\xb3\xcf\xd2\
\xbf\x7f\x7f\x36\xac\x5f\xcf\xa4\x49\x93\xd8\xb8\x61\x03\xd2\xd9\
\x03\xe9\xee\x1b\x73\x1d\x15\x5c\x0a\xc0\xf9\x17\xda\x85\xd7\x27\
\x8c\x1e\x4e\x6e\x6e\x64\x67\xe5\xdf\x51\xbe\x43\x13\xa1\xf4\xe5\
\x57\x71\xed\x5d\x98\xd4\x08\xdf\xc6\x26\xc6\x14\xdc\xc3\x0b\x8b\
\x8a\x1b\xed\xc3\xd6\x98\x2e\x7c\x54\x25\xa3\xa1\x49\x84\xff\xdd\
\xfd\xf6\xc1\x68\x6f\xab\xe9\x69\x9f\x8f\xb2\xd7\xde\x64\xfd\xe4\
\x73\x59\x73\xe2\xa9\x6c\x9d\x76\x57\x72\xbb\xac\x85\xff\xdb\xef\
\x01\x7b\xa4\x64\x43\x99\x6f\xb4\x63\x63\x94\xa9\x7f\x27\x1e\x37\
\x1c\xb7\xbb\xe1\x6d\x53\x45\x45\x45\xdc\x79\xf7\xdd\x80\xc6\xf2\
\xfd\xd8\x74\x6d\x7a\xc2\x40\x7a\xfa\x87\x87\xbd\xb4\x30\xb4\x89\
\x56\x3e\xfa\xec\xb9\x27\x52\x66\x4f\xb9\x00\x2f\x3c\xff\x3c\x73\
\xe7\xce\xb5\x45\x5d\x22\x14\x6e\x65\x69\x3a\x6a\x1b\x7f\x21\x24\
\x86\x67\xbf\xb0\x01\x4e\xbd\x81\xd3\xd6\xb6\x3a\xbd\xfe\x23\x46\
\x8c\xa0\xa4\xa4\x84\xc9\x93\x26\xb1\x7a\xd5\x2a\x84\xa3\x0b\xd2\
\xd3\x3f\x8e\x75\xca\xd0\xe6\x16\x8a\x8a\xf6\xe3\xb0\xc3\xec\x93\
\x7f\x4e\x8e\x9b\x13\x8f\x8b\xa8\x12\xcf\x1a\x99\x93\x92\xf9\x00\
\x15\xff\xfc\x80\xf2\xb7\x67\x25\x2c\xdb\xdb\x14\xc4\x38\x0c\xbb\
\x88\xa2\xa3\xd3\x50\x1a\xf3\xdb\xed\x0f\x91\x2e\xb4\xd1\x21\xfa\
\x5a\x89\x17\x90\x79\x47\x1e\x04\x40\xd5\x67\x9f\xb3\xe2\xc0\x43\
\xd9\x7c\xfd\x4d\x54\x7d\xf1\x25\xc1\x45\x8b\xeb\x84\xef\x93\x45\
\x2b\x85\x55\x52\x92\x12\x61\xa0\x58\xa1\xab\x31\xa7\xa6\xae\xc5\
\xf3\xb4\xd3\x4e\x63\xc2\xc4\x89\xa0\x83\xb6\x13\xd0\xa4\x9d\x15\
\x99\xe7\x51\x37\x14\xad\xec\xb9\x0f\xfb\xee\xbb\x6f\x9a\x77\x92\
\x19\x6c\xd8\xb0\x81\x07\x1f\x78\x00\x21\x1c\x18\x9e\xec\xef\x24\
\xdd\x68\x55\x51\xcb\xf8\x87\x8b\xfd\x9c\x8d\x93\xaa\xd2\xaa\x3c\
\xdc\x59\x60\x71\xe7\x5d\x77\x71\xf4\x31\xc7\x50\x5e\x5e\xce\x94\
\xc9\x93\x59\xb2\x64\x09\xc2\xe8\x10\x1e\xf7\x1c\xfb\x7b\x40\x05\
\xed\xa8\xea\x25\x7f\xba\xb4\xce\xdf\xc7\xfa\x2e\x4c\x85\x26\x80\
\xf6\xf9\x28\xb9\xff\x21\x74\x20\xd0\xe0\xb5\x52\xcd\x00\x73\x5b\
\xac\x6e\xb8\x63\x1b\xeb\xd9\x8d\xe9\x00\x8c\x8a\x74\x61\x90\xb5\
\x2d\x29\xf5\x3f\xef\xc8\x83\xb0\xb6\x6c\x61\xe3\x25\x97\x35\x8a\
\x48\x83\xf6\xf9\x58\x7b\xd2\xe9\x0d\x16\x06\x0a\x22\xf9\x3a\x8a\
\x54\xef\xbe\xfd\x76\x63\x9f\xbd\x7b\x46\xbc\x5e\x9b\xb9\x73\xe6\
\xf2\xf0\x43\x0f\x61\x59\xd1\x2b\xfd\x6f\xbe\xe5\x16\x06\x0d\x1a\
\x6c\x57\x03\xfb\x17\x24\xb4\xdf\x2c\x75\xd1\x61\x69\xea\xfe\xfd\
\x63\x9f\x6a\x5a\x03\x77\x4c\x9b\x46\x55\x55\x15\xc2\xb5\x67\x2b\
\x93\x83\xce\x54\x0c\x40\x20\x8c\x7c\x8c\xdc\x03\x1b\xad\x0d\xd3\
\xd6\xfd\xb0\xeb\x0b\xae\xf8\x7f\xf6\xce\x3b\x3e\x8a\x3a\xfd\xe3\
\xef\x99\xd9\x92\x6c\x2a\x21\x85\x50\x42\x28\x01\x44\x9a\x54\x29\
\x2a\xa8\xa0\x28\x4d\x8a\x4a\x51\x69\x16\xac\x28\xf6\x13\xf5\x14\
\x44\x54\xc0\x82\x7a\x9e\xd8\x4f\xd4\x9f\xa2\xe2\x59\xcf\xbb\x13\
\xce\x8a\x02\x4a\x11\x94\xde\x43\x27\x21\x64\xfb\x7c\xbf\xbf\x3f\
\x36\x09\x2d\x33\x49\x76\x37\xd9\xdd\xc0\xfb\xf5\xf2\x25\xcc\xec\
\xce\x3e\x24\xb3\xf3\x7d\xbe\x4f\xf9\x3c\x53\xa6\x70\xe5\xc8\x91\
\x38\x8b\x8b\xb9\x7a\xcc\x18\x56\xaf\x5a\x55\x22\x2b\x5c\x39\xf5\
\x47\xa9\x17\x20\xfd\xfb\x68\x7d\xe6\x99\xf4\xed\x7b\xfc\xde\xb0\
\xcd\x99\x8d\xc9\x6b\x6e\xec\xc0\xfc\xcf\x92\x89\xaf\x16\xd7\x9b\
\xd8\x10\xb4\xf5\x9b\xca\xe1\x1b\xae\xa5\xa1\x52\x2d\x3f\xd5\xbc\
\x36\xd7\x35\x07\x0c\x7f\xa3\x67\x99\xe7\x3c\xca\x45\xb1\xd9\x88\
\xef\xd2\x99\x23\x9f\x7c\x56\xad\xad\x1b\xbe\xed\x3b\x42\xbe\xc6\
\x8f\x96\x74\xdc\x26\x79\xb8\xe1\x97\xf5\xac\x9c\x2d\x3e\x1f\x63\
\xaf\xb9\x86\x67\x9e\x7e\x9a\xf1\x63\xc7\x52\x54\x64\x1c\x35\xb1\
\x5a\xad\xbc\xf4\xf2\xdf\xa9\x97\x9d\x5d\x52\x14\xb8\xa9\xca\x76\
\x9f\x26\x80\x2c\x09\xc9\x75\xed\x6a\x1c\x9a\x3c\x55\xf8\xe1\xfb\
\xef\xf9\xfc\xb3\xcf\x50\xd4\xa4\xb0\xcd\x8c\x3f\x4d\x68\x28\x6a\
\x3c\x9a\xa3\x6b\xc9\x7c\x8e\xd0\x0a\xa0\x8d\x38\xaa\xfc\xe9\x61\
\xfc\x84\x09\xdc\x7c\xcb\x2d\xb8\x5c\x2e\xae\x9d\x38\x91\x15\x2b\
\x56\xa0\x68\x89\x25\x33\x05\x2a\xa7\x56\x2b\x4a\xb4\xfd\xef\xba\
\xfb\x6e\x94\x72\xf2\xf0\xc3\x86\xf4\x30\x7c\xaf\x53\xb1\xf0\xf3\
\x09\x6a\x81\xb5\x8d\x0a\xd2\x00\xad\xf3\xda\x5c\x17\xbe\xb1\x8d\
\xc7\x50\x5d\x6e\xd5\x85\x66\x27\xcf\x0a\xa2\x58\x2d\xae\xe3\x59\
\x28\x71\x71\x38\xbf\x59\x1c\xb4\x51\x35\xc5\x37\x26\x21\x2b\x4d\
\x53\xb9\xf4\xe2\x2e\x95\xba\x8e\xd5\x6a\x65\xf8\x88\xe1\x00\x7c\
\xfb\xed\xb7\x0c\x1d\x32\x84\xed\xdb\xb7\x1b\xbe\x3e\x3d\x3d\x9d\
\xd7\x5e\x7b\x0d\x87\xc3\x81\xf0\xac\x47\xfa\x77\x57\xcd\xf0\xd3\
\x00\x12\xa9\x1f\x22\x21\x21\x91\xd6\xa7\x78\x04\x40\x4a\xc9\xcc\
\x99\x33\x01\x50\xe3\x5a\x51\x1b\xd3\x3d\xb1\x4a\xa0\x08\x33\xfc\
\xc5\x7e\x00\x52\xb8\xca\x64\xbf\x47\x8f\x1e\xcd\x5f\x1e\x78\x00\
\x97\xcb\xc5\xc4\xf1\xe3\xf9\xf1\xc7\x1f\x03\x2d\xc1\x55\x18\x28\
\x24\xfd\xfb\x90\xfa\x41\xba\x76\xed\x5a\x96\xfb\x3f\x91\x41\x03\
\xba\xa1\x99\xd4\xdb\x2c\xb2\xd6\xee\x62\xdc\xf6\x15\x2b\xe2\x9a\
\xae\xa9\xc1\x52\x5d\x0e\x80\xa1\xba\x4d\xa6\x70\x93\x25\xaa\x5e\
\xa8\x16\xdf\xab\x07\xd2\xaf\xe3\x5e\xb9\x2a\x24\xc3\xaa\x9b\x22\
\xc5\xca\x52\x93\xde\xff\x5e\x3d\x5a\x53\xa7\x4e\xe5\xd5\xe5\x46\
\x8d\x1e\x5d\xf6\xe7\x8d\x1b\x37\x32\x68\xe0\x40\x7e\xf8\xfe\x7b\
\xc3\xd7\xb7\x6c\xd5\x8a\xb9\xcf\x3f\x8f\xa2\x28\x25\x6a\x5d\xd5\
\xab\x67\x5d\xdb\x08\x4c\x28\xf3\xd3\xbd\x47\x77\x34\xad\x7a\x1e\
\xb0\xb1\xc2\xd7\x5f\x7f\xcd\xaa\x95\x2b\x51\x2c\xe9\x28\x9a\xf1\
\x3d\x7d\x9a\x5a\x84\x74\x23\x5c\x4b\xcb\x16\xff\x47\xa6\x4d\xe3\
\xc8\x91\x23\x5c\x73\xf5\xd5\x47\x17\xff\x2a\x4d\x06\x95\x08\x4f\
\x40\x8f\xff\x2f\x0f\x3c\x60\xf8\xaa\xf4\xba\xc9\xf4\xe8\x6e\xac\
\x2b\xb1\xc4\x52\x97\xe2\x30\x0c\x08\x8a\x56\x9a\x88\x23\x15\xb5\
\xc5\x57\x5d\x31\xae\x12\x54\x97\x03\xd0\xdb\xe8\x44\xb0\xa3\x7f\
\xe3\x7b\xf5\x40\xb1\x68\xe4\x2e\xfd\x81\xfa\xef\xbc\x49\xea\xa4\
\xeb\xb1\xb7\x39\x13\xa2\xac\x4a\xfb\x07\x4b\x3a\xba\xc9\x4e\x69\
\xf0\x80\xb3\xab\x74\xbd\xe6\xcd\x9b\xd3\xbd\x47\x20\x3c\xa6\x68\
\x69\x14\x16\x14\x70\xd5\x98\xab\x98\xf7\xf2\xcb\x48\x59\x7e\x1d\
\x45\xef\x3e\x7d\x98\xfa\xe0\x83\x20\x05\xba\x6b\x39\x52\x44\x56\
\xed\x2a\x96\x28\x8d\x9a\xf4\xef\x5f\x6d\x75\x37\x31\x81\x10\x82\
\xa7\x9e\x78\x02\x00\xd5\x9e\x17\x61\x6b\x4e\x53\x23\x48\x77\xd9\
\xac\x8f\xc1\x43\x86\xf0\xc8\xb4\x69\x14\x14\x14\x70\xf5\x98\x31\
\x2c\xfd\xe5\x97\x20\x16\xff\xc0\x48\x62\x29\x8a\x19\x3c\x64\x08\
\x6d\xdb\xb5\x33\x7d\xed\xc0\x4b\x8c\x53\x6e\x3e\x54\x7e\xb2\x54\
\x4b\x14\x3c\x2a\x50\xa8\x70\x6d\xec\x5d\x1d\x9f\x1b\xf6\xd5\xb3\
\x44\xba\xd0\x50\x3e\xad\x7d\x10\xe1\x7f\x35\x29\x89\xb8\x76\x6d\
\x01\x50\xac\x56\xe2\xbb\x9f\x4d\xdd\x7b\xa6\xd0\xf0\xd3\x8f\xc8\
\x5d\xfa\x23\x59\xcf\xce\x26\x69\xc4\x30\x2c\xf5\x22\x1f\x26\xfa\
\xc1\xa4\xf8\x2f\x3e\xde\xce\x05\x7d\xcc\xbf\x04\xe5\x31\x71\xe2\
\xc4\xc0\x1f\x4a\xb4\xbd\x41\xe5\xb1\xe9\xd3\xb9\xf5\x96\x5b\xca\
\x46\xf6\x9e\xc8\xd8\x71\xe3\xca\x3a\x03\x02\x1e\x7d\xed\x13\xeb\
\x09\x3f\x02\xe1\xdf\x8b\xd5\x6a\xe5\xc2\xbe\x86\x4d\x2c\xa7\x04\
\x5f\x7f\xfd\x35\x1b\x36\x6c\x40\xb1\x64\xa1\xa8\xe1\x57\x94\x3b\
\x4d\x94\x21\xbd\x65\x8b\xff\xa0\xc1\x83\x79\x6a\xd6\x2c\xf6\xec\
\xde\xcd\x95\x57\x5c\x11\xc8\xf9\xab\x89\x55\x5e\xfc\x91\x5e\x84\
\x67\x03\x76\x7b\x1c\xf7\xdc\x73\x4f\x85\x2f\xef\x7b\x41\x07\xd3\
\xd6\xe8\x6f\x2d\xb5\x5b\x95\xb3\x82\x34\x40\x8b\xbc\x36\xd7\x85\
\xbd\xd5\xa3\x3a\xb6\xcf\xc6\xd5\x1c\x10\xd4\xf4\xbf\xf8\xee\xdd\
\x0c\x77\xfa\x5a\x5a\x1d\x12\x07\x0d\x20\xf3\xc9\x19\x34\xfe\xe9\
\x5b\x1a\x7d\xfd\x39\xe9\x0f\xde\x8f\xa3\xcf\x79\x95\x9f\x01\xad\
\xaa\xd4\xbd\x67\x4a\x95\xed\x3a\x91\x62\xc5\xc2\x72\x8b\xb1\x06\
\x76\x9f\xf3\xda\x12\x1f\x5f\xf5\xa2\x9d\xde\x7d\xfa\x90\x97\xd7\
\x02\xe9\xdf\x07\x6a\x02\xaa\xa3\x1b\x8a\x9a\xc0\x67\x9f\x7e\xca\
\xa0\x81\x03\xf9\xf3\x8f\xf2\xe7\x51\x3f\xf4\xf0\xc3\xf4\xbb\xe8\
\xa2\x40\x41\x4f\x49\x2b\xcf\x69\x8c\x91\xbe\xdd\x20\x7d\xf4\xe9\
\xd3\x87\xa4\xa4\xca\x0f\x68\xaa\x8d\xbc\xf6\xca\x2b\x00\xd5\x30\
\x48\x26\x7a\xa9\xce\xe9\x9a\x51\x8d\x74\xa3\x3b\x7f\x46\x0a\x27\
\x97\x0e\x18\xc0\xac\xd9\xb3\xd9\xbc\x79\x33\xc3\x86\x0e\x65\xfd\
\xba\x75\x28\x6a\x72\xd5\x17\x7f\x4a\x0a\xff\xa4\x8f\xdb\x26\xdf\
\x46\xbd\xec\x8a\x05\x7d\x12\x12\xe2\xe8\x73\x5e\x5b\xc3\xf3\xbf\
\x5a\xea\xe0\x0a\x83\xc8\x51\x42\xbf\x0b\x49\xe8\x7b\x41\xc8\xd7\
\x09\x37\x95\xd8\x1c\x87\x7d\x3c\x70\x75\x38\x00\x86\x25\xee\x99\
\xc2\x4d\xba\xac\x7a\x1f\x66\x7c\x4f\x53\x9f\xe2\x38\x6c\x79\xcd\
\x49\x19\x3f\x96\xec\xd7\x5e\xa6\xc9\xca\xa5\x95\x4a\x17\xc4\x77\
\xee\x84\x35\x37\xb7\xca\x76\x9d\xc8\x4f\x96\x74\xfc\x26\x3f\xd2\
\x8b\xfa\x76\x0c\xea\xba\x8a\xa2\x70\xed\xf5\xd7\x01\x20\xbc\x9b\
\x4b\xbc\xf1\xb3\x51\x2c\x59\x6c\xda\xb4\x89\xc1\x83\x06\xf3\xde\
\xbb\x27\x8f\xbd\xd4\x34\x8d\xa7\x9f\x79\x86\x4e\x9d\x3a\x95\xb4\
\x07\xfe\x06\x61\x19\xb2\x59\x3b\x11\xbe\xc0\x02\x30\xe6\xaa\xab\
\x22\x6c\x49\x64\xf9\xfd\xf7\xdf\xf9\xf9\xe7\x9f\x51\xb4\x14\x14\
\x2d\x35\xd2\xe6\xd4\x08\xc2\xbb\x15\x6a\xf3\x70\x2b\x23\x44\x69\
\xd8\xbf\x98\x8b\xfb\xf7\x67\xf6\x9c\x39\xfc\xba\x7c\x39\x23\x86\
\x0d\x27\x3f\x3f\x1f\x45\xab\x5b\xb2\xf8\x57\x4d\x40\x47\xea\x05\
\x08\xdf\x0e\x72\x72\x72\xca\x46\x05\x57\x86\x8b\x2e\x34\x7e\x46\
\x7a\x51\xf9\x59\x0b\xbd\x1b\xc0\xda\x38\x87\x8c\xc7\x1e\xc1\xda\
\x24\x37\xe4\x6b\x85\x93\x46\xc2\x49\xaa\x79\xa4\xb6\x72\xed\x63\
\x55\xa0\x46\x23\x00\xad\x83\x2c\x48\x73\xf4\xaa\xbc\x03\x70\x2c\
\x86\xe9\x82\x61\x97\xa1\x65\x04\x42\xf5\x8a\xdd\x4e\xca\x75\x13\
\x70\xfe\xef\xdb\xa0\x3e\xe3\x58\xcc\x72\x54\x76\xbb\x95\xf3\x7a\
\xb5\x09\xfa\xda\x83\x07\x0f\x26\x3b\x3b\x1b\xe9\xcb\x0f\x8c\xe2\
\x55\x2c\x81\x51\x9f\xf6\x33\xf0\xf9\x7c\xdc\x77\xef\xbd\xdc\x3e\
\x79\xf2\x49\x29\x81\xb8\xb8\x38\xe6\xbd\xfa\x2a\xcd\x9a\x37\x47\
\xfa\xf7\x23\x4e\x6b\x04\x94\x8b\xd4\x0f\x22\xf5\x42\x72\x73\x73\
\xe9\xd9\x2b\xec\x8e\x76\x4c\xf1\xc6\xeb\xaf\x03\xa7\xce\xee\x5f\
\x8a\x22\x84\x67\x5d\xb5\xb5\xd4\x45\x2b\x52\x38\xf1\x3b\x97\x94\
\x85\xfd\x9f\x9b\x3b\x97\x2f\x3e\xff\x9c\xd1\xa3\x46\x51\x58\x58\
\x80\x62\xa9\x87\xe6\xe8\x58\xe9\x56\xbf\xa3\x08\x84\x7b\x35\x00\
\x8f\xcd\x98\x81\xad\x0a\xea\x7b\x7d\xce\x6b\x67\x9a\x06\xf8\xde\
\x6a\x9c\x62\xad\x2c\xee\x65\xbf\xa2\x65\x64\xd0\x70\xe1\x07\x64\
\xce\x79\x92\x94\x71\x57\x13\xdf\xe3\x6c\xb4\xcc\xd0\xaf\x1d\x2a\
\x15\xac\x91\xc1\x2d\x84\x26\x84\xd5\x01\xc8\x6b\x73\x5d\x1a\x60\
\x38\xbe\x30\x18\x07\xc0\x52\x2f\x0b\x6b\xb3\xa6\xf8\xb6\x6e\x43\
\x7a\x43\xcb\x63\x97\xa5\x0b\x66\xcd\x24\xf7\x97\xef\x69\xf4\xe5\
\x3f\x69\xfc\xfd\x37\x24\x5c\x78\x3e\xce\xff\x19\x57\xd6\x57\x06\
\x3f\x2a\xcb\x4c\x2a\xa5\xcf\x3b\xa7\x0d\x0e\x47\xf0\x0f\x18\xab\
\xd5\xca\x8d\x37\xdf\x0c\xc8\x32\x3d\x6d\x00\xd5\x96\x83\x1a\xdf\
\x0d\x45\x75\xb0\xf0\xe3\x8f\xb9\xa4\x7f\x7f\x7e\xfd\xf5\xd7\xe3\
\xde\x9b\x92\x92\xc2\x9b\x6f\xbd\x45\x66\x66\x56\xc9\x40\x8f\x75\
\x41\xdb\x51\x5b\x11\x9e\x80\x4a\xd9\x84\x6b\xaf\x2d\xb7\x4f\xf9\
\x54\xc1\xe3\xf1\xf0\xe5\x17\x5f\xa0\xa8\xb6\x6a\x19\x25\x1b\x7d\
\xc8\x12\xa7\x58\x80\x7a\xea\x38\x00\x01\x35\xc1\x40\xab\xdf\x95\
\x23\x47\x32\x6b\xd6\x2c\xe6\x3e\xf7\x1c\x93\x6f\xbb\x0d\x9f\xcf\
\x57\x32\x57\x20\xb8\x81\x4f\xc2\xb3\x09\x29\x8a\x19\x3e\x7c\x38\
\x3d\x7a\x56\x6d\xd3\xea\x70\xd8\xe9\x71\xb6\x71\x37\xc0\x32\x2d\
\x0d\x7f\x88\xed\xa8\x9e\xd5\xbf\x23\x7d\x3e\xd4\xe4\x64\x92\x2e\
\x1b\x4c\xfa\x43\x0f\x50\x7f\xfe\x9b\xe4\xfe\xfc\x3d\x4d\x56\x2d\
\xa3\xc1\x87\xef\x91\xf9\xe4\x0c\x52\xaf\x1d\x8f\xe3\xfc\xde\x58\
\x1b\x35\xac\xb1\x62\xf3\xd6\xba\xe9\xb0\xa2\x8e\xe1\x9e\x0b\x10\
\xee\xbe\x0a\xd3\x12\xf7\x33\x82\x18\x1d\x5b\x1a\xfe\xcf\x1f\x33\
\x16\xff\xbe\xfd\xc4\x77\xe9\x4c\xfc\x79\xe7\xe0\xe8\xd5\x13\x5b\
\xab\x8a\x87\x4f\x98\x61\x6b\xd5\x12\x00\xdf\xa6\xcd\xf8\x77\xee\
\x0c\xe9\x5a\x2b\x2d\xa9\xa6\xf9\xa9\x0b\x7a\x87\xae\x99\x7f\xf9\
\xe5\x97\xf3\xc2\xdc\xb9\xe4\xe7\xe7\x23\x6d\xcd\xca\x06\xb2\x28\
\x5a\x32\x9a\xa3\x3b\xba\x67\x0d\xdb\xb6\x6d\x63\xc4\xb0\x61\xdc\
\x36\x79\x32\x37\xde\x74\x53\x59\x2b\x5b\x76\x76\x36\x6f\xbe\xf5\
\x26\x97\x8f\xb8\x9c\xc3\x87\x37\x83\x62\x41\xb5\x35\x0d\xd9\xa6\
\xda\x80\xf4\xef\x47\xea\x87\xc8\xc9\xc9\xe1\xca\x2b\xae\x88\xb4\
\x39\x11\xe5\x9b\xff\xfe\x97\x23\x47\x8e\x94\xe8\xfd\xd7\x7e\x47\
\x48\xf8\xb6\x97\xb5\xca\x2a\xd5\xd4\x57\x1f\x6d\x1c\x3b\x47\x60\
\xf4\xe8\xd1\xdc\x77\xff\xfd\xdc\x7a\xeb\xad\x7c\xf1\xf9\xe7\xa0\
\xa8\xa8\xf6\x33\x50\xad\x95\x53\x2a\x2d\xef\xda\xc2\xbb\x89\xb4\
\xb4\xba\xdc\x6f\xd2\xf6\x67\xc6\xc5\x7d\x3b\xf2\xcd\xe2\x95\xe5\
\x9e\x73\x2a\x16\x56\x6b\xa9\x74\x08\x61\xf0\x99\xf4\x7a\xf1\xac\
\x5a\x4d\x5c\xc7\xb3\x38\xf2\xc9\xa7\x78\x37\x6c\x44\x4d\x4e\xc6\
\x9a\xd3\x08\x6b\x6e\x63\xec\xed\xda\x12\xd7\xf1\xac\xe3\xdf\xe3\
\x76\xe3\xdd\xb4\x19\xdf\xfa\x0d\x78\x37\x6e\xc2\xbb\x6e\x3d\xbe\
\x8d\x9b\xf0\x6d\xde\x82\xf4\xfb\x83\xb6\xe5\x44\x2a\xd8\x24\xab\
\x40\x57\x60\x51\xb8\x3e\x2f\xdc\x0e\x80\xa1\xbb\x17\x27\x75\x9a\
\xea\x47\xaa\x7c\xc1\xf8\x9e\xdd\xf1\xac\xfe\xbd\x4c\xa1\xcf\xf9\
\xed\x77\x38\xbf\xfd\x8e\x03\x80\x96\x99\x81\xa3\x57\x4f\xe2\x7b\
\xf5\xc0\x71\x4e\xcf\xb2\xb0\x7e\x55\x71\xfe\xef\xbb\xa0\xde\x77\
\x2c\x66\xb9\x29\x55\x55\xe8\x7d\xae\x71\x71\x4b\x65\xb1\x5a\xad\
\xdc\x7c\xcb\x2d\xfc\xe5\xfe\xfb\x11\x9e\xf5\xc7\x0f\xe2\x51\x2c\
\x68\x71\xed\x90\x5a\x06\xc2\xb3\x86\x39\xb3\x67\xb3\x78\xf1\x62\
\xe6\x3c\xfd\x34\x8d\x1a\x05\x86\xb7\xb4\x68\xd9\x92\xd7\xdf\x7c\
\x83\x31\xa3\x46\xe1\x74\xae\x07\x2c\xa8\xb6\x9c\x90\xed\x8a\x6d\
\x04\xc2\x13\x28\xa2\xbc\xf9\xd6\x5b\xd1\x2c\xb5\xb7\xd7\xb8\x32\
\x2c\x5c\xb8\x10\x00\x25\x4c\x53\xd8\xa2\x1a\xe9\x45\x7a\x8f\x99\
\xfa\x59\x8b\xfb\xcc\x4b\x91\x7a\x21\xba\x6b\x19\x48\x1f\x37\x4c\
\x9a\xc4\xc8\x51\xa3\x18\x3e\x6c\x18\x7f\xfc\xf1\x07\x28\x56\xb4\
\xf8\x0e\x21\x68\x3e\x08\x84\x6b\x15\x20\x79\xec\xf1\x19\xa4\xa6\
\x06\x57\x3f\xd2\xfb\xdc\xb6\xa8\xaa\x82\x10\xe5\xd7\x2b\x2d\xb1\
\xa4\x87\xe4\x00\xc0\xd1\x34\xc0\x9e\x5b\xef\x38\xe9\x5c\xf2\x15\
\x23\xc8\x98\x39\x9d\xbd\x77\xde\x0b\xba\x8e\x25\xa7\x51\xc0\x39\
\x68\xd4\x88\xb8\xae\x5d\x48\x1c\x34\xa0\x6c\xaa\xa0\xf4\xeb\xf8\
\xb7\x6e\xc5\xbb\x61\x23\xde\xf5\x1b\xf0\x6e\xd8\x88\x6f\xc3\x46\
\xbc\x1b\x37\x21\x5d\x55\x6f\xbf\xce\xd3\x8b\xb0\x22\xcc\xa4\x8f\
\xcf\x26\x8a\x1d\x00\xc3\xf9\xb6\xad\xc4\xe1\xa0\xf4\xff\x1d\xbd\
\x7a\xe2\xfa\xf1\xa7\x72\xcf\xe9\x7b\xf7\x51\xf4\xe1\xc7\x14\x7d\
\xf8\x31\x28\x0a\xb6\x96\x2d\x70\x9c\xd3\x93\xf8\x73\x7b\x11\xdf\
\xa5\x33\x4a\x5c\xe5\xaa\x56\x9d\xdf\x86\xee\x00\xfc\x62\x22\x55\
\xd9\xa1\x5d\xd3\x2a\x89\xff\x98\x71\xf9\xe5\x97\x33\x6f\xde\x3c\
\x36\x6f\xda\x84\xd4\x73\x4f\xd2\x01\x57\xac\xd9\x68\x5a\x2a\xba\
\x7b\x15\xcb\x97\x2d\xe3\xe2\x7e\xfd\xb8\xf7\xbe\xfb\x18\x73\xd5\
\x55\x28\x8a\x42\x87\x0e\x1d\x78\x79\xde\x3c\xc6\x8d\x1b\x87\xd7\
\xb3\x36\x30\xd5\xcf\xda\x20\x2c\xb6\xc5\x22\xa5\xe1\xca\x0e\x1d\
\x3a\x30\x74\xe8\xd0\x48\x9b\x13\x51\x7c\x3e\x1f\x8b\xbe\x59\x84\
\xa2\xda\x51\x34\xe3\x6e\x96\xda\x82\xf0\xac\x47\x0a\x1f\x9a\xa6\
\x05\x66\x6d\xd4\x72\x07\x40\xea\x07\x4a\x26\x86\xfa\xb9\xe9\xe6\
\x9b\xe9\xd4\xb9\x33\x03\x2f\x1d\xc0\xe1\xc3\x85\x01\xa9\xe7\xf8\
\xb3\x50\xd4\x4a\x76\x4e\x95\x83\xf0\x6c\x40\x8a\x22\x86\x0d\x1b\
\x46\xbf\x7e\xfd\x82\xbe\x4e\x9d\x3a\x89\x74\x68\xd7\x94\xe5\xbf\
\x6d\x2c\xf7\xfc\x12\x4b\x5d\xae\x2f\x91\x16\x0e\x16\xf7\xb2\xe5\
\x86\xb5\x65\xae\x25\x81\xa9\xb0\x8a\xd5\xc2\xe1\x0f\x3e\x3c\xe9\
\xbc\x62\xb3\x61\x69\xd8\x80\xf8\x2e\x9d\xc9\x98\x39\x1d\x6b\xb3\
\xa6\x58\x9b\x35\x25\xe1\xa2\x63\x5a\x87\xa5\xc4\xbf\x6b\x17\xbb\
\x46\x5e\x8d\x6f\x9b\xb1\x7a\xeb\x89\x58\x10\xe4\xe9\x45\xac\x31\
\x9e\xef\xd0\xad\xd2\x17\xab\x04\xe1\x4e\x6c\x18\x96\x70\xe6\x05\
\x31\xfd\xcf\x96\xd7\x1c\x2d\x33\x03\x59\xc1\x20\x1c\x00\xa4\xc4\
\xfb\xc7\x9f\x14\xbc\xfc\x2a\xf9\x57\x8d\x67\x73\xfb\x2e\xec\x1a\
\x7d\x0d\x05\x2f\xcd\xc3\xb3\x66\xad\xf1\xdb\xfc\x7e\xdc\x06\x0e\
\x46\x65\xd9\xad\xc6\xb3\xcb\xe4\x8b\xd3\xa7\x77\xd5\x7b\xff\x8d\
\xd0\x2c\x16\xee\xbb\xef\x3e\x80\x32\x85\xad\x93\x50\xe3\xd1\x1c\
\x5d\x50\xed\x2d\x70\xbb\x3d\x3c\xf4\xe0\x83\x8c\x19\x3d\x9a\x5d\
\xbb\x76\x01\xd0\xbd\x47\x0f\xe6\xce\x9d\x8b\x66\xb1\x20\xdc\xbf\
\x23\xfd\x7b\xc2\x66\x5f\x2c\x21\x45\x31\xc2\xb7\x19\x55\x55\x99\
\x3e\x63\xc6\x29\x3f\xfa\x77\xd9\xb2\x65\x78\x3c\x6e\x14\xad\xf6\
\x0a\xae\x94\x22\xc5\x11\x84\x6f\x07\x99\x99\x99\x65\x42\x5b\xe1\
\xdf\x0f\x45\x0f\xd2\xbf\x1b\xdd\xb9\x1c\xa4\x9f\xbb\xef\xb9\x07\
\x4d\xd3\x98\x30\x6e\x5c\x60\xf1\xb7\xd4\x43\x73\x74\x0b\x69\xf1\
\x97\xfa\x01\x84\x77\x33\xd9\xd9\xf5\x99\xfa\xd0\x43\x21\xdb\x6b\
\x16\x31\xcd\x57\xe3\xd9\x1d\x82\xad\x00\xee\xe5\xbf\xe2\xdd\x58\
\xfe\xbc\x14\xdf\x96\xad\xf8\xf7\xec\x25\xae\x53\xf9\xcb\x99\xf4\
\x7a\xb1\x64\x65\x51\x67\xf2\xcd\xc6\x1f\xa0\x28\xf8\xf7\xee\x43\
\xb8\xaa\xae\x7a\x7b\x86\x79\x1d\x80\xe1\x26\x3b\x18\xc2\xf6\xc4\
\xcb\x6b\x73\x5d\x0e\x60\xf8\xe4\x08\xc6\x01\x28\x1d\xff\x6b\x6d\
\xda\xa4\xca\xef\x95\x1e\x0f\xae\xef\x7f\xe4\xc0\x8c\x27\xd8\x71\
\xc9\x60\xb6\x74\x3c\x9b\x3d\xb7\x4d\xa1\xe8\x83\x0f\x8f\xcb\xf7\
\xbb\x97\x2e\x0b\x79\xb8\x90\x59\xf1\x1f\x40\xef\x73\x82\xaf\xfe\
\x2f\x8f\x0b\xfb\xf6\xa5\x4b\xd7\xae\x48\xfd\x90\x89\xde\xbf\x82\
\x6a\x6b\x82\xea\xe8\x81\xa2\x25\xf3\xe3\x0f\x3f\x70\x51\xdf\xbe\
\xbc\x33\x7f\x3e\x52\x4a\x2e\xec\xdb\x97\xd9\xb3\x67\xa3\x28\xa0\
\xbb\x56\x20\xfd\xa1\x8f\x53\x8e\x35\x84\xfb\x77\x90\x82\xf1\x13\
\x26\x70\xc6\x19\xc6\x85\x47\xa7\x0a\xdf\x7f\x17\x88\x84\x29\x61\
\x68\xb5\x8a\x76\x4a\x8b\x3e\xa7\xdc\x79\xe7\xd1\x83\x61\xe8\x31\
\x8f\x46\x84\x6f\x1b\xba\x6b\x25\x8a\x22\x99\x72\xe7\x9d\xfc\x6f\
\xf1\x62\x9e\x7d\xe6\x19\x24\x0a\xaa\xbd\x55\x20\x95\x18\xca\xbf\
\x5d\x7a\x11\xae\x55\x28\x8a\xc2\xb3\xcf\x3d\x4b\x72\x72\xe8\xc2\
\x51\x66\x7a\x00\x50\xf1\x33\xb7\x22\xf4\xbd\xfb\xd8\x73\xf3\x64\
\xc3\xf3\xee\x5f\x96\x96\xeb\x00\x28\x76\x3b\x75\xa7\xde\x47\xfd\
\xf9\x6f\x60\x31\xd1\x36\x28\xf8\xdb\xcb\xec\x1a\x31\x0a\x7d\xdf\
\xbe\x2a\xdb\x96\x67\xee\x00\x34\x0c\xe7\x60\xa0\x70\x6e\x79\x4c\
\x3d\x93\xbc\x60\x0a\x00\x7b\x74\x07\x20\xae\x7d\xbb\x32\x67\x20\
\x58\xf4\x83\x07\x39\xb2\xf0\x9f\xec\xbd\xf3\x5e\xb6\xf6\xec\xc3\
\xde\x29\x01\x65\x2a\xe7\xe2\xd0\xc3\xff\x66\xe2\x3f\x19\xe9\xc9\
\xb4\xc8\x0b\x7f\x88\xfd\xc1\x87\x1e\x42\x51\xd4\x40\x14\xc0\x44\
\xe0\x47\x51\x13\xd0\x1c\x67\xa3\xda\xf3\x70\x3a\x5d\xfc\xe5\xfe\
\xfb\x19\x75\xe5\x95\x6c\xd9\xbc\x99\x81\x83\x06\x31\x6d\xfa\x74\
\x40\xa2\xbb\x7e\x3b\xa5\x9c\x00\xe1\xdb\x81\xd4\x0f\xd1\xb8\x71\
\x63\x6e\xbf\xe3\xe4\x3c\xe0\xa9\x48\xe9\x8c\x09\xa5\x96\x4f\x5e\
\x93\xa2\x08\xe9\xdf\x43\x4e\xe3\xc6\x0c\x1d\x3a\xb4\xac\x75\x56\
\xa9\x85\x29\x00\xe1\xd9\x80\x70\xaf\xc5\x6e\xb7\x31\x72\xe4\x48\
\x5e\x99\x37\x8f\x9f\x7e\xfa\x29\x30\x51\x30\xbe\x4b\x18\x26\x3c\
\xca\xc0\xcc\x11\xe9\xe1\xd6\xdb\x6e\xa3\x53\xe7\xf0\x6c\x50\x5b\
\xb6\x68\x48\x46\x86\xf1\x98\x63\xb3\x67\x6e\x38\x70\xfd\xb8\x04\
\x6b\x93\x5c\xb4\xb4\xa3\x8e\x86\xfd\xcc\xd6\x34\xfc\xf4\x23\x52\
\x27\x8c\x2b\xab\x01\x38\x11\xfd\xe0\x21\xf2\xc7\x4e\xe4\xc0\xe3\
\x4f\x06\x5d\x1c\xd8\xbc\x62\x3d\x8a\xb0\x8d\x29\x0d\xa7\x03\xd0\
\xc9\xe8\x44\xb2\xf4\x51\xaf\x8a\x03\x80\x14\x8b\x16\x50\x00\x04\
\x50\x14\xea\xfd\x6d\x2e\x71\x67\x75\x08\xc9\xc0\x63\x29\x5a\xf0\
\x11\xbe\xed\x3b\x70\x85\x98\xff\x17\x28\xfc\x66\x92\x2f\xed\xd9\
\xbd\x75\xb5\xb4\x95\x9d\x79\xe6\x99\x8c\x1e\x33\x1a\x29\xdc\xc7\
\xb5\x05\x96\x8f\x82\x6a\x6b\x8a\xea\xe8\x8e\xa2\xa5\xb2\x64\xc9\
\x12\x2e\xbe\xe8\x22\x5e\x7c\xe1\x05\x2e\xbf\xfc\x72\x1e\x9d\x36\
\x8d\x32\x27\xc0\x7c\x2c\x65\xed\x40\x7a\x91\x25\xe9\x93\x27\x9e\
\x7c\x92\xf8\xca\x2a\x46\xd6\x62\x84\x10\xac\x5d\xbb\x36\x10\x06\
\xae\xa2\xe8\x4b\xac\x21\xbd\x5b\x01\xb8\xf9\x96\x5b\xd0\x2c\x16\
\x8a\x9d\xce\x92\x33\xb5\xc9\x01\x90\x08\xf7\x1a\x84\x77\x23\x36\
\x9b\x8d\xe6\xcd\x9b\x33\x7f\xfe\x7c\x0a\x0a\x4a\xfb\xfb\x7b\x84\
\x45\xe4\x49\x78\x37\x21\xfd\xfb\xe9\xde\xbd\x3b\x37\xdf\x72\x4b\
\x18\xec\x3e\x4a\x4f\x93\xe1\x40\x2b\xb4\x3a\x88\x6a\xec\x52\x71\
\xff\xb2\x14\x20\x10\x05\xd0\x34\xea\xdc\x74\x03\x0d\x16\x2e\xc0\
\x96\xd7\xdc\xf0\x3d\xae\x9f\x7f\x61\x47\xff\x81\x38\x17\xfd\x2f\
\xa4\xcf\xae\x2f\x5c\x24\x48\x53\xe7\x21\x6c\x69\x80\x70\x3a\x00\
\x61\xcd\xff\x4b\x5d\x90\x3f\x76\x22\x87\x9e\x99\x8b\xfb\xd7\xdf\
\x50\x1d\x0e\xea\xff\xdf\xdb\xa4\x4e\xba\xae\xd2\xc5\x7d\x15\x21\
\x0e\x1e\x32\xad\x0f\xa8\x0c\x1b\xb5\x44\x9c\x26\x3b\x07\xb3\x09\
\x57\xa1\x32\xe5\xce\x3b\xa9\x53\x27\x0d\xe1\xdb\x8a\x14\x15\x77\
\x58\x04\x14\x04\xbb\x96\x88\x07\x09\x9e\x7c\xe2\x09\x06\x0d\x1c\
\x48\x9b\xb6\x6d\x8f\x71\x02\x96\xd7\x7a\x27\x40\x78\x37\x22\xa5\
\x9f\x51\xa3\x46\xd1\xa5\x6b\xd8\x9c\xe9\x98\x66\xeb\xd6\xad\xb8\
\xdd\x6e\x50\x6b\xb9\x04\xb2\xf4\x21\xfd\xbb\xc9\xc8\xc8\x60\xc8\
\x90\x21\x00\x1c\x29\x2a\x79\x3e\xd5\x9a\x14\x80\x40\x77\xad\x40\
\xf8\x02\xc5\x67\x42\x08\x7e\xff\xfd\xf7\x40\xc1\x6f\x5c\x9b\x92\
\x90\x7f\xe8\xce\x8e\xf4\x1f\x40\x78\x36\x92\x9e\x9e\xc1\x33\xcf\
\x3d\x17\xf6\xe9\x99\xbd\x7a\xb4\x36\x3c\x57\xac\x58\xd8\xa8\x85\
\xa7\xb0\xba\x3c\xbc\xeb\x37\xa0\x1f\x3c\x44\xe2\xe0\x01\x34\x78\
\x7f\x3e\x69\x77\xdd\x81\x62\x31\xf8\xf7\x09\xc1\xa1\x67\x9f\x67\
\xd7\xc8\xab\xf1\xef\x09\x3d\x8a\xaa\x00\x2d\xcc\xa3\x00\x86\x9b\
\xed\xaa\x12\x4e\x07\xc0\xb0\xd2\x2d\x2f\x18\x89\x4d\x29\x71\x2f\
\x5d\xce\xc1\x39\xcf\xb2\xf3\xb2\xcb\xd9\x7c\x56\x37\xf6\xdc\x7a\
\x07\xd6\x9c\x1c\x1c\xe7\x86\xae\xd4\xa6\x58\xad\xb8\x57\xac\x04\
\x21\x42\xba\xce\xca\x0a\xaa\xa5\x7b\x76\x37\xbe\x89\x43\x25\x25\
\x25\x85\x07\xa6\x3e\x00\xb2\x54\x79\xab\x32\x5d\x16\x0a\xaa\x2d\
\x07\xcd\xd1\x13\xc5\x92\xc1\xda\xb5\x6b\x19\x3a\x64\x08\x7f\xac\
\x5d\x1b\xf0\xe0\xa5\x5e\xab\x9d\x00\x29\x5c\x08\xdf\x0e\x12\x12\
\x13\x8f\xcf\xff\x9e\xe2\xac\x5d\xb3\x06\x00\xa5\x96\x3b\x00\xc2\
\x97\x8f\x94\x3a\x57\x8e\x1c\x89\xa5\xa4\xe5\xb3\xa8\xa8\xa8\xf6\
\x74\x00\x48\x1f\xba\x73\xe9\x71\x85\xbd\x7e\xbf\xbf\x44\xcf\xbf\
\x7b\xd8\x3a\x7e\xa4\x70\x21\xdc\x2b\xd0\x34\x8d\x17\x5e\x7c\x81\
\xf4\xf4\xf0\x17\x8e\x9a\x09\x02\x41\xc5\xcf\xde\x4a\xa1\x28\x50\
\x9e\xe3\x22\x25\xde\xb5\x7f\x90\x38\xe0\x92\x93\x34\x01\x8e\x45\
\xdf\xb7\x8f\x5d\x57\x8d\xe3\xe0\xec\x67\xa0\x32\xc5\xea\x95\xa4\
\xb9\xf9\xa6\x39\x6c\x55\xe5\x61\x71\x00\xf2\xda\x5c\x97\x0a\x18\
\x4e\x2a\xca\x0d\xa2\xff\xff\x44\x44\x61\x21\xc5\x5f\x7c\xc5\xbe\
\xfb\x1e\xa0\xf8\x5f\xff\x0e\xf9\x7a\xd2\xe7\x63\xff\x83\x7f\x0d\
\xf9\x3a\x2b\x4d\xc2\x68\x4d\x72\xb3\xc8\x48\xaf\xde\x49\x6a\x97\
\x0d\x1d\x4a\xef\x3e\x7d\x90\x7a\x61\x40\xcf\xbc\xb2\xa8\x71\x68\
\xf1\x1d\x4b\x76\x03\x76\xde\x7e\xfb\x6d\xde\x99\x3f\x9f\xbc\xbc\
\xbc\x5a\xed\x04\x08\xef\x06\x90\x82\x1b\x6e\xb8\x81\x3a\x69\xa7\
\x67\xdc\x97\xb2\x75\x6b\xe0\xde\x51\xaa\x71\x57\x15\x0d\x94\x2e\
\x8c\x03\x06\x0e\x2c\x3b\xe6\x74\x3a\xa9\x0d\xe1\x7f\x29\x5c\xe8\
\xce\x25\xc8\xe3\x7a\xe4\x15\x54\x5b\x33\xb4\x84\xb3\x51\xd4\x84\
\x30\x7d\x90\x8e\x70\xfd\x8a\x94\x3e\x1e\x7a\xf8\x21\x3a\x77\xe9\
\x12\x9e\xeb\x9e\x40\x7a\xdd\x64\xf2\x9a\x1b\x0f\xc0\x33\x7b\xf6\
\x56\x96\xac\xa7\x9f\x22\xf1\x92\x8b\x8f\x3b\xa6\xc4\xc7\x93\x31\
\x73\x3a\xf1\x3d\xbb\x9b\xbe\xd7\xf5\xed\xf7\x6c\xbf\x78\x10\xae\
\xef\x7f\x0c\xd9\x8e\x13\x69\x6a\x1e\xd1\xcd\xcd\x6b\x73\x5d\x58\
\xbe\xa8\xe1\x8a\x00\x98\x7a\x24\xb9\xa2\xfc\x91\xb5\xb1\x8e\x44\
\x61\xb5\x71\xbf\x26\xdd\xba\xb4\xac\x11\x3b\xa6\x4d\x9f\x8e\xc3\
\x91\x80\xf4\x6e\x40\x56\xf1\x67\x1d\xc8\x07\xf6\x44\xb5\xe5\x72\
\xe0\xc0\x41\xd6\xaf\x2f\xe9\xaf\xad\x8d\x4e\x80\x74\x23\x7d\xf9\
\xa4\xa7\xa7\x33\xa1\x74\xc4\xf2\x69\x00\xd8\xbd\xbb\xa4\x9b\xa4\
\x56\xeb\xe1\x4b\x10\x05\xe4\xe4\xe4\x04\x1c\xdd\x12\xfc\x7e\xbf\
\x61\x51\x57\xac\x20\xf5\x02\x74\xe7\x4f\xc7\x7d\xff\x15\x35\x09\
\x2d\xa1\x3b\xaa\xbd\x39\xe1\x53\x75\x94\xe8\xee\x15\x48\x51\xc4\
\x15\x57\x5e\x59\xed\x83\xb3\x3a\x9d\x65\x9c\x73\x5f\xad\xa5\x84\
\x5c\x07\xe0\x5e\xb1\x8a\xa4\xcb\x06\x97\xfd\xdd\xde\xe6\x4c\x1a\
\xfe\xf3\x43\x92\xaf\x18\x61\xfc\x26\x5d\xe7\xe0\x93\xb3\xd9\x75\
\xcd\x04\xf4\x03\x07\x42\xfa\x7c\x23\x2a\xb1\x69\x0e\x4b\x6b\x59\
\xb5\x3b\x00\x16\x24\x0d\x85\xd3\xe8\xb4\x31\x61\xce\x27\x55\x07\
\x5b\x55\x87\x69\xfe\xbf\x4b\xe7\x3c\xc3\x73\xe1\xa4\x7e\xfd\xfa\
\x4c\x7d\x70\x2a\x52\xea\x08\xf7\x4a\xaa\x3c\xf1\x4f\xb1\xa0\xda\
\x5b\xa2\x25\x74\x3f\xbe\x30\xa8\xd4\x09\xf0\xef\x0f\xab\xbd\x91\
\x42\x78\x77\x00\x92\xab\xaf\xb9\x86\xb8\x30\xd5\x91\xd4\x16\xf6\
\x95\xb6\x2b\xd5\x62\x07\x40\x0a\x27\x52\x0a\xce\xea\x78\x7c\xb9\
\x92\x3d\x2e\x0e\x64\xec\x4e\xc9\x94\xfe\x3d\xe8\xae\x80\xb4\x2f\
\x10\x90\xf3\xb5\x35\x0b\x7c\x9f\xc3\x9c\xd2\x11\x9e\x3f\x91\xfe\
\x7d\x74\x3b\xfb\x6c\x1e\x79\xf4\xd1\xb0\x5e\xbb\x3c\xba\x75\x31\
\x96\x7b\x77\x2a\x16\xb6\x84\x18\xd5\x70\x2f\x5b\x8e\xe3\xfc\xde\
\xa4\x3f\xf4\x00\x59\xcf\xce\xa6\xe1\xc2\x0f\xb0\x35\x6f\x66\xf8\
\x7a\xff\xee\x3d\xec\xbc\x72\x0c\x87\x9e\xff\x5b\xc8\xe9\x63\x33\
\x1a\x09\x27\x16\xf3\xe7\x78\x58\xd2\x00\xe1\x72\x00\x0c\x9b\x36\
\x73\x44\x31\x5a\x10\x0a\x80\xd9\xaf\xbc\x14\x92\x41\x35\xc1\x5a\
\x93\xdd\x3f\x40\xe7\x8e\x35\xe3\x00\x00\x5c\x71\xe5\x95\xf4\xeb\
\xd7\x0f\xa9\x1f\x0e\xcc\xe1\x0e\x02\x45\x4d\x42\x73\x74\x43\x8d\
\x6b\x83\x52\x3a\x18\xa5\xcc\x09\x88\xf5\x16\x41\x81\xf4\x6d\xc7\
\x6a\xb3\x31\x6a\xf4\xe8\x48\x1b\x13\x75\xec\xce\xcf\x07\x40\x51\
\x6b\xb1\x63\x54\xb2\x40\xa6\x9d\x90\xfa\xc9\x48\x4f\x07\xe9\x21\
\x16\x47\x65\x0b\xef\xe6\x12\x75\xbf\x40\xfe\x59\xd1\xea\xa0\x39\
\x7a\x84\x79\xd7\x5f\xfa\x59\x5b\x11\xde\xad\xe4\xe6\xe6\xf2\xe2\
\xdf\xfe\x86\xd5\x6a\x3c\xb5\x2f\x5c\x74\xad\x20\x8a\x5a\xd1\x33\
\xb8\x22\xbc\xbf\xff\x8e\x74\xbb\x49\x19\x77\x75\x40\xe2\xd7\x64\
\xe3\xe9\xfc\xcf\x37\x6c\xbf\x78\x00\xee\x5f\x96\x85\xf4\x99\x95\
\x41\x43\x92\x63\x1e\xcd\x0d\x7d\xb8\x0c\xe1\x73\x00\x0c\xc3\x11\
\x8d\xf5\xaa\x87\xff\x2d\xd9\xf5\xaa\x2d\xb4\x12\x4e\xfe\xd0\x8c\
\xf3\xfb\x59\x99\xa9\x64\xd7\xab\x59\x39\xd5\x19\x8f\x3f\x4e\x7a\
\x7a\x06\xc2\xbb\x05\xa9\x07\xff\xf3\x53\xad\x0d\xd0\x1c\xbd\x50\
\x6d\x4d\x50\x14\x95\x40\x77\xc0\x8a\x98\x8e\x04\x48\xff\x01\xa4\
\xf4\x32\x68\xe0\xc0\x93\x16\x80\xd3\x04\xa6\x00\x06\xa8\xc5\x6a\
\x88\x25\xed\x8d\xf9\x25\xce\x4e\x29\x8d\x72\x72\x00\x89\xac\x62\
\xab\x72\xa4\x11\x9e\xb5\x65\x93\x3d\x15\xc5\x16\xa8\xf0\x77\x74\
\x0d\x5f\xae\xff\x18\xa4\x7f\x37\xc2\xf3\x27\x75\xea\xd4\xe1\xb5\
\xd7\x5f\x0f\x5a\xe7\xbf\xaa\x64\xa4\x27\xd3\xa8\xa1\x71\x81\xa1\
\xd9\x33\xb8\x32\x48\xbf\x8e\xfb\xb7\x15\x15\xbc\xc6\xcf\x81\xe9\
\x8f\x93\x3f\xf1\x06\x44\x41\x70\x23\xed\x83\xa1\x89\x79\x1a\x20\
\xaa\x52\x00\x86\x23\x80\x83\xc9\xff\x5b\x9b\x37\xc3\xda\xac\x69\
\xd4\xe7\xe5\xcc\xbc\xcf\x8e\x1d\x8c\xc3\x48\xd5\x45\x9d\xb4\x34\
\xe6\x3c\x3d\x07\x45\x01\xe1\x5a\x09\x32\x84\x07\x9a\x62\x41\xb5\
\xb7\x40\x2d\xe9\x16\x40\x21\xa6\xc7\xa5\x96\x15\x7f\x0d\x1a\x14\
\x61\x4b\x4e\x13\x29\x14\x35\x01\x45\x8d\x67\xd1\x37\xdf\x50\x58\
\x78\xf4\x41\xde\xb8\x71\x89\x18\x4e\xcc\xd5\x2a\x59\x08\x14\xf9\
\x35\x46\x4b\x38\xa7\xda\x66\x7a\x48\xfd\x20\xba\x7b\x15\xf6\x38\
\x3b\xaf\xbf\xf1\x06\x8d\x73\x73\xab\xe5\x73\x8c\x68\xdf\xce\x58\
\x09\x76\x6d\x88\x0e\x00\x80\x7b\xf9\x6f\x86\xe7\xfc\x3b\x76\xb2\
\x73\xd8\x95\x14\xbc\xfc\x6a\x8d\xa7\x89\x1a\x9b\xdf\x8f\xa1\x8d\
\xc2\x2d\x21\x64\x07\xa0\xa4\x03\xc0\x70\x4b\xd5\x28\x88\x2f\x95\
\xad\x79\x33\xe2\x3a\xb4\x27\xe3\xf1\x69\xd8\xdb\xb5\x41\x09\xb3\
\x50\x8b\xbd\x7d\x3b\xe3\x9e\xce\x4a\x52\xac\x58\xd8\xae\x1a\x8f\
\x66\xee\xd0\x3e\x32\xa3\x76\x7b\xf6\xea\xc5\x6d\x93\x27\x23\xa5\
\x17\xdd\xb5\x82\x50\xc3\x9a\x8a\xea\x08\x74\x0b\x38\x7a\xc6\x70\
\x8b\x98\x44\xfa\xf7\x91\x9c\x9c\x4c\xcf\x2a\xce\x27\x3f\x55\x08\
\x14\xc2\xc5\x7e\x25\x7c\x45\x28\x96\xfa\xb8\xdd\x6e\x16\x7c\xf0\
\x41\xd9\xb1\xd6\xad\x03\xad\xba\x32\x08\xb5\xd2\x48\xa2\xda\x9b\
\xa3\x25\xf4\x42\xb5\xb7\xaa\xb6\xdf\x9d\xd4\x0b\x11\xae\xe5\x68\
\x9a\xca\xdf\x5e\x7a\x89\xb6\xed\xc2\x37\xd7\xa4\xb2\x98\x6d\xa6\
\x76\xaa\x0e\x8a\x94\xd0\x52\x11\xa5\xa2\x3f\x27\x52\xfc\xc5\x57\
\x6c\xef\x3f\x08\xcf\x8a\xf2\x47\x13\x57\x37\x15\xd4\xce\xd5\xcb\
\x6b\x73\x5d\xc8\xde\x4f\x38\x22\x00\x86\xbb\x7f\x08\xa8\x1a\x55\
\x95\x52\xb5\xa5\xe4\x2b\x46\xd0\xf0\x93\x0f\x69\xba\x76\x05\x8d\
\x7f\x5c\x4c\xf6\x9b\xaf\x50\x77\xea\x7d\x24\x8f\xbc\x9c\xb8\xce\
\x1d\x51\x83\xd4\x9c\xae\x73\xe3\xf5\x48\x7f\x68\x3d\x9b\x1b\x2a\
\x58\x0c\x23\xe5\x00\x40\x40\xe1\xec\xdc\xf3\xce\x43\xea\x05\x08\
\x77\x68\x42\x47\xa5\x28\x26\xce\x4e\xb4\x23\xf5\xc3\x48\xe9\xa5\
\x77\x9f\x3e\x65\xbd\xdf\xa7\x29\x07\x13\x49\xe9\xda\x82\x52\xb2\
\x4b\x7e\x67\xfe\xfc\xb2\x63\xed\x4a\x16\x35\x69\x3e\x8b\x3d\x0a\
\x51\xaa\xf5\x7b\x29\x45\x11\xc2\xb5\x0c\x10\x3c\xfd\xf4\xd3\x9c\
\x77\xde\x79\xd5\xf6\x59\x66\xb4\x6f\x6b\x3e\x0b\x66\xbd\x16\xda\
\xc6\xc4\xbd\xfc\xb7\xe3\x76\xf7\xd2\xeb\x65\xff\xd4\xbf\xb2\x7b\
\xd2\x2d\x88\xa2\x20\x34\x6c\xc2\x44\xa3\x8a\x8b\xe7\x43\x8e\x02\
\x84\xe3\x69\x68\x68\x84\x82\xa4\x41\x10\x0e\x80\xb5\xd9\xc9\x8b\
\xa7\x25\x3b\x1b\x4b\x76\x36\x8e\x73\xcf\x39\xee\xb8\x7f\xcf\x5e\
\x7c\xeb\x37\xe0\x5d\xb7\x1e\xef\xfa\xf5\x81\x99\xcc\xeb\x36\x20\
\x0e\x97\xef\xcd\xab\x89\x89\xa8\x75\x42\xcf\x5f\x99\xdd\x74\x9a\
\xaa\x72\x46\xab\x46\x21\x7f\x46\xb0\xa8\xaa\xca\xd3\xcf\x3c\xc3\
\xa0\x81\x03\xd9\xb1\x7d\x3b\x68\x89\xa8\xd6\x9c\x88\xd9\x13\x69\
\xa4\x08\x3c\xd8\xbb\x54\x53\xbf\x72\x6d\x20\x29\x39\x19\x90\x01\
\x27\xa0\xd6\x28\xe2\x9d\x8c\xa2\xc6\xa3\x68\xa9\x6c\xdc\xb8\x91\
\x3f\xff\xf8\x83\x96\xad\x5a\xd1\xea\x8c\x33\xb0\x5a\xad\xf8\x63\
\xce\x01\xa8\x3e\x02\x8b\xff\x52\xa4\xf4\xf1\xf8\xcc\x99\x5c\x3a\
\x60\x40\xc4\x6c\x39\xa3\x55\x23\xac\x56\x0b\x3e\x5f\xf9\xf2\xb8\
\x9b\xd4\x44\x3a\x12\x7c\xbb\xb2\x28\x2c\xc4\xbb\x61\x23\xb6\xbc\
\xe6\xe8\x7b\xf7\x91\x3f\xe1\x7a\x3c\xab\x56\x07\x7d\xbd\x70\x51\
\x4f\xb8\xd0\x90\xe8\xc6\xc5\x9c\xad\x80\xf2\xc3\x17\x95\x24\x1c\
\x0e\x80\x61\x99\x66\x96\xf0\x60\xa1\xea\xad\x12\xb6\xbc\xca\x57\
\xcf\x5b\xb2\x32\xb1\x64\x65\x9e\x34\x2c\xc8\xbf\x67\x2f\xbe\x8d\
\x9b\x02\x8e\xc1\x86\x8d\xf8\xb7\x6e\x43\x78\xdc\xa4\x5e\x3b\x1e\
\x3d\x0c\x72\x8d\x9b\x54\x63\x1d\x86\x26\x4d\xb2\x88\xb3\x57\x7f\
\x85\xac\x19\xa9\xa9\xa9\xbc\xfa\xda\x6b\x5c\x36\x78\x30\xc5\xc5\
\x7f\xa0\x28\x09\xb5\x7e\xc8\x8b\x11\xa5\x3b\xbb\xf6\xed\xc3\x52\
\x38\x5b\x2b\x39\x3a\xc1\xcd\x0f\xd4\x5e\x07\x00\x40\xb1\x64\x21\
\xf5\x02\x3e\xfb\xec\x33\x5a\xb6\x6a\x85\xcd\x66\xa3\x6d\xbb\x76\
\x2c\x5f\xb6\x0c\x29\x9c\x31\x1d\xed\x0a\x07\x52\x14\x21\x9c\x4b\
\x91\xd2\xcb\xa3\xd3\xa6\x71\xf9\x15\x57\x44\xd4\x1e\x8b\x45\xa3\
\x45\xf3\xfa\xfc\xbe\x76\x5b\xb9\xe7\x43\x8d\x00\x00\xb8\x97\x2e\
\xc7\xda\xa4\x09\x3b\x87\x5f\x89\x6f\xdb\xf6\x90\xaf\x17\x0e\x2c\
\x48\xea\x09\x17\x3b\x8d\xef\xc7\x90\x85\x66\xc2\x91\x02\x30\x8c\
\x00\x04\xd3\xff\xaf\xd5\x49\x45\x4b\x0b\xbd\x7a\xde\x92\x95\x49\
\x7c\x8f\xb3\x49\x19\x7b\x15\x19\xd3\x1e\x26\xfb\xad\x57\x69\xf0\
\x7f\xf3\x49\xe8\x7b\x21\x3e\x83\x39\xd0\x55\x61\x83\xc9\x4d\xd7\
\xa6\x75\xa8\x13\xb6\xc2\x43\xf3\xe6\xcd\x79\x6e\xee\xdc\x40\x51\
\xa0\xfb\xb7\x98\xcb\x71\x86\x0d\xfd\x08\x9a\xa6\x9d\x1e\xf9\x6b\
\x42\xa9\x03\x20\xa5\x2f\xc2\x96\x54\x3f\x8a\x25\x13\x80\x45\x8b\
\x16\x95\x1d\xeb\x5a\x32\x13\xe2\x78\x15\xbd\x53\x8f\xa3\x3b\xff\
\xc0\xe2\x3f\x7a\xcc\x98\x48\x9b\x04\x40\xeb\xd6\xc6\x11\xcc\x8a\
\xd2\xb1\x95\xc1\xbd\x74\x19\x9e\x5f\x7f\x8b\x9a\xc5\xbf\x94\x0a\
\xd2\x00\x21\xa7\x00\xc2\xe1\x00\xe4\x1a\x9d\x68\x10\x84\x03\x50\
\x95\xdd\x7f\xb0\x78\x37\x6f\x09\xed\xfd\xa8\xec\x50\x8d\x0b\x13\
\xcf\x34\xb9\x59\x6b\x9a\xde\x7d\xfa\xf0\xc8\xb4\x69\x48\xe9\x47\
\x38\x97\x21\x83\x48\xc9\xc4\x3a\x52\x7a\xc8\xc8\xcc\xe0\x92\x95\
\x28\x00\x00\x20\x00\x49\x44\x41\x54\x44\x3b\x9d\xff\x37\xa4\x61\
\xc3\x86\x81\x3f\x04\x23\xda\x15\x63\x28\xaa\x03\x45\x8d\x63\xcd\
\xef\xbf\x07\xe6\x00\x70\x4c\x7a\xe8\x14\x76\x00\xa4\x5e\x88\x70\
\xfe\x82\x14\xd1\xb5\xf8\x03\x9c\x79\x86\xf1\x33\x35\x5f\x8d\xc7\
\x13\x62\xda\xca\xf5\xe3\x12\x8a\xff\xfd\x9f\x90\xae\x51\x1d\x54\
\x50\x43\x97\x1b\xea\xf5\xab\xd5\x01\xa8\x17\x44\x1b\x9a\xb5\x79\
\x20\xff\xef\xdf\xb3\x17\xdf\xd6\x6d\x21\x17\xeb\x95\x47\xa8\x11\
\x80\xed\xaa\x03\x69\x22\xb2\xd1\xb2\x45\xc3\x90\xae\x1f\x6e\x46\
\x8f\x1e\xcd\x2d\xb7\xde\x8a\x94\x5e\x84\x6b\x69\x89\xe8\xc9\xa9\
\x82\x04\xe9\x25\xbb\x5e\xbd\x48\x1b\x12\xd5\xe4\x96\xb4\x76\xc9\
\x53\xc0\x01\x00\x40\x4d\x45\x08\xc1\xd2\x5f\x7e\x01\xa0\x73\x97\
\x2e\x28\x8a\x72\xca\x46\x00\xa4\x7e\x30\xf0\x6c\xc0\xcf\x8c\xc7\
\x1f\x8f\xaa\xc5\x1f\x30\xad\xa9\x92\xc0\xb6\x10\xd3\x36\xfe\x5d\
\xbb\x28\x78\x69\x5e\x48\xd7\xa8\x0e\xb2\xcc\xd7\xd0\x90\x2b\xcd\
\x43\x72\x00\xf2\xda\x5c\xe7\x00\x0c\x55\x1a\xb2\x82\xe9\x00\x68\
\xde\x9c\x82\x57\x5e\x63\x6b\xb7\x5e\x6c\x3b\xef\x42\x36\xb5\x6c\
\xc3\xb6\xde\x7d\xd9\x7d\xed\x24\x0e\x3c\xfe\x24\x45\x0b\x3e\xc2\
\xfd\xdb\x0a\xc4\x91\xe0\x07\x0c\xf9\x36\x6f\x0e\xfa\xbd\x00\x5b\
\x2a\x18\x98\xd2\x22\xcf\x78\x80\x45\xa4\x98\x7c\xfb\xed\x0c\x1f\
\x31\x02\x29\x9c\xe8\xce\x63\x64\x43\x6b\x3b\x52\x07\x64\xb5\x4c\
\x2b\xab\x4d\xc4\x6e\x2f\x7c\x70\x94\x4a\x5e\xff\xf1\xc7\x1f\x00\
\x24\x25\x25\xd1\xaa\x55\xab\x80\x03\x14\x8a\x7e\x46\x0c\x22\xfd\
\x7b\x10\xae\x65\x68\x1a\xcc\x79\xfa\x69\xae\xb8\xf2\xca\x48\x9b\
\x74\x12\x79\xcd\xcc\x9f\xa9\xa1\x4a\x02\x47\x2b\x15\xac\xa1\xe9\
\x25\x6b\x70\xd0\x84\x1a\x13\xcd\x35\x3b\x99\x11\xc4\x4e\xd3\xda\
\x24\x97\x3d\x93\x8f\x19\xd3\xaa\xeb\xf8\xb6\x6c\xc5\xb7\x65\x2b\
\x7c\x7d\x7c\x88\xc6\x52\x2f\x0b\x6b\xd3\x26\xd8\x5a\xe4\x61\x6d\
\xda\x14\x5b\x5e\x33\x6c\xcd\x9a\xa1\x65\x66\x18\x5e\xdf\xbf\x7b\
\x0f\xa2\x38\xb4\x5d\xce\x66\x93\x9b\x2d\xad\x4e\x12\x69\x75\xa2\
\xaf\x5f\x5e\x51\x14\x66\x3c\xfe\x38\x5e\xaf\x97\x4f\x16\x2e\x44\
\x77\xfe\x82\xe6\xe8\x52\xa6\x8e\x76\x9a\x53\x9b\xe6\xcd\x03\xad\
\xb7\x32\x98\xd1\xdd\x31\x48\xa9\x5a\xde\xa6\x8d\x1b\xcb\x8e\x75\
\xee\xd2\x85\xb5\x6b\xd7\x22\xfd\x07\x51\xac\xd1\xe7\xc4\x57\x07\
\xc2\xb7\x03\xe1\x5e\x83\xdd\x6e\xe3\xc5\x97\x5e\xa2\x77\xef\xde\
\x91\x36\xa9\x5c\x12\x13\xe3\xc8\xae\x57\x87\xfc\xdd\xe5\x47\x68\
\xb6\xd6\x52\x07\x20\xbb\x62\x75\xca\x5c\x60\x4d\xb0\xd7\xaf\x56\
\x07\x20\x2b\x08\x69\x4d\xff\xee\x3d\x88\xc2\xca\xb5\xe3\xf8\x77\
\xef\xc1\xbf\x7b\x0f\xae\x1f\x7e\x3a\xee\xb8\x9a\x9c\x8c\xad\x59\
\x53\xac\xcd\x9b\x61\x6b\x91\x87\xbd\x4d\x6b\xec\x6d\xdb\xa0\x26\
\x26\x86\xbc\xfb\x07\xd8\x61\x72\xb3\x45\xe3\xee\xbf\x14\x4d\xd3\
\x98\x35\x7b\x36\x1e\x8f\x87\xaf\xbe\xfc\xf2\xb4\x13\x70\x9a\x32\
\xea\xa4\xa5\x91\x93\x93\xc3\xb6\x6d\xdb\x01\x9d\xda\xde\x09\x40\
\xa9\x03\xb0\xe9\x68\x3a\xb0\x4b\xd7\xae\xbc\xf5\xe6\x9b\x48\xfd\
\xd0\x29\xe1\x00\x08\xcf\x7a\x84\x77\x13\x49\xc9\xc9\xbc\xf6\xfa\
\xeb\x74\x3c\x61\x48\x52\xb4\x91\xd7\xbc\x81\xa1\x03\xb0\xbd\x96\
\x3a\x00\x15\xa4\x00\x20\x90\x06\x08\xda\x01\x08\xb5\x06\xc0\xb0\
\x32\x23\x5e\xea\x24\x05\x51\x51\xbc\xef\xbe\x07\x42\x32\x08\x40\
\x1c\x3e\x8c\xfb\xd7\xdf\x28\x7a\x7f\x01\x07\xa6\x3f\xce\xae\x91\
\x57\xb3\xb5\xfb\x79\x78\x56\xac\x0a\x4b\x07\x80\x59\x01\x60\xb3\
\x66\xd9\x21\x5f\xbf\x3a\xd1\x34\x8d\x67\x9f\x7b\x8e\x8b\x2e\xbe\
\x18\x29\x8e\xa0\x3b\x97\xd4\xee\x90\xa7\x12\xb8\xc5\x8f\x14\x9f\
\x1a\xa1\xed\x50\x08\x4c\xc9\x93\x48\xbd\xf6\x77\x8b\x04\x86\x1e\
\xa9\x6c\xdb\x76\xb4\xb5\xec\x68\x27\x40\x6d\xd7\x03\x10\xe8\xee\
\x95\x08\xef\x26\x1a\x34\x68\xc0\x87\x1f\x7d\x14\xf5\x8b\x3f\x40\
\x73\x93\x67\xeb\x8e\x5a\xda\xba\x69\x97\x3a\x29\xe6\xeb\x68\x48\
\x05\x67\xa1\x3a\x00\x86\xfd\x6e\x95\xf0\x5c\x6a\x14\x51\x54\xc4\
\x91\x2f\xbe\xc4\xbb\x69\x4b\x48\xd7\xd1\x51\xd8\x6d\xe2\x00\xe4\
\xe6\x64\x86\x74\xfd\x9a\xc0\x6a\xb5\x32\xf7\xf9\xe7\x19\x34\x78\
\x30\x52\x38\xf1\x17\x2f\x39\x6e\x8e\x78\xed\x42\x45\x51\xec\x27\
\x0d\x80\x39\xcd\xc9\x74\xea\xd4\x09\x08\xcc\x96\xaf\xfd\x28\xa0\
\x58\x38\x74\xe8\x10\xb2\x44\x05\x2e\x33\x33\x93\x9c\xc6\x8d\x91\
\xe2\x08\xc8\xf2\x45\x67\x62\x1e\xe9\x45\x77\xfe\x82\xf4\xe5\xd3\
\xa6\x4d\x1b\x3e\x5a\xb8\x90\x66\xcd\x6a\x7e\x6e\x49\x30\x34\xcd\
\xcd\x32\x3c\xb7\x47\x8d\x33\x13\xcc\x89\x69\x2a\xa8\x03\x08\xa9\
\xe7\x3c\x54\x07\xc0\xb0\xb4\xba\xae\x88\xc2\x4a\x73\x9f\x1f\xdf\
\xa6\xd0\x22\x00\x15\xdd\x68\x8d\x63\xc0\x01\x80\x40\x24\x60\xf6\
\x9c\x39\x81\x6a\x5f\xe9\x46\x38\x97\xd4\xde\x0a\x68\x35\x9e\x5d\
\x3b\x77\x46\xda\x8a\xa8\xa7\x67\xaf\x5e\xa8\xaa\x8a\xf4\x6d\x41\
\xfa\xf7\x45\xda\x9c\x6a\x47\x51\x2c\x08\x21\xca\x5a\x01\x01\xba\
\x74\xee\x4c\x20\x0a\x52\xfb\xa2\x00\x52\x14\xa1\x3b\x7f\x42\xea\
\x05\x5c\xdc\xbf\x3f\xef\xbd\xff\x7e\x4c\x15\xc7\xe6\x98\x3c\x5b\
\x03\x1b\xb3\xda\x39\xca\xba\x8e\x79\xc1\x76\x48\xed\x4d\xd5\xe7\
\x00\x44\x61\xab\x99\x77\xfd\x06\x3c\xab\x83\x4e\x97\x00\x98\xa9\
\x32\x01\xd0\xb4\x49\xec\xb4\x9b\xa9\xaa\xca\xa3\xd3\xa6\x95\x0c\
\x0f\xf2\xa1\xbb\x96\x22\x7d\xb5\x70\xa7\xac\x3a\xf0\x7a\xbd\x6c\
\xdb\xba\x35\xd2\x96\x44\x35\x4d\x9a\x34\xe1\xc1\x87\x1e\x42\x0a\
\x2f\xba\xeb\x57\x84\x77\x4b\xa4\x4d\xaa\x5e\x4a\x06\xe8\x1c\x1d\
\x85\x0c\x67\x95\x46\x41\x6a\x99\x68\x96\xf4\xe7\x07\x9c\x7c\xe1\
\xe2\xe6\x5b\x6e\xe1\xf9\x17\x5e\x20\x3e\xcc\x43\xd6\xaa\x9b\x8a\
\x36\x57\x15\x3d\x9b\x23\x4d\xf6\x1b\xf3\xb0\x36\xae\xba\x46\x4c\
\xba\xf9\x5a\x1a\x52\xb1\x4a\xa8\x0e\x80\xe1\x87\xa7\x46\x61\x9b\
\x99\xf3\x7f\xdf\xa2\xef\x0f\x6d\xa6\xfd\x1e\xc5\xd8\xcb\xd4\x54\
\x95\x06\xf5\x63\x4f\x6e\xf7\xb6\xc9\x93\x99\xf9\xc4\x13\x68\xaa\
\x12\xc8\x0d\x7a\xd6\x11\xea\x14\xc1\x68\x42\x51\x03\x2a\x77\x3f\
\x97\xf4\x7c\x9f\xc6\x98\xab\xaf\xb9\x86\x67\x9e\x7d\x16\x9b\xcd\
\x86\xf0\xfc\x89\x70\xaf\xa1\x36\xdd\x0b\xc7\x73\xb2\x03\x70\x74\
\x30\x50\x6d\x71\x00\x24\xc2\xf3\x27\xba\x6b\x25\x76\xbb\x95\x67\
\xe7\xce\xe5\x8e\x29\x53\x50\xa2\x7c\xd4\x7a\x79\xd4\xcb\x4a\x35\
\x95\x58\xdf\x6b\xf2\x6c\xae\x0c\xb6\x96\x2d\xa8\xff\xde\x3f\x42\
\xba\x86\x11\xaa\x23\x1e\xc7\x79\xe7\xa2\x26\x54\xbd\x58\xb1\xae\
\x30\x5d\x4b\x23\x5a\x03\x60\x12\x01\x88\x3e\x07\x20\x1c\xec\x31\
\x09\x33\xd5\xab\x57\x07\x4d\x0b\x87\xb6\x52\xcd\x33\xe2\xf2\xcb\
\x79\xfd\x8d\x37\x48\x4e\x4e\x46\x78\x37\xa3\xbb\x7e\xad\x35\x79\
\x50\x45\x0b\x48\x4b\x2f\x3e\x46\xfa\xf5\x34\xc6\x0c\x1c\x34\x88\
\xf7\x3f\x78\x9f\x8c\x8c\x0c\x84\x6f\x3b\xba\x7b\x15\xb5\xd7\x09\
\x38\x9e\x56\x25\xb3\x01\xa8\x0d\x11\x00\xe9\x41\x77\xfe\x82\xf0\
\x6e\xa1\x61\xc3\x86\x7c\xf8\xf1\xc7\x0c\x88\xe0\x50\x9f\x50\x51\
\x14\x85\x06\x0d\x8c\x53\x16\x7b\x43\x4c\x01\x88\xe2\x62\xe2\x3a\
\x75\x42\x4d\x08\x7f\x24\xc1\x71\xc1\xf9\x41\xbf\xb7\x82\x68\x7a\
\x48\x21\xe7\xa0\xdb\x00\xf3\xda\x5c\x67\x01\x0c\x63\x32\x69\x55\
\xac\x01\xd0\x32\x32\x48\x1d\x7f\x35\xd2\xe3\x45\x14\x1d\x41\xfa\
\xbc\x08\xa7\x0b\xe9\x76\x23\xbd\x5e\xc4\xe1\x22\x5c\x3f\x2d\x39\
\xf9\x8d\x8a\x42\xc2\x85\xe7\x93\x34\x7c\x28\xf6\xf6\xed\x50\x13\
\x1c\xf8\x77\xe6\xe3\x5a\xf2\x33\x87\xdf\x79\x0f\xef\x1f\x7f\x56\
\xf5\x9f\x66\x8a\x99\x03\x50\x3f\x3b\x2d\xac\x9f\x15\x6e\x0e\x1d\
\x3a\x44\x9d\x3a\xc6\x73\x16\x7a\xf6\xea\xc5\xc2\x4f\x3e\x61\xe2\
\xc4\x89\x6c\xdc\xb0\x01\xdd\xf9\x03\x6a\x5c\x07\x14\x2d\xe4\xb1\
\xd3\x11\x45\xd1\x92\x41\xb1\xf1\xcd\x7f\xbf\xc1\xed\x76\x13\x17\
\x57\x3b\x73\x85\xe1\xa4\x6d\xbb\x76\x7c\xf8\xf1\xc7\x8c\x1a\x39\
\x92\xed\xdb\xb6\x21\x50\x51\xe3\xda\x44\xda\xac\x30\x13\x70\x6a\
\x12\x1c\x47\x1f\xf8\x16\x8b\x85\xd6\xad\x5b\xf3\xdb\x6f\xbf\x05\
\x1c\x60\x25\x36\xe5\xa3\xa5\x7e\x00\xe1\x5e\x85\x14\x1e\xfa\x9c\
\x7f\x3e\xb3\xe7\xcc\x21\x25\x25\x25\xd2\x66\x85\x4c\xfd\xec\x34\
\x36\x6e\x2a\x3f\x4d\x69\xf6\x6c\xae\x2c\x8a\x45\x23\x6d\xca\x64\
\x0e\xce\x7a\x06\x51\x4e\xe7\x90\x9a\x94\x04\xaa\x8a\x9a\x94\x88\
\xa2\xaa\xa8\x89\x89\x60\xd1\x50\x1d\x09\x60\xb5\xa0\xc6\xc7\xa3\
\xd8\x6c\x28\x71\x71\x28\x76\x3b\x6a\x72\x32\xf6\x33\xcf\x20\xe1\
\xe2\x7e\x81\xf7\x27\x9a\x8b\xc8\x95\x47\x9a\xb9\x03\x90\x96\xd7\
\xe6\x3a\xdb\xfa\xd5\x7f\x0f\x6a\xc7\x1d\xca\xdd\x6d\x5a\x3d\x52\
\xd5\x08\x80\x28\x28\xc0\xbb\x6e\x03\x75\xef\xbf\x1b\x2d\xe3\x78\
\x21\x1f\xfd\xc0\x01\x3c\x2b\x57\x9f\xe4\x00\xa8\xc9\xc9\xd4\x9b\
\xf7\x22\xf1\x5d\x8f\x1f\xf3\x6a\x6b\x95\x84\xad\x55\x0b\x52\xae\
\x1e\xcd\xe1\xf9\xef\xb2\x7f\xda\xe3\x48\x57\x78\x34\xf0\xcd\x52\
\x00\xd1\x1e\xfe\x7f\x68\xea\x54\x92\x92\x93\x19\x3b\x76\x2c\x79\
\x2d\xca\x9f\x23\xd1\x38\x37\x97\x8f\x3e\xfe\x98\x3b\xef\xb8\x83\
\x7f\xfd\xeb\x5f\xe8\xae\x25\xa8\xb6\x16\xa8\xb6\xe8\x18\x70\x14\
\x2c\xaa\xa5\x1e\x4e\xe7\x36\xbe\xfe\xd7\xbf\x18\x38\x68\x50\xa4\
\xcd\x89\x09\x1a\x34\x68\xc0\x7b\xef\xbd\xc7\x88\xe1\xc3\xd9\xb9\
\x73\x27\x28\x71\xa8\xf6\xe6\x91\x36\x2b\x7c\x94\x44\xb8\x1c\x27\
\x84\x65\x4b\x1d\x00\x29\x8a\x51\xb4\x58\x5b\x34\x25\xc2\xb3\x01\
\xe1\xdd\x8c\xa2\x28\xdc\x75\xf7\xdd\xdc\x30\x69\x52\x4c\x86\xfc\
\xcb\xc3\xec\x19\x6b\xf6\x6c\xae\x14\x22\xe0\x10\xa6\x8c\x1f\x4b\
\xca\xf8\xb1\x08\xa7\x0b\xfc\x3e\x50\x94\xc0\xc2\x1d\x8e\x9f\xa1\
\x5a\xf5\x08\x71\x05\x6d\x80\x10\x58\x8b\x77\x05\x65\x4e\x30\x6f\
\x3a\xe6\x43\x0d\x49\xae\xa2\x06\x80\xf4\xf9\x28\xfa\x68\x21\xee\
\xe5\xbf\x95\x1d\x73\x7d\xf7\x03\xbb\x2e\x1f\xcd\x96\x2e\x3d\xc9\
\x1f\x77\xed\x71\xaf\x57\x1d\xf1\xd4\x7f\xfb\xf5\x93\x16\xff\xe3\
\x50\x14\x92\x47\x8f\xa4\xfe\x3b\x6f\xa2\x84\x69\xd7\xb7\xcf\x2c\
\x02\x50\x3f\xba\x23\x00\x17\xf7\xef\xcf\x3b\xf3\xe7\x73\x51\xbf\
\x7e\x5c\x3e\x62\x04\xff\x78\xeb\x2d\xf6\xec\xd9\x73\xd2\xeb\x12\
\x13\x13\x79\xf1\xa5\x97\x78\x60\xea\x54\x34\x55\x41\x78\xfe\x40\
\x77\x2d\x8f\xe9\x19\x02\xa5\xc2\x2e\x6f\xbd\xf9\x66\x84\x2d\x89\
\x2d\xea\x65\x67\xf3\x8f\xb7\xdf\x26\x35\x35\x15\xe1\xdd\x88\xf4\
\x87\x3e\x4a\x3b\x5a\x90\xf8\xb0\x5a\xad\xd8\xed\xf6\xe3\x8e\xb7\
\x2a\x9d\x1a\x19\x63\xad\xb1\x52\xb8\xd0\x9d\x3f\x23\xbc\x9b\xc8\
\xcc\xcc\x60\xfe\xbb\xef\x30\xe9\xc6\x1b\x51\x14\x05\x5d\x0f\xff\
\x4c\x95\x48\x60\x16\x65\xdd\xaf\xda\x0d\xcf\x55\x86\x13\xe5\xe5\
\x55\x47\x3c\x6a\x72\x72\x60\xd7\x1f\x2e\x07\x2a\x88\xeb\xd4\x31\
\xaf\x01\x00\x08\x7a\xe1\x09\xc5\x01\x30\xfd\xd0\x60\x44\x80\xb4\
\x8c\x0c\x1c\xbd\xcf\x05\x5d\x67\xff\xd4\xbf\xb2\x6b\xcc\x58\x5c\
\x3f\xff\x02\x42\x1c\xff\x42\x45\x21\xf3\xe9\x59\xd8\xdb\x56\x2e\
\x24\x19\xd7\xa1\x3d\x75\x6e\xbc\xbe\xca\xf6\x9c\x88\x40\xa1\x40\
\x31\x2e\x42\xc9\xca\x0c\x7d\x8c\x71\x75\x72\x61\xdf\xbe\x24\x94\
\x84\xa0\x96\xfe\xf2\x0b\x0f\x4e\x9d\x4a\xf7\x6e\xdd\xb8\xa8\x5f\
\x3f\xa6\x3e\xf0\x00\xef\xcc\x9f\xcf\xb2\xa5\x4b\xd9\x9d\x9f\x8f\
\x10\x82\xf1\x13\x26\xf0\xde\xfb\xef\xd3\xa0\x41\x03\xa4\x7f\x1f\
\xfe\xe2\xef\x91\xfe\xdd\x11\xfe\x57\x04\x87\xa2\xa5\xa0\x68\x29\
\x2c\x5d\xba\x94\x5f\x7f\xfd\x35\xd2\xe6\xc4\x14\x8d\x73\x73\x79\
\xfe\x85\x17\x02\x0b\x89\x7b\x15\x04\xa1\xf0\x19\x95\x48\x6f\xb9\
\x6d\x70\x2d\x5b\x06\xc6\xac\xc7\x92\x36\x86\xf0\xed\x44\x38\x7f\
\x40\xea\x05\x5c\x70\xe1\x85\x7c\xf1\xe5\x97\x74\xeb\xd6\x8d\x55\
\x2b\x57\x72\xf7\x5d\x77\xf1\xdc\xb3\xcf\x46\xda\xc4\xb0\x50\x2f\
\xcb\xf8\x19\x5b\xa0\xd8\xa2\xbe\x52\x45\x4d\xaa\x7a\x0a\xa0\x12\
\x9b\xe9\xa0\x7b\xcf\xab\x25\x05\xa0\x10\x9c\x03\x50\x67\xd2\xb5\
\x28\x76\x3b\x7b\xef\xbc\x97\xa2\x0f\x3e\x34\x7c\x5d\xca\xd5\xa3\
\x49\xe8\x77\xa1\xe1\x79\xd7\x0f\x3f\xe1\xfc\xf6\x3b\x54\xbb\x9d\
\x84\x4b\xfb\x63\xcb\x6b\x4e\xea\x75\x13\x28\xf8\xfb\x2b\x21\x0d\
\x11\x2a\x50\xac\xa6\x53\x00\x33\xd2\xa3\x3b\x57\x6e\xb3\xd9\x18\
\x3c\x68\x10\xf3\xe7\xcf\x47\xb5\x35\x01\x02\x83\x40\xd6\xaf\x5b\
\xc7\xfa\x75\xeb\x4e\x7a\xbd\xdd\x6e\xc7\x66\xb3\xe1\xf3\x95\xfc\
\x2e\xa5\x0f\xdd\xb5\x02\xd5\x7a\x00\x35\xae\x15\xb1\x26\x17\xab\
\xda\x9a\xa2\xbb\x7e\x65\xce\xac\x59\xbc\xf9\x8f\xea\xa9\xf6\xad\
\xad\x74\xef\xd1\x83\xdb\xef\xb8\x83\xd9\xb3\x66\xa1\x7b\x7e\x47\
\x8b\xef\x14\x69\x93\x42\x43\xfa\x41\x0a\xb2\xb2\x4e\x16\x97\x69\
\xd9\xaa\x55\xe0\x25\xb1\xe0\x00\x48\x0f\xba\xfb\x77\xa4\x7f\x1f\
\x76\xbb\x9d\x7b\xef\x7b\x80\x11\x23\x46\xf0\xe9\xa7\x9f\xf2\xd6\
\x5b\x6f\xf1\xfb\xea\xd5\x00\xcc\x7f\xf7\xdd\x08\x1b\x1a\x1e\xea\
\xd6\x35\x9e\xb3\xa2\xa3\x50\xa8\xd8\x82\xef\x40\x3b\x71\xa3\x19\
\x25\xd8\x10\xd8\x10\x78\x8d\xf7\xeb\x41\x8b\x39\x54\x4b\x0a\x20\
\x49\xfa\xaa\xac\xc9\xa4\xa6\xa6\x90\x3c\xf2\x0a\x8e\x7c\xf2\xa9\
\xe9\xe2\x6f\x69\xd0\x80\xba\xf7\xdd\x6d\x78\x7e\xff\xc3\x8f\xb2\
\x6b\xd4\xd5\x14\xbc\xf8\x77\x0e\x3e\xfd\x1c\x3b\x2e\x1d\x82\xeb\
\xdb\xef\x51\xe2\xe2\xca\x0a\x31\x82\xe5\x40\x05\x21\xa6\x8c\xf4\
\xe8\xcf\x17\x0e\x1d\x3e\x1c\x08\xc8\x9d\xaa\xf6\x16\x68\x09\xe7\
\x04\xfe\x8b\x6b\x8b\x6a\xcd\x41\xd1\xea\xa2\xa8\x0e\x50\x2c\x78\
\x3c\x1e\x8a\x8a\x8a\x70\xbb\xdd\xa0\x58\x51\xd4\x04\x14\x2d\x0d\
\x29\x75\xa4\xef\xe4\xd4\x41\xb4\xa3\x58\x32\x51\xd4\x64\xbe\xfb\
\xee\x3b\xbe\xf9\xef\x7f\x23\x6d\x4e\xcc\x31\x69\xd2\x24\xda\xb4\
\x69\x83\xf4\xef\x8f\x79\xbd\x08\x59\xa2\x54\x5a\xbf\x41\x83\x93\
\xce\x25\x27\x27\x93\x92\x9a\x1a\xf5\x12\xd9\xd2\x97\x8f\xee\xfc\
\x01\xe9\xdf\x47\x87\x0e\x1d\x98\x3d\x67\x0e\x9b\x37\x6f\xa6\x5b\
\xd7\xae\xdc\x7b\xcf\x3d\x65\x8b\xbf\xdd\x6e\x2f\x53\x79\x8c\x75\
\xb2\x4c\x22\x00\x80\x69\x84\xb6\x22\x42\xd9\x1c\x56\x1a\x2d\xb8\
\x4d\x53\x05\x51\x80\xa0\x53\x00\xa1\x44\x00\x0c\x3f\xb4\xaa\xf9\
\x7f\x80\x84\x0b\xce\x47\x89\x8f\xe7\xd0\x73\x2f\x98\xbe\x2e\xfd\
\xaf\x53\x0d\xf3\xf9\x85\xaf\xbf\x45\xe1\xeb\x6f\x1d\x77\x4c\x7a\
\xbd\xec\xb9\xe3\x6e\x72\x16\x7d\x4d\xdc\x59\xed\x4d\x9d\x8b\x8a\
\x38\x54\xc1\xd0\x9c\x8c\x8c\xe8\x77\x00\x3a\x76\xec\x48\x4e\x4e\
\x63\xb6\x6d\xdb\x8a\x14\x2e\x14\x35\x3e\xb0\xe0\xab\x8e\x53\x62\
\x00\x8a\x1a\xd7\x12\xdd\xf9\x0b\x0f\x3f\xfc\x30\x67\x77\xef\x1e\
\x73\x62\x28\x91\x44\xb3\x58\x98\xf9\xe4\x93\x0c\xb8\xe4\x12\x74\
\xcf\x3a\x2c\xd6\x2c\x42\xef\x24\x8e\x10\x22\x30\x11\xb4\x49\x93\
\x26\xe5\x9e\x4e\x4d\x49\xe5\xf0\xe1\x28\x75\x72\xa5\x17\xdd\xbd\
\x06\xe9\x0f\xd8\xd7\xb4\x69\x53\x54\x55\xe5\xa6\x1b\x6f\x2c\x79\
\x81\x82\x62\xc9\x44\xb5\xd4\x43\x77\xaf\xa4\x73\x97\x2e\x58\xad\
\xc1\x2f\x8c\xd1\x44\xdd\x34\xf3\x49\xab\x07\x54\x3b\xb9\xd5\x10\
\xb9\x11\xc5\xc5\x20\x44\xc0\x49\x10\x02\x51\x54\x8c\x25\xa7\x11\
\xd2\x59\x8c\x77\xe3\x26\xd0\x05\xa2\x38\xe0\x40\x48\x97\x1b\x59\
\x12\x35\x15\x85\x81\x76\x52\x7b\xdb\x36\xc4\x75\xe9\x14\x94\x0e\
\x00\x40\xaa\xf0\xb2\x5f\x33\xdc\x80\x06\x1d\x01\x08\xc5\x01\x30\
\x74\xc5\x82\x09\xff\xdb\xdb\xb6\xc1\x9f\x9f\x8f\x77\xfd\x06\xc3\
\xd7\x24\xf4\xbd\x80\x84\x0b\xcb\xef\xa7\xf4\x6d\xdc\xc4\x81\x19\
\x4f\x94\x7b\x4e\xdf\xb7\x0f\xe7\x37\x8b\xb0\xe6\xe6\x56\xd9\xae\
\x63\x29\xaa\xc0\xbb\x4c\xaf\x1b\xdd\x29\x80\x52\xae\x1c\x79\x25\
\x4f\xcc\x9c\x89\xf4\x6d\x43\xb1\xb7\x8c\xb4\x39\x35\x8a\xa2\xa5\
\xa1\x58\xb3\xd9\xbe\x6d\x1b\x4f\x3e\xf1\x04\x0f\x3e\xf4\x50\xa4\
\x4d\x8a\x29\xce\x38\xe3\x0c\x86\x0d\x1b\xc6\x07\x1f\x7c\x80\xf0\
\x6e\x43\xb5\xe5\x46\xda\xa4\xa0\x90\x25\x0e\x40\xae\x81\x03\xe0\
\x70\xc4\x47\x65\x3e\x59\xfa\x76\x21\x3c\x7f\x22\x8f\x09\x73\x97\
\x4d\x34\x54\xe2\x50\x6d\x0d\x51\xad\x0d\x41\xb1\x23\x7d\x81\xc2\
\xf0\x3e\xe7\x07\xdf\x83\x1e\x6d\xd4\x4d\x4b\x42\x55\x15\x84\x28\
\xff\xb7\x53\xd1\x33\xba\x42\xa4\x44\x14\x17\x73\xf0\x89\x59\x38\
\x17\xfd\x0f\xff\xae\x7c\xa4\xbf\x1c\x3d\x14\x45\xa1\xc1\x07\xef\
\xe0\xdb\xb2\x95\xbd\x53\xee\xa9\xf0\xb2\x6a\x62\x22\xb9\xbf\xfd\
\x1c\xb4\x59\xf1\x98\x16\x71\x06\xbd\xf3\x0c\xc5\x7d\x37\xac\x66\
\x70\xc8\xaa\x57\x9c\x5a\xea\x67\xe3\xdf\x6e\xac\xd7\xae\xc4\xc7\
\x93\xfe\xb0\xf1\xa4\xc0\x7d\xf7\x3f\x88\xf4\x18\x57\xa9\xeb\x7b\
\xf7\x81\x25\xb4\x9c\x75\xa1\xc9\xcd\x15\x1f\x67\xc3\x66\x8b\x8d\
\x9e\xe1\x2b\x47\x8e\xc4\x66\xb3\x23\x7c\x3b\x20\x88\xdf\x55\xac\
\xa3\xd9\xcf\x40\x51\x6c\xbc\xfe\xda\x6b\x2c\x3a\x2d\x0e\x54\x65\
\x26\xdf\x71\x07\x56\xab\x15\xe1\xdd\x0c\x44\x67\xde\xb4\x42\x44\
\x60\xb7\xd6\xd2\xa0\x1d\xd6\x6d\xf2\x2c\x89\x04\x52\x14\xa3\x3b\
\x7f\x41\x77\xaf\x3a\x6e\xf1\x07\x50\x2c\x19\x68\xf1\x1d\xb1\x24\
\x9e\x8b\x6a\x6b\x06\x4a\x60\xa7\x28\x4a\x0a\x76\xfb\xf6\xed\x5b\
\xe3\xf6\x56\x27\x29\x29\xc6\xbb\xe8\xa2\x10\x27\xdc\x8b\x23\x47\
\x38\xf0\xd8\x4c\x0a\xdf\x7c\x1b\xdf\xb6\xed\xe5\x2e\xfe\x5a\xdd\
\xba\x64\xbf\xf6\x32\x71\x9d\x3a\xa2\xa5\x55\x2e\xfa\x2e\x8e\x1c\
\x41\x3f\x70\x10\xc5\x16\x9c\x83\x92\x68\x2e\xca\x56\xf5\xca\xc2\
\x12\xaa\xc5\x01\xa8\xc0\x5b\x29\x1f\x25\x50\x07\x60\x44\xda\x9d\
\x93\xb1\x94\x93\xaf\x03\x28\x7a\x7f\x01\xae\x25\xe6\xde\x95\x9a\
\x92\x8c\x38\x1c\x9a\xba\x97\x99\x77\x99\x9a\x1a\x3b\xf3\xa8\x53\
\x53\x53\x19\x3e\x7c\x18\x48\x7f\xc0\x09\x38\xd5\x50\xac\xa8\x71\
\x6d\x01\x98\x7c\xdb\x6d\x6c\xdf\xbe\x3d\xc2\x06\xc5\x16\xf5\xeb\
\xd7\x67\xf0\x90\x21\x20\xbd\x31\x59\x0b\x02\x81\xc1\x38\x9a\xa6\
\xd1\xa2\x65\xf9\x11\xb0\x82\x43\x05\x28\x51\x51\xe4\x2a\x10\x9e\
\xf5\x25\x15\xfe\x07\x8f\x1e\x56\xec\xa8\xb6\x66\x58\x12\xce\x45\
\x8b\xef\x88\x62\xc9\x80\x63\x2b\xaf\xa4\x17\xe9\xdf\x4f\x87\x0e\
\x67\xd1\xa8\x51\xa3\x1a\xb7\xba\x3a\x49\x49\x36\x71\x00\x42\x8d\
\x00\x00\xae\x9f\x8c\xd7\x92\xf8\x73\x7a\xd2\xe8\xcb\x4f\x02\xdd\
\x6a\x80\x35\xb7\x0a\xfa\x28\x7e\x1f\x4a\x5c\x70\x29\xc7\x78\xf3\
\x8d\x5a\xd0\xa1\xe7\x50\x1c\x80\x54\xa3\x13\x15\x18\x5b\x2e\xfa\
\xbe\xfd\xd8\x5a\xe4\x61\x6b\x75\xf2\x17\x32\xbe\x57\x0f\x52\x27\
\x8c\x2b\xff\x7d\x07\x0f\x71\xe0\xb1\x99\x15\x5e\x3f\xae\xe3\x59\
\xf8\xb6\x85\xf6\xa0\x2f\x32\x51\x05\x4b\xab\x63\x9e\x9b\x8a\x36\
\xae\xbd\xee\x3a\x54\x55\x8d\xed\x5d\x5c\x08\x28\x96\x74\x54\x5b\
\x33\x0e\x17\x16\x32\x71\xc2\x84\xe3\x26\xc2\x9d\xa6\x62\xae\xbe\
\xe6\x1a\x00\x84\x2f\x16\x07\x2c\x49\x10\xc5\x34\xcf\xcb\x0b\xc8\
\xfe\x9e\x80\xd7\xeb\xe5\xd0\xa1\x83\x10\x62\x5f\x79\xa8\x48\xff\
\x7e\xf4\xe2\xef\x10\xde\x4d\x48\x19\xf8\x8e\x2a\x96\xba\x68\xf1\
\x1d\xb0\x24\x9e\x17\x10\x65\x32\x18\x4d\x2e\x7c\xbb\x00\xc9\xb0\
\xe1\xc3\x6a\xd0\xe2\x9a\x21\xd5\x24\x02\x70\x38\x44\x07\x60\xdf\
\x03\x0f\xe3\xdf\x75\x72\x81\xab\x62\xb1\x50\xf7\xde\xbb\xa8\xff\
\xe6\xab\xc7\x09\xd5\x59\x9b\xe4\x62\xa9\x67\x3c\xa6\xb8\x14\xad\
\x4e\x2a\x96\xec\xec\xa0\xed\x8a\x27\xfa\x22\x00\x86\x5e\x47\x42\
\x10\x1a\xf2\xa5\x5e\x57\xbd\x17\x9f\xc3\x92\x7d\x54\xde\x38\xae\
\xe3\x59\x64\x3d\x3b\xc7\xf0\x7d\x07\xa6\xcf\x40\x3f\x64\x3e\xbf\
\x3c\xbe\x57\x0f\xac\x4d\x72\x71\xfe\x77\x51\x95\xed\x3a\x96\x23\
\x26\x37\x97\x59\x58\x2a\x1a\x69\x9c\x9b\xcb\x80\x81\x03\x41\x7a\
\x10\xde\x53\x73\x07\xac\xda\x9b\xa3\x58\x32\x59\xbf\x6e\x1d\xd7\
\x5f\x7b\xed\xd1\x76\xc7\xd3\x54\x48\x9b\x36\x6d\x68\xdf\xa1\x03\
\x52\x2f\x8c\x8d\x76\xb9\x63\x90\x7a\x11\x52\xea\x74\xec\xd8\xb1\
\xdc\xf3\xa5\x39\x75\x45\x89\x6c\x81\xa8\xd4\x0f\x21\x85\x0b\x14\
\x1b\xaa\xad\x49\xa0\x5b\x27\xbe\x33\x8a\x25\x0b\x4c\xfb\xac\x24\
\xd2\xb7\x8d\xf8\xf8\x78\x86\x5c\x76\x59\x4d\x99\x5b\x63\xa4\xa4\
\x18\x6b\xf5\x17\x87\x28\xdd\x7c\x64\xe1\x3f\x91\xee\xe3\xbb\x3f\
\xac\x8d\x73\x68\xb0\xe0\x5d\x52\x6f\xb8\xb6\x5c\x21\x9f\xd4\xeb\
\xaf\x3d\xe9\xd8\x71\x28\x0a\x69\x53\x26\x83\xaa\x22\x5d\xce\xa0\
\xec\xaa\x20\xad\x6e\xb8\x19\xaf\x88\x6a\x4a\x01\x54\xdd\x01\x28\
\xfe\xe2\x2b\xf4\xbd\xfb\xb0\x36\xc9\xa5\xd1\x7f\xbe\xa2\xde\x8b\
\xcf\xd1\x60\xc1\xbb\x34\xf8\xf0\x3d\xb4\xb4\xf2\xeb\x0d\x8b\xff\
\xf5\x6f\x8a\x16\x7c\x6c\x7a\x5d\x35\x21\x81\x8c\x69\x7f\xc5\xbf\
\x7b\x8f\x69\x68\xa7\x32\xb8\x4d\x42\x82\x8e\x78\xf3\x0e\x81\x68\
\xe4\xf6\xdb\x6f\x2f\x89\x02\x6c\xaa\x35\x83\x7f\xaa\x8a\x16\xd7\
\x0e\x45\x4b\xe5\xa7\x9f\x7e\xe2\xc6\x49\x93\x4e\x3b\x01\x55\x60\
\xc8\x90\x21\x00\x31\xd7\x12\x28\x45\x60\xc3\x60\xd4\x1a\xf7\xeb\
\xf2\xe5\x81\x3f\xa8\x91\x8d\xea\xa9\xb6\x1c\xb4\xb8\x76\x25\xbb\
\xfd\x16\x81\x6e\x9d\x4a\x20\xfd\x7b\x90\xc2\xc5\xf0\x11\x23\x48\
\x08\xb2\xea\x3c\x9a\x49\x48\x30\x56\x63\x75\x2a\xe1\x4d\xdb\x24\
\x0e\x1e\x48\xc3\xcf\x17\x62\x6f\xdf\xce\xf0\x35\x29\xe3\xae\x26\
\x73\xd6\x13\xd8\xdb\xb5\x41\x39\xa6\xce\x4c\x4d\x4c\xc4\x71\x41\
\x1f\xea\xbf\xf9\x2a\xc9\x63\x46\x01\x81\x88\x75\x30\x44\x63\x0a\
\xc0\x70\xc5\x0b\x26\x05\x20\x7d\x3e\xf6\xde\xfb\x17\x20\x20\xc1\
\x98\xd0\xff\x22\xe2\x3a\x95\xef\xa1\x03\x78\x56\xac\xaa\xb0\xfa\
\x52\x4d\x4a\xa2\xde\x6b\x7f\xc7\x9a\xdb\x98\xc2\x79\xaf\x42\x88\
\x72\x98\x66\x37\x57\x52\x72\x74\xcf\xa2\x2e\x8f\xc6\xb9\xb9\x8c\
\x1c\x39\x12\xa4\x37\xe0\x04\x9c\x8a\x28\x1a\x5a\xfc\x59\x28\x6a\
\x22\xff\xf9\xf7\xbf\x99\x74\xc3\x0d\xb8\xc2\x34\x37\xa2\xb6\x73\
\x71\xff\xfe\x00\x31\x27\x0f\x2c\xfd\x81\x87\x70\xe7\xce\x9d\xcb\
\x3d\x5f\xaa\x14\x19\xf1\x21\x58\x8a\x1d\xc5\x9a\x4d\x55\x1f\xd3\
\xc2\xb3\x09\x55\x55\xb9\xfe\x86\x1b\xaa\xc7\xae\x08\xe3\x88\x37\
\x4e\xcd\x98\x6d\xd2\xaa\x82\x9a\xe0\x20\x73\xd6\x4c\xb2\x9e\x99\
\x65\xdc\xba\x27\x65\x59\x91\x60\xd2\xb0\x21\x34\xfc\xe4\x43\x9a\
\xfe\xb9\x9a\x26\xab\x96\xd1\x64\xf5\x72\x9a\xac\x5e\x4e\xf6\x2b\
\x2f\x11\x7f\x4e\xcf\xb2\xb7\xf8\xb6\x06\x97\x32\xab\xa0\xae\x2e\
\xe8\x75\xbc\x5a\x52\x00\xd6\x20\x1b\x68\x9c\xff\x5d\xc4\xbe\x07\
\x1e\x06\x69\xfe\x7e\xef\xfa\x0d\xe4\x8f\xbb\x16\x61\x92\xb7\xb5\
\x36\xc9\xa5\xfe\x3b\x6f\x06\x66\x05\xe8\x3a\x87\xdf\x0f\xbe\xff\
\xbf\xcc\x3e\x93\xf0\x92\xc3\x11\xd9\x7c\x61\xb0\x4c\xbe\xe3\x0e\
\x12\x12\x12\x11\xde\xad\x31\x17\xca\x0d\x1b\x8a\x0d\xcd\xd1\x05\
\x45\x4d\xe4\xbf\xff\xf9\x0f\xe3\xc7\x8e\xe5\x70\x88\x05\xa3\xa7\
\x02\x59\x59\x59\xb4\x6e\xdd\x1a\x29\x8a\x62\x68\x4e\x84\x04\x71\
\x90\x7a\xf5\xea\x91\xd3\xb8\xfc\x02\xae\x9f\x7f\xfe\x19\x45\xb5\
\xc4\xe0\x20\xa0\x40\x34\x46\x8a\x22\x86\x0d\x1f\x4e\xfd\xfa\xb5\
\x53\xd7\xc3\x2c\x02\xe0\x0e\x43\x04\xc0\xde\xe6\x4c\x1a\x7e\xfa\
\x31\x49\xc3\x8c\xd3\x27\xa2\xa8\x88\xfc\x89\x37\xe0\x5a\xfc\xed\
\xf1\x27\x34\x0d\x35\x29\xa9\xfc\xa9\x7f\x52\xe2\xdb\xb2\x2d\x48\
\xab\x4c\xd7\xc4\xa0\x3d\xd5\x50\x12\x26\x86\xce\x83\x45\x06\x5f\
\x54\x76\xf8\x1f\xf3\xf1\xae\x5b\x47\xfa\x03\xf7\x63\x6f\x77\x82\
\xd6\xbf\x94\x14\x7d\xf8\x31\xfb\x1f\x9e\x56\xfe\xe2\xaf\x28\xc4\
\x75\x68\x4f\xe2\xd0\xc1\x24\x8f\xbc\x02\xc5\x12\xf8\xe7\x89\xe2\
\xe2\xb0\xa8\x3c\xb9\x4d\xfc\xa5\x04\x13\xaf\x34\x9a\xa9\x5b\xb7\
\x2e\x77\x4c\xb9\x83\x47\x1f\x79\x04\xe1\x5e\x83\xe6\x30\x19\xae\
\x54\x9b\x51\x6c\x68\x8e\xae\xe8\xae\x65\x2c\x59\xb2\x84\xa1\x97\
\x5d\xc6\xeb\x6f\xbc\x41\xc3\x86\x0d\x4f\x7a\xa9\xd3\xe9\x64\xf9\
\xb2\x65\xfc\xf6\xdb\x6f\xac\x5f\xb7\x8e\xdd\x7b\xf6\x70\xa4\xa8\
\x08\x8b\xd5\x4a\xdd\xba\x75\x69\xd8\xb0\x61\x20\x47\xde\xbe\x3d\
\x2d\x5a\xb6\xac\x35\x93\xd8\xca\xa3\xd7\x39\xe7\xb0\x66\xcd\x1a\
\xa4\xff\x60\xc9\x6e\x35\xba\x91\xfa\x61\xa4\xf0\xd2\xb3\x67\xcf\
\x72\xcf\xff\xf9\xc7\x1f\x6c\xdb\xba\xb5\x12\x79\xf6\x68\x44\x47\
\x78\xd7\x63\xb3\xd9\x98\x7c\xfb\xed\x91\x36\xa6\xda\x48\xac\x46\
\x07\x20\xa1\xdf\x85\x64\x3d\xff\x0c\x8a\x89\x70\x92\x77\xfd\x06\
\x76\x5f\x77\x23\xbe\xcd\x5b\x50\xed\x76\x1c\x17\xf4\xa9\xd4\xb5\
\x9d\xdf\x7e\x77\x52\x7d\x41\xa5\xed\x32\x4f\xd1\x06\xbd\x91\x0f\
\xc5\x01\x30\xfc\x2d\xd8\x83\x69\x03\x3c\x06\xf7\xcf\x4b\xd9\x31\
\x68\x28\xd6\xdc\xc6\x58\x9b\x35\xc5\x92\x99\x81\x7e\xf0\x10\xee\
\x5f\x96\x1a\xe6\x50\x1a\x2e\xfc\x00\x6b\x5e\x1e\xaa\xe3\xe4\xc2\
\x1d\x35\x39\x39\x30\xe3\xf9\x89\x59\x21\xd9\xe5\x33\xf9\x39\xdb\
\xed\xb1\xab\xb4\x75\xf5\x35\xd7\xf0\xd1\x87\x1f\xb1\x7a\xf5\x2a\
\x84\x6f\x1b\xaa\x35\x27\xd2\x26\x45\x06\xc5\x8a\x16\xdf\x05\xdd\
\xbd\x82\x4d\x1b\x37\x32\xf0\xd2\x4b\x79\xfe\x85\x17\xe8\xd1\xb3\
\x27\xba\xdf\xcf\xd7\x5f\x7f\xcd\x82\x05\x0b\xf8\xee\xdb\x6f\xf1\
\x54\xb2\x4f\x3c\x2b\x2b\x8b\xde\x7d\xfa\x70\xd1\x45\x17\x71\xce\
\xb9\xe7\xa2\x05\x29\x05\x1a\xad\x74\xea\xdc\x19\x5e\x7a\x09\x29\
\x0a\x50\x88\x05\x07\x60\x3f\x00\xdd\xba\x77\x2f\xf7\xfc\x67\x9f\
\x7d\x06\x80\x6a\xa9\xb8\xb2\x3b\xda\x10\x9e\xcd\x48\xe1\x62\xe2\
\xb5\x37\x91\x1d\x42\xc5\x79\xb4\xa3\xaa\xc6\x8e\x99\xd9\x33\xba\
\x32\xd8\x5a\xe4\x99\x2e\xfe\xc5\x5f\x7c\xc5\xde\x3b\xef\x41\x14\
\x07\x8a\xf9\x8e\x7c\xf1\x15\x29\xcb\x96\x9b\xa6\xab\x4b\x39\x34\
\xf7\xc5\x90\x6c\x33\x21\xe8\xfc\x73\xb5\x38\x00\xe1\xc2\xb7\x65\
\x2b\xbe\x2d\x95\xcb\x99\xec\xfb\xcb\x43\xa8\xa9\x29\x68\xa9\xa9\
\xa8\x29\x29\x68\xa9\x29\xa8\xa9\xa9\x81\xff\xd7\xa9\x43\x7c\x97\
\xce\x68\x99\x19\x01\x41\xa0\x20\xd1\x4d\x76\x72\xb6\x18\x76\x00\
\x34\x4d\xe3\x89\xa7\x9e\x64\xd0\x80\x81\xf8\x3d\xeb\x4a\xe6\x01\
\xd4\xbe\xe2\xa1\x4a\x51\x52\x13\x20\x3c\x7f\x52\x58\xb8\x95\xab\
\xae\xba\x8a\x0b\x2e\xb8\x80\xdf\x57\xaf\x26\x3f\x3f\x50\xec\x96\
\x99\x02\xe7\x75\xf4\xd3\xa9\xa9\xa0\x65\x7d\x41\x83\x34\x89\xcd\
\x22\x11\x52\x61\x77\x81\xc2\xd6\x7d\x0a\xbf\x6d\x51\xf9\x75\xb3\
\xc6\xb2\x4d\x7b\x78\xef\xdd\x77\x79\xef\xdd\x77\x49\x4f\x4f\x67\
\xf0\x90\x21\x8c\x1e\x3d\xda\x50\x81\x2e\xd6\xe8\xd0\xa1\x03\x10\
\xd8\x59\xc7\x02\xd2\x7f\x00\x80\x5e\xe5\x44\x00\x84\x10\x7c\xf2\
\xc9\x27\x28\x8a\x5a\xd2\x57\x1f\x3b\x48\x51\x84\xf4\x6d\xa6\x7e\
\xfd\x06\xdc\x7c\xcb\x2d\x91\x36\xa7\x5a\x49\x4c\x34\xee\xce\xf0\
\x84\xe8\x00\x08\xa7\x41\xfd\x8f\x10\x1c\x9c\xf5\x34\x87\x5e\x78\
\xe9\xf8\x14\xb5\x94\xec\xb9\xe9\x36\x1a\x7c\xfc\x81\x69\x3b\xe0\
\xa1\x67\x9f\xc7\xfd\xf3\xd2\xa0\xed\xaa\xa0\xae\x2e\xe8\x0a\xf4\
\x6a\x49\x01\x54\xa0\x5a\x54\x2d\x78\x56\xff\x5e\xed\x9f\x61\x56\
\x60\x62\x0f\x52\xe1\x29\x5a\x68\xd5\xaa\x15\x77\xdf\x73\x37\x8f\
\x4d\x9f\x8e\x70\xad\x40\x73\x74\x83\x30\x57\xd4\xc6\x0e\x0a\xaa\
\x3d\x30\xed\x50\x78\x37\xf1\xef\xaf\xbf\x46\x55\x61\x40\x27\x9d\
\x91\x3d\x7d\x74\x6a\x2a\x0c\xc6\x7a\x4b\x9a\x65\x49\x9a\x65\xc1\
\xf9\x6d\x74\xc0\xc7\x61\x97\xc2\xe2\x35\x1a\x9f\x2f\xd7\x58\xbc\
\x66\x3f\xaf\xcc\x9b\xc7\xab\xaf\xbc\xc2\x79\xe7\x9d\xc7\xd8\xf1\
\xe3\x39\xe7\x9c\x73\x62\x3a\x45\x90\x91\x91\x41\xdd\xf4\x74\x0e\
\x1c\x30\x6f\xc5\x8d\x0a\xa4\x1f\x29\x0a\x68\xd9\xaa\x15\xf5\xca\
\xd9\x21\x7f\xfb\xed\xb7\x25\xe1\xff\x6c\x08\xb1\x9d\xac\x66\x11\
\x08\xd7\x2a\xa4\x14\xcc\x98\xf9\x38\x71\x06\xb3\x52\x6a\x0b\x35\
\xfd\x7d\x11\x85\x85\xec\xb9\x75\x0a\xce\xc5\xff\x2b\xf7\xbc\x7f\
\xf7\x1e\x76\x0e\x19\x4e\xc6\xf4\x47\x4e\x4a\x07\xe8\x07\x0f\x71\
\x70\xf6\x33\x1c\xfe\xc7\xfc\x90\x6c\xd0\xcc\x6b\x00\x22\xe2\x00\
\x04\x2d\x3e\x50\xd3\x68\x69\x69\x28\x8e\x78\xfc\x3b\x8c\xa5\x86\
\x4f\x03\xe3\x27\x4c\xe0\xfb\xef\xbf\x67\xf1\xa2\x45\x81\x91\xaf\
\x71\xc6\xad\x2f\xb5\x1b\x89\xf0\x6e\x2a\xeb\x8c\xb8\xa0\xad\xce\
\x3d\x43\xbc\x34\x4e\xaf\x7a\x71\x6b\x72\xbc\x64\x60\x27\x3f\x03\
\x3b\xf9\xd9\x5f\xa4\xf0\xc9\x52\x0b\x6f\x7f\x6b\x61\xd1\xa2\x45\
\x2c\x5a\xb4\x88\xd6\xad\x5b\x33\xe9\xc6\x1b\xe9\x7f\xc9\x25\xa8\
\x6a\x6c\x0e\xd6\x69\x91\x97\xc7\x8f\xfb\x7f\x04\xe1\x06\x35\x7a\
\x17\x1f\xa9\x1f\x04\x29\x39\xe7\x9c\x73\xca\x3d\xff\xe6\x1b\x6f\
\x00\xa0\xda\x62\x4b\x39\x4f\xb8\xff\x44\x8a\x22\x46\x8e\x1a\x65\
\xf8\x6f\xab\x4d\x58\x2c\xc6\xdf\x93\x70\x14\x01\x1e\x8b\xf7\x8f\
\x75\xec\xbe\x6e\x52\x85\x22\x72\xfe\xdd\x7b\xc8\x9f\x70\x3d\xd6\
\xc6\x39\xd8\xdb\xb7\x43\xb1\x5a\xf1\xef\xdc\x85\x7b\xf9\xaf\x48\
\x6f\x90\xe3\x89\x2b\x4f\xd0\x5f\xba\xd8\x7c\xe2\x54\x91\xc4\x21\
\x03\x49\xb9\x7a\x4c\xc8\xd7\xf1\x28\xc6\x3f\xae\xc4\xc4\xe8\x7d\
\xf0\x55\x16\x55\x55\x99\xf3\xf4\xd3\xd4\x6f\xd0\x00\xe9\xcb\x47\
\x78\x37\x46\xda\xa4\x9a\x47\xea\xe8\xae\x15\x08\xcf\x06\x52\x1c\
\xf0\xfc\x44\x0f\x2f\x4c\xf4\x04\xb5\xf8\x9f\x48\x7a\x92\x64\x7c\
\x1f\x1f\x5f\x4f\x75\xf1\xc2\x44\x0f\x9d\x9b\x09\xd6\xac\x59\xc3\
\x2d\x37\xdf\xcc\xc5\xfd\xfa\xf1\xf9\x67\x9f\x21\x2b\xe8\x80\x89\
\x46\x1a\xe5\x04\x6a\x46\xa4\x8c\xee\xf6\xc9\xd2\x76\xc5\xf2\x86\
\xe3\xac\x5f\xbf\x9e\x45\xdf\x7c\x83\xaa\x25\xa1\x68\xe6\x23\x67\
\xa3\x09\xe9\xcb\x47\xf8\xb6\x91\x97\xd7\x82\xa9\x0f\x3e\x18\x69\
\x73\x6a\x04\xb3\x8e\x2b\x3d\xc4\xc2\x4d\xe9\x3c\xda\x09\x75\xe4\
\xd3\xcf\xd9\x39\x74\x44\x95\x14\x64\x7d\x5b\xb7\x05\x46\xda\x2f\
\xf8\x08\xd7\x4f\x4b\x6a\x62\xf1\x0f\x89\x5a\xef\x00\x28\x56\x2b\
\x49\x43\x87\x94\x75\x04\x84\x82\xd9\x0f\xcb\xac\x30\x25\x96\x48\
\x4d\x4d\xe5\xf5\x37\xde\x20\x31\x31\x11\xe1\xd9\x80\xf0\x9d\x42\
\x2a\x81\x52\x47\x77\x2d\x47\xfa\xf7\x70\x46\x03\xc1\xc7\x77\xbb\
\xb8\xb0\x6d\xf8\x87\x25\xa9\x4a\x20\xaa\xf0\xf6\xad\x6e\xde\xbe\
\xd5\x4d\xaf\x56\x3a\x1b\x36\x6c\xe0\xe6\x9b\x6e\x62\xe0\xa5\x97\
\xc6\xdc\x80\xa2\x06\xa5\x33\x3a\x44\x70\x15\xce\x35\x83\x44\xfa\
\xf7\x92\x96\x96\x46\xd7\xae\x5d\x4f\x3a\x3b\xf7\xb9\xe7\x02\xce\
\x97\xb5\x0a\xda\xee\x11\x46\xea\x85\x08\xcf\xef\x38\x1c\x0e\x9e\
\x7f\xf1\x85\x5a\x1f\xfa\xaf\x09\xa4\x5f\x47\xfa\xfd\x1c\x98\x36\
\x83\x3d\xb7\xdc\x6e\x5c\x13\x50\x4b\xa8\xd5\x0e\x80\x9a\x9c\x4c\
\xbd\x79\x2f\x62\x6f\x73\x66\x58\xae\x67\x0d\xa1\xbd\x31\x96\x68\
\xde\xbc\x39\x7f\x9f\x37\x0f\x9b\xdd\x8e\x70\xaf\x8d\x39\xa5\xb7\
\xe0\x10\xe8\xee\xdf\x90\xfa\x41\xba\xe5\xe9\xbc\x7d\x9b\x87\xfa\
\x75\xaa\x7f\x37\xde\xb9\x99\xe0\x95\x49\x1e\xde\xbb\xdd\x4d\xb7\
\x3c\x9d\x35\x6b\xd6\x30\x7e\xec\x58\xc6\x5d\x73\x0d\xeb\xd7\xad\
\xab\xf6\xcf\x0f\x07\x19\x25\xda\xe8\x32\x8a\xb5\x00\xa4\xff\x00\
\x52\xfa\xe8\xdb\xaf\xdf\x49\x9d\x18\x5b\xb7\x6c\xe1\xb3\x4f\x3f\
\x43\xd5\x1c\xa8\xd6\xd8\xe8\x9d\x97\xc2\x89\x70\x2d\x07\x04\xcf\
\x3c\xfb\x2c\xcd\x9b\x37\x8f\xb4\x49\xb5\x86\x23\x0b\x3f\xa5\x60\
\xde\x6b\x15\xea\xd1\xd4\x06\x6a\xad\x03\x60\x6b\xd9\x82\x86\x0b\
\x3f\xc0\x71\x5e\x60\x6a\x93\x62\x8f\x3d\xa9\xde\x48\x72\xf6\xd9\
\x67\x33\x77\xee\x5c\x2c\x16\x0d\xdd\xbd\x12\xe1\x0b\x56\xc0\x22\
\x36\x10\xee\x3f\x90\xfe\xfd\xb4\x6b\x2c\x78\xe9\x3a\x0f\x09\xf6\
\x9a\xfd\xf2\x77\xc8\x15\xbc\x79\xb3\x87\x37\x6e\xf2\xd0\xba\xa1\
\x60\xf1\xe2\xc5\x5c\x72\xf1\xc5\x3c\x38\x75\x2a\x07\x0f\x1e\xac\
\xf8\x02\x11\xa4\x4e\x9d\x92\x90\xb9\x8c\x5e\x19\xe5\xd2\xf0\x7f\
\xa9\x7a\xe1\xb1\x3c\xf5\xd4\x53\x08\xa1\x83\x35\x97\x98\xe8\xfd\
\x97\x6e\x84\x6b\x29\x52\x7a\x79\x60\xea\x54\x2e\xb8\xf0\xc2\x48\
\x5b\x54\x6b\x28\xfa\xe0\x43\xf6\x4e\xb9\x3b\xd2\x66\xd4\x18\x51\
\xeb\x00\x58\xb2\xb3\x49\xbd\x7e\x22\x99\x4f\x3d\x4e\xe6\xec\x27\
\xa8\x3b\xf5\xbe\xc0\x62\x5e\x89\x0a\xd0\xa4\xa1\x43\x68\xf8\xf1\
\xfb\x58\x9b\xe4\x96\x1d\x53\x4e\x87\xc7\xaa\xcc\x85\x7d\xfb\xf2\
\xf7\x97\x5f\xc6\x5e\x12\x09\x10\x9e\xd8\xd8\x91\x56\x95\x40\x1e\
\x75\x3b\x0d\xd2\x24\x2f\x5e\xeb\x21\x92\x63\x1d\xce\x6e\xa1\xb3\
\xe0\x4e\x37\x33\x46\x79\x49\x4b\xd4\xf9\xc7\x5b\x6f\xd1\xe7\xbc\
\x73\x99\xf7\xf2\xcb\x51\x3b\xa7\x20\x25\xb5\x74\x16\x49\xf8\xd3\
\x25\xe1\x41\x22\xf5\x3d\x24\x25\x25\x9f\x24\x00\xb4\x72\xc5\x0a\
\x3e\xfb\xf4\x53\x54\x2d\x01\xd5\x7a\xb2\xe8\x53\xd4\x21\xdd\xe8\
\xce\x5f\x90\xc2\xc5\xa4\x1b\x6f\x64\xdc\xf8\xf1\x91\xb6\xa8\xc6\
\xd1\xfd\xa7\x46\x24\xb6\x26\x88\x3e\x07\x40\x51\xa8\x73\xd3\x0d\
\xe4\x7c\xfb\x1f\xea\xde\x77\x37\x49\xc3\x87\x92\x34\x74\x08\xa9\
\x13\xc6\x91\xfd\xc6\x3c\x1a\xbc\xf7\x36\x5a\x66\xf9\x3d\xba\x8a\
\xcd\x46\xc6\xf4\xbf\x92\x39\xfb\x09\x94\xf8\x9a\x9d\xe4\x75\xe4\
\x48\x34\xe7\x3f\x83\xa7\x77\x9f\x3e\xbc\xf5\x8f\x7f\x90\x92\x92\
\x8a\xf0\x6e\x46\x77\x2d\x8f\xea\x9d\x5e\x55\x91\xc2\x85\xf0\xac\
\xc1\xaa\xc1\x0b\x13\x3d\xa4\x27\x45\x3e\xec\xa7\x2a\x30\xb4\x9b\
\x9f\x7f\x3d\xe0\xe2\x86\xbe\x3e\xbc\xee\x23\x3c\x36\x7d\x3a\xfd\
\x2f\xba\x88\x1f\x7f\xf8\x21\xd2\xe6\x9d\x84\xad\x44\x38\x45\x46\
\xe9\x7d\x21\xfd\x07\x91\xc2\xcb\x05\x17\x5e\x80\xe5\x84\x5a\xa0\
\x19\x8f\x3d\x06\x80\x62\xcb\x23\xda\x77\xff\x52\x14\xa3\x3b\x97\
\x20\x85\x93\x09\x13\x27\x72\xd7\xdd\xa7\xce\x4e\xf5\x58\x8a\x9d\
\xc6\xa9\xa6\x0a\x34\xf3\x6b\x2b\x41\x7b\x44\xa1\x38\x00\xc1\xcd\
\x35\xac\x80\xba\x0f\xdc\x4b\xda\x5d\x77\x18\x16\xed\xc5\x75\xed\
\x4c\x83\xf7\xdf\x41\x4d\x3d\x5e\xa7\xdb\xda\xa8\x21\x0d\x16\xbc\
\x4b\xf2\xe8\x91\xe5\x5f\xb8\x9a\x5b\xac\x84\x88\xfc\xc2\x51\x5d\
\x74\xee\xd2\x85\x85\xff\xfc\x84\x16\x2d\x5a\x20\xfd\xfb\xf0\x17\
\xff\x10\x68\xa9\xaa\x05\x08\xcf\x1a\xa4\xf4\x73\xc7\x40\x1f\xad\
\x1a\x44\xd7\xce\xc2\x61\x87\xdb\x07\xf8\xf8\xe2\x7e\x17\xfd\xcf\
\xd2\xd9\xb4\x69\x13\xa3\x47\x8d\x62\xf2\x6d\xb7\xb1\x7f\xff\xfe\
\x48\x9b\x57\x46\x5c\x0d\x3b\xdb\x55\x45\xf8\x02\xed\xbf\x83\x4b\
\xa6\x17\x96\xf2\xd5\x97\x5f\xb2\x64\xc9\x12\x54\x2d\xb5\x44\xfa\
\x37\x7a\x91\xfa\x21\x84\xf3\x67\xa4\x70\x73\xc3\xa4\x49\xdc\xff\
\x97\xbf\x44\xda\xa4\xa8\x44\x3d\x05\xf2\xf6\xe5\x10\xb4\xce\x7d\
\x28\xa5\xf1\x86\x6a\x3f\xde\x20\xfd\x0a\xc7\x39\xbd\x48\x9d\x30\
\xae\xc2\xd7\x59\x1b\xe7\x50\xf7\xce\xdb\x03\x83\x83\x00\xc7\xf9\
\xbd\xc9\x9a\xf3\x24\x6a\x8a\xf1\xf0\x0e\x19\x86\x09\x6f\x71\xe8\
\x14\x1b\xfc\xc8\xbc\xbe\xd8\x1e\xa7\xfb\xc5\xe7\x9f\x93\xbf\x7b\
\x37\xc9\xc9\xc9\xc4\xc7\xc5\xe1\x70\x38\x88\x77\x38\x02\x7f\x8f\
\x8f\x27\x3e\x3e\x9e\x37\xff\xf1\x0f\xe6\xcc\x9e\xcd\x7b\xef\xbe\
\x8b\xee\xfc\x05\xd5\xda\x10\xd5\xde\x02\x94\xd8\x14\x41\x92\xfe\
\x3d\x48\xff\x7e\xda\x37\x16\x8c\xeb\x1d\x9d\xbb\x57\x80\x06\x69\
\x92\xa7\xc7\x7a\xb8\xb2\x87\xc6\x43\xef\xdb\xf8\x64\xe1\x42\xfe\
\xfb\x9f\x7f\x73\xd7\xdd\xf7\x30\x6a\xf4\xe8\x5a\x27\x2f\x1c\x56\
\xa4\x1f\xf4\x3d\x64\x66\x66\xd2\xab\x57\xaf\xb2\xc3\x5e\xaf\x97\
\xc7\xa6\x4f\x07\x40\xb1\xb7\x88\x94\x75\x95\x42\xf8\x76\x22\x3c\
\x6b\x40\x0a\xee\xbd\xef\x3e\xae\xbb\xfe\xfa\x48\x9b\x14\x51\x8a\
\x9d\xc6\xd1\x56\x4b\x90\x83\xe8\xa2\x9d\x70\xeb\x1b\x94\x52\x2d\
\x72\x57\x5e\x93\x7e\x79\x33\x52\x6f\xaa\xfc\x8d\x9d\x34\x62\x18\
\x07\x9e\x9a\x43\xea\x75\x13\xa9\x73\xa3\xf9\xfb\x0a\x5e\x7e\x95\
\x83\x33\x9f\x0c\xca\xa6\x63\xd1\xa4\x34\x8c\x12\x7a\xdc\xd1\xdd\
\xef\x59\x11\xc5\xc5\xc5\x4c\x7b\xe4\x91\x2a\xbd\x47\xf8\x76\x00\
\x3e\xd4\xb8\x0e\xd5\x63\x54\xb5\x22\x91\x9e\x3f\x51\x14\x98\x3a\
\xdc\x5b\x99\xd2\x92\x88\x73\x76\x0b\x9d\x7f\xde\xe3\x62\xde\x7f\
\xac\xbc\xf8\xaf\x62\x1e\x7a\xf0\x41\xde\x7f\xff\xff\x78\xec\xb1\
\x19\xb4\x69\xdb\x36\xd2\xe6\x45\x25\xc2\xbf\x0b\x29\x05\x43\x2e\
\xbb\xec\x38\x47\xe9\x8d\xd7\x5f\x67\xfb\xf6\xed\x28\x96\x8c\x28\
\xee\xfb\x17\x08\xf7\x9f\x08\xdf\x36\xac\x56\x1b\x4f\xcd\x9e\xc5\
\xc0\x81\x03\x23\x6d\x54\xc4\x11\xba\x71\xa4\x2e\xae\x96\xa6\x00\
\xfc\xe6\xe9\xa9\xa0\xf3\xcf\xa1\x38\x00\x87\x09\x61\x0c\xe1\x89\
\x28\x76\x3b\xf1\x5d\xca\x9f\xcf\x6d\xf4\xfa\x46\x9f\x7d\x8c\xa5\
\xb4\x07\xb9\x1c\x44\xb1\x93\xbd\x77\xde\x43\xf1\x17\x5f\x85\xc3\
\x44\x6c\x26\xa9\x16\x9f\x3f\xb6\x6f\xbc\x01\x03\x07\x32\x7d\xda\
\x34\x0a\x0b\x0b\x51\x6d\x4d\x02\x8a\x6e\x52\x0f\xfc\x87\x1f\xa4\
\x8e\xa4\xe4\xef\xd2\x5f\x76\x0c\xad\x6e\xa4\x4d\x0f\x0a\xe1\xdb\
\x85\x10\x2e\x06\x76\xf6\xd3\x36\x27\xba\x42\xff\x66\xd8\x2c\x70\
\xe3\x45\x3e\x2e\xed\xe4\xe7\xaf\xff\x67\xe3\xfb\x55\xab\x19\x32\
\x78\x10\xe3\xc6\x4f\xe0\x8e\x29\x53\x88\x8f\x40\x38\xbe\xb0\xb0\
\x10\x00\x25\x4c\xb3\xd8\xc3\x89\x2c\x09\xff\x0f\x1b\x3e\xbc\xec\
\x58\x61\x61\x21\xcf\xcf\x9d\x8b\xa2\xa8\xa8\xf6\x96\x91\x32\xcd\
\x14\x29\x8a\x11\xae\x95\x48\x11\x98\xb1\x30\x6c\xf8\x30\x76\xed\
\xdc\xc9\x13\x33\x67\x52\x74\xf8\x30\x85\x85\x85\x14\x16\x16\x72\
\xb8\xe4\xcf\x05\x05\x85\x1c\x3e\x5c\x88\xa2\x28\x7c\xb3\x78\x71\
\xb9\x53\x2c\x6b\x0b\x66\x35\x00\xda\xa9\x99\x02\x88\x88\x03\x60\
\xf8\xd4\x34\xd3\xcc\x37\xc2\x9a\xd3\x08\x8e\xf1\xd0\xfd\x3b\x76\
\x72\xe4\x9f\x9f\xe1\x59\xb3\x16\x51\x5c\x8c\x25\x33\x03\x7b\x9b\
\x33\x49\x1c\x70\x69\x59\xfe\xdf\x6c\xf1\xf7\xae\xdf\xc0\xee\xeb\
\x6f\xc2\xb7\x69\x73\x95\x6d\x31\xc2\x6e\xe2\x00\x14\x17\xc7\x76\
\x11\x60\x5c\x5c\x1c\xa3\xc7\x8c\xe1\x85\xe7\x9f\x47\x4a\x0f\x9a\
\x35\xba\xc3\xa2\xa1\x21\x91\xde\x4d\xe6\xa9\xe4\xf2\x00\x00\x20\
\x00\x49\x44\x41\x54\x28\x0a\xdc\xd0\xd7\x3c\x75\x23\x24\xfc\xb9\
\x4b\xe5\x97\x0d\x2a\x9b\xf7\x59\x50\x54\x2b\x0f\x0e\x2d\x67\x14\
\x75\x0d\xd3\x38\x5d\xf2\xea\x8d\x1e\x3e\xff\x55\x63\xfa\x02\x1b\
\xaf\xcc\x9b\xc7\x57\x5f\x7e\xc1\x63\x33\x1e\xa7\x57\x0d\xcb\xc1\
\x1e\x2e\x71\x00\xa2\x6d\x76\x84\xd4\x0b\x91\xfa\x61\xda\xb7\x6f\
\x4f\x5e\x5e\x5e\xd9\xf1\xb9\xcf\x3d\xc7\xe1\xc3\x87\x51\x6d\xb9\
\x51\x39\xf4\x4a\xfa\x76\xa1\x7b\xd6\x94\x38\xdf\x01\xde\x7d\xe7\
\x9d\x4a\xbd\x77\xc4\xe5\x97\xd7\xea\xc5\x1f\xc0\xe5\xaa\xbe\x22\
\x40\x4b\x76\x3d\xa4\xc7\x63\x38\x75\x36\x52\xb8\xaa\x69\x36\x45\
\x28\x57\x35\x8c\x79\xeb\x41\xa4\x00\xb4\x3a\x47\xc3\x70\x07\x66\
\xce\xa2\xf0\xe5\x79\xc8\x93\x76\xd5\xef\x73\xe0\xa9\x39\xd4\x7f\
\xeb\x35\xec\x6d\xdb\x18\x5e\xeb\xc8\xa7\x9f\xb3\xef\x9e\xfb\xcb\
\x46\x36\x86\x0b\x87\xc9\x90\xa3\x23\x31\xee\x00\x00\x8c\x1d\x37\
\x8e\x57\xe6\xcd\xc3\xe3\xc9\x47\xda\x9a\xa1\xa8\x41\x4f\x99\x8c\
\x6a\xa4\x7f\x3f\x52\x38\xe9\xd7\x5e\xa7\x79\xbd\xf2\x9d\xba\x5d\
\x87\x14\xde\xfe\x2e\x9e\x4f\x96\xc7\x91\x9c\x9c\xc2\xb6\x5d\x07\
\x71\xc4\x59\x98\x32\xa8\x86\x8d\xad\x80\x4b\xce\xd2\xe9\xd1\xc2\
\xcd\xe3\x1f\x5b\xf9\xe8\xe7\x9d\x5c\x7d\xd5\x55\x0c\x1d\x36\x8c\
\xbf\x3c\xf0\xc0\xd1\xfe\xfc\x6a\xa6\xb0\xcc\x01\x88\xae\x01\x3a\
\xa5\xda\x15\x23\x47\x8d\x2a\x3b\xb6\x63\xc7\x0e\xde\x7c\xe3\x0d\
\x54\xd5\x86\x6a\x6b\x16\x29\xd3\x0c\xd0\x11\x9e\xf5\x48\xff\xfe\
\x40\x5a\x42\xb1\xa2\x60\x09\xfc\x5c\x15\x2b\x28\x96\x63\xfe\x6e\
\x29\xf9\xbb\x15\x89\x40\x77\xfe\x80\xcd\xaa\x71\xdb\xe4\xc9\x91\
\xfe\x47\x54\x3b\x4e\x93\x08\x40\x42\x88\x83\xe8\x52\x26\x8e\x43\
\x7a\xbc\x21\x8f\x8e\x0f\x37\x3e\xf3\x14\x40\xd0\x45\x80\xd5\xd2\
\x05\x50\x1c\x4c\x28\xb0\xa4\x4a\xdf\xf9\xcd\x62\x0a\x5e\x7c\xa9\
\x9c\xc5\x3f\x80\x28\x28\x64\xcf\x4d\xb7\x95\x7b\x5e\xfa\x75\xf6\
\x3f\x32\x9d\x3d\x37\x4f\x0e\xfb\xe2\x0f\xe6\x37\x57\x6d\x68\x03\
\x4c\x4f\x4f\x67\xd4\xe8\xd1\x04\x86\xe1\x6c\x88\xb4\x39\xd5\x46\
\xa9\xbc\xf1\x98\x73\x4e\xfe\x7d\x7a\xfd\x30\xfb\x33\x07\x83\x9f\
\x4a\x45\xcd\x1d\xcb\x03\x8f\x3c\x85\x6a\x89\x63\x40\x37\x07\xff\
\xba\xef\x20\x97\x77\x39\x50\xd3\xe6\x56\x48\x6a\x82\xe4\xf1\xd1\
\x5e\x5e\x99\x14\x50\x2f\xfc\x70\xc1\x02\xfa\x5e\x70\x3e\xff\xfc\
\xe4\x93\x1a\xf9\xfc\x82\x82\x92\x49\x80\x4a\x14\x89\x6d\x49\x2f\
\xd2\xbf\x1b\x87\xc3\xc1\xa5\x03\x06\x94\x1d\x7e\x66\xce\x9c\x80\
\x9e\x82\xb5\x49\xd4\x39\x2c\xa0\xa1\xda\x5b\xa1\x25\xf4\x42\x8b\
\xef\x84\x16\xd7\x0e\x35\xae\x35\xaa\xbd\x05\xaa\xad\x09\xaa\xb5\
\x11\x8a\x35\xbb\xac\x6e\x41\x51\x93\x40\x8d\x43\xfa\x76\x80\xd4\
\x19\x3d\x66\x0c\xf5\xeb\xc7\x86\x92\x61\x28\x98\x45\x5b\x2b\x18\
\x9b\x5b\x21\x96\xac\x2c\x92\xaf\xbc\x1c\x4b\x56\x66\x48\xd7\x09\
\x37\x15\x44\x00\x22\xe2\x00\x18\xce\xff\xf4\x04\x13\x0a\xb4\x04\
\xde\x53\xf4\xfe\x82\x0a\x5f\xea\xdb\xb6\x1d\xf7\x4f\x4b\x8e\x3b\
\xe6\xdf\xb3\x97\x5d\x57\x8c\xa6\xf0\xd5\x37\xca\x7d\x4f\x7c\x8f\
\xb3\xab\x6e\xd3\x89\xd7\x30\xb9\xb9\x62\x3d\x05\x50\xca\xcd\x37\
\xdf\x4c\x62\x62\x22\xd2\x97\x1f\x33\x33\xde\xab\x84\xf4\x82\xbe\
\x9f\xc6\x19\x92\x6e\x79\xc7\xff\x3e\x0f\x14\x29\x8c\x7c\xae\x0e\
\x6b\x9d\xdd\xf8\xf2\xeb\x45\x34\x6c\xdc\x8c\x47\x1f\xbc\x87\x3b\
\x2e\xd8\xc8\x8c\xe1\xf9\xa4\x38\xa2\x3b\xbf\xd8\xab\x95\xce\x67\
\xf7\xb9\xb8\xea\x5c\x3f\x87\x0e\x1d\xe2\xb6\x5b\x6f\xe5\xda\x89\
\x13\xd9\xbd\x7b\x77\xb5\x7e\x6e\x59\x0d\x40\x14\x39\x00\xc2\xb7\
\x03\xa4\x60\xf0\x90\x21\x24\x24\x04\xc2\xfc\x5b\xb7\x6c\xe1\xa3\
\x8f\x3e\x46\x51\xed\x31\x37\xf1\xcf\x08\x29\x8a\x11\xbe\xad\x24\
\x24\x24\x70\xd3\xcd\x37\x47\xda\x9c\x1a\xa1\xe8\x88\x71\x47\x57\
\xa8\x45\x80\x96\xcc\x4c\xb4\xb4\x3a\x34\x58\xf0\x5e\x99\x8a\x6c\
\x34\xe0\x34\xdf\x54\x07\xbd\xdb\x0d\xc5\x01\x30\xf4\x3a\x82\x69\
\x59\x50\x1d\x81\x70\xb3\xfb\xb7\x95\x95\x7a\xbd\x77\xe3\xa6\xb2\
\x3f\xbb\x7e\x5a\xc2\x8e\x4b\x87\xe0\x5e\xb6\xdc\xf0\xf5\xe9\x53\
\xef\xaf\xb2\x4d\x27\xe2\x30\xee\x7c\xe4\x70\x51\xb5\xc8\x22\xd4\
\x38\x75\xd2\xd2\x98\x74\xe3\x8d\x00\x08\xcf\xda\x08\x5b\x13\x7e\
\x84\x6f\x37\x52\x4a\x06\x75\x3e\xfe\x77\x59\xec\x51\x18\xf7\x52\
\x0a\xed\x7b\x5e\xc6\x6b\x6f\xbd\xcb\x3b\xf3\xff\xc1\xbc\xe7\x1f\
\xe3\xed\x9b\xf6\xd3\xa7\x75\xec\x74\x78\x38\xec\xf0\xc0\x30\x2f\
\xf3\x6f\x75\xd3\x24\x53\xf0\x9f\x7f\xff\x9b\x8b\xfa\x5e\xc8\xbb\
\xef\xbc\x53\x6d\x93\x06\xcb\x1c\x0c\x25\x5a\xd4\x36\x25\xd2\xb7\
\x1d\x45\x51\x18\x3b\xee\x68\x5b\xf1\xbc\x79\xf3\x10\x42\x47\xb1\
\x36\x86\x28\x2c\x58\x0c\x06\xe1\x0e\xb4\x07\xde\x79\xd7\x5d\xa4\
\xa5\xa5\x45\xda\x9c\x1a\xe1\xd0\x21\xe3\x0d\x6f\x62\x88\x62\x54\
\x5a\x46\x3a\x00\x96\x86\x0d\xc8\x7e\x63\x1e\xf5\xe6\xfd\xed\x38\
\x45\xd9\x48\x51\xc1\x9a\x1a\xf4\x4e\xad\x5a\x52\x00\xae\x10\xbe\
\x5c\xe2\x48\xe5\xa2\x19\xa2\x64\xd7\x51\xf0\xd2\x3c\x76\x8d\x1e\
\x8b\x5e\x81\x30\x8a\x9a\x92\x1c\xb2\x18\x50\x92\x49\x0a\xc0\xec\
\xa6\x8c\x35\x26\x5e\x7b\x2d\x4d\x9b\x36\x45\xea\x05\x25\xad\x7e\
\xb5\x87\x52\x4d\xf8\x8b\x3a\x1c\xbf\x53\x98\xf5\x69\x1c\x59\x8d\
\x3b\xf0\xd7\x47\x1f\xe3\x5f\x5f\x7d\xc5\x5b\xaf\xbf\xcc\x1b\x37\
\x1c\x0c\xcb\x18\xe0\x48\xd0\xb1\xa9\x60\xe1\xdd\x6e\x26\x9c\xef\
\xa3\xf8\xc8\x11\xee\xbf\xef\x3e\xc6\x8c\x1e\xcd\xf6\xed\xe1\x9f\
\xee\xb8\x75\xeb\x56\x80\xa8\xa9\x19\x91\xfe\x7d\x48\xe1\xa6\xcf\
\xf9\xe7\x97\x15\xff\x15\x15\x15\xf1\xe1\x87\x1f\x06\x72\xff\xd6\
\x9c\x08\x5b\x18\x1e\xa4\x6f\x17\x52\x3f\x48\xdb\xb6\x6d\x19\x73\
\xd5\x55\x91\x36\xa7\xc6\x28\x38\x6c\xbc\xd9\x4a\x0e\xb1\x06\xc0\
\x92\x5d\x0f\xcf\xca\xd5\x14\x2d\xf8\x18\x7d\xff\x7e\x12\x2e\x3c\
\x9f\x9c\x7f\x7f\x41\xc6\xb4\x87\x0d\x15\x68\x6b\x82\x0a\x0a\xeb\
\xa3\xcb\x01\x70\x06\x11\x01\x10\x45\x81\x05\x54\x89\x33\x9e\xf5\
\x7c\xdc\xeb\x8b\x03\x73\x9b\x0f\xcc\x78\x02\x74\x93\xb0\x8f\xa2\
\x90\x72\xcd\x18\x2c\xf5\xeb\xa3\x26\x26\x56\xd9\xae\x63\x49\x91\
\xc6\x3b\xc1\x83\xb5\xc8\x01\xb0\x5a\xad\x4c\x7b\xec\x31\x14\x45\
\x41\x7a\xfe\x44\x8a\x5a\x32\x12\x53\xea\x20\x0e\xd2\xb0\xae\x24\
\xef\x98\xe2\x3f\xb7\x0f\x16\xfc\x64\xe1\xe1\x47\x67\xa2\xaa\x2a\
\xcf\xce\x7e\x9c\xdb\xfb\x1f\xa9\x91\x69\x80\xd5\x89\xdd\x0a\x77\
\x0f\xf6\xf1\xce\xe4\x40\x34\xe0\xc7\x1f\x7e\xa0\x7f\xbf\x7e\xbc\
\xfa\xea\xab\x08\x11\xbe\xd6\xc7\x6d\x5b\xb7\x1e\x2d\x54\x8b\x02\
\x4a\x6b\x3c\xae\x19\x3b\xb6\xec\xd8\x17\x9f\x7f\x8e\xcb\xe9\x04\
\x4b\xa3\xa8\xeb\x56\x08\x06\x29\x9c\x08\xcf\x5a\x54\x55\x65\xfa\
\x8c\x19\xa7\x94\x18\x54\x41\x81\xf1\xb3\x36\x29\x84\x08\x80\x9a\
\x98\x88\x62\xb7\x93\x3f\xe1\x7a\xf6\x4e\xb9\x9b\xad\xdd\xcf\x63\
\xef\x94\x7b\x70\xaf\x5a\x4d\xf2\x98\x51\x34\x5e\xfc\x6f\xd2\xee\
\xbc\x1d\x35\x29\x29\xe8\xcf\x08\x96\x0a\x22\x00\x41\x87\x9f\x43\
\xa9\x82\x31\xac\x01\x70\x06\x53\x5c\x53\x12\x9e\xb4\x64\x67\xa3\
\xd8\x6c\x81\x5f\x86\xd5\x8a\x9a\x90\x80\x62\xb7\xa3\xd8\x8f\x1e\
\x53\x12\x12\x88\xeb\xdc\x11\x80\xba\x53\xef\x43\x51\x54\x94\xb8\
\x38\x14\xbb\x2d\xf0\x7f\x9b\x15\xd5\x91\x80\x96\x99\x81\xa5\x41\
\x03\x54\x47\x78\x7a\xa3\x53\x4c\x6e\x2e\x97\xcb\x83\xd7\xeb\xc7\
\x66\x8b\xb6\xc2\xa2\xe0\x38\xfb\xec\xb3\x19\x3b\x6e\x1c\xaf\xbd\
\xfa\x2a\xc2\xbd\x12\xcd\xd1\x95\x68\xd7\x4a\xaf\x08\x29\x0a\x90\
\x52\x72\xf6\x09\xb9\xff\xcd\x7b\x55\x72\x1a\x66\x92\xdb\xa4\x09\
\x00\xeb\x36\x6e\xa3\xcb\xf0\xd8\xd1\x06\xa8\x88\x0e\xb9\x81\x68\
\xc0\x33\x9f\x5b\x79\xed\x1b\x98\xf6\xc8\x23\x7c\xf1\xf9\xe7\x3c\
\x3e\x73\x26\xcd\x9a\x85\x56\x09\xef\x74\x3a\xd9\xbf\x7f\x3f\x8a\
\x1a\x36\x49\x90\xd0\x90\x5e\xa4\xff\x00\xd9\xd9\xd9\xc7\x0d\xfe\
\x59\xb8\x70\x21\x00\x4a\x8c\x8c\xfb\x35\x47\x22\xdc\x2b\x91\xd2\
\xcf\x94\x3b\xef\xa2\x4d\x1b\xe3\x8e\xa8\xda\x86\xcb\xed\xc5\xeb\
\x35\xde\xe5\x9b\x3d\xa3\x2b\x42\xcb\xca\xc4\xb7\x65\x2b\xfa\xbe\
\x7d\x00\x48\x9f\x8f\xa2\x05\x1f\x51\xb4\xe0\x23\x12\x07\x0f\x24\
\xeb\x99\x59\xd4\xb9\x79\x12\xc9\xa3\x47\x52\x30\xf7\x45\x0a\xdf\
\x7a\x1b\xe9\xad\x99\xf4\x60\x91\xf9\x9a\x1a\x74\x04\x20\x94\xd5\
\xca\xb0\x1c\xba\x28\x88\x9d\x80\x28\x0a\xf4\x56\x37\x5c\xf8\x41\
\x95\xde\x57\x19\xe9\xe0\x52\xd4\x04\x07\xe2\x70\xf0\x85\x6d\x15\
\x79\x97\x07\x0f\x15\x51\x2f\x2b\x5a\x55\xc5\xaa\xce\xdd\xf7\xdc\
\xc3\x4f\x3f\xfe\xc8\xda\xb5\x6b\x11\x9e\x3f\x51\xed\xad\x22\x6d\
\x52\x50\x48\x51\x0c\xc2\x85\xf0\xe7\x03\xd0\xb9\xd9\xf1\x8b\xbb\
\x94\x01\x1d\x84\x52\x5a\x36\x6f\xc4\xf7\x7f\xac\xa7\x59\x56\xed\
\x71\x02\x4a\xa3\x01\xfd\xda\xeb\xdc\xfb\xb6\x8d\x65\x4b\x97\x72\
\x69\xff\x8b\xb9\x63\xca\x9d\x4c\x98\x38\x31\xe8\x1d\x64\x69\xf8\
\x1f\x35\x3a\xe6\x01\x48\xff\x7e\x40\xd2\xff\x92\x4b\x50\x4b\x52\
\x7e\x07\x0e\x1c\x60\xc9\x4f\x3f\xa1\x5a\x52\xa3\x26\x4d\x11\x0a\
\xc2\xf3\x27\x52\x2f\xa4\x47\xcf\x9e\xdc\x30\x69\x52\xa4\xcd\xa9\
\x51\xf6\xee\x35\xdc\x77\x02\x90\x1c\x82\x03\xe0\xdf\xb9\x8b\xdd\
\x93\xca\x2f\xa4\xf4\x6f\x0b\x44\x95\x8a\x16\x7c\x8c\xe3\xdc\x9e\
\xd4\x9d\x7a\x1f\x29\x13\xae\xe1\xe0\xac\xa7\x29\xfa\xe8\x13\x08\
\x63\x44\xad\x3c\x0e\x9b\xaf\xa9\x41\xb7\x26\x85\x92\x02\x30\x9c\
\x06\x53\x81\xb1\xe5\x53\x13\x0a\x4e\x21\x86\xc9\xea\x08\x73\x6f\
\x6f\xcf\x1e\xf3\x9b\x33\xd6\xb0\xdb\xed\x3c\xff\xc2\x0b\x24\x25\
\x25\x23\xbc\x5b\x63\xaf\x1e\x40\x7a\xd0\x9d\x3f\xa3\x17\x7f\x87\
\xee\x5a\x86\xf4\xed\x02\xa0\x5d\xe3\xe3\xbf\xac\x2d\xb2\x05\x3b\
\x76\xe6\xb3\x73\x67\x40\x35\xee\xc1\x47\x9f\xe4\xd9\x2f\x13\xf8\
\xee\x8f\xda\x17\x56\x2d\x8d\x06\x5c\x77\xa1\x0f\xdd\xef\xe3\xf1\
\x19\x33\xb8\x6c\xc8\x60\xd6\xfd\xf9\x67\x50\xd7\xdb\xb0\x21\xd0\
\x2e\x1a\x2d\x82\x3a\x52\x04\x36\x12\x3d\x7a\xf4\x28\x3b\xf6\xe5\
\x97\x5f\x06\x52\x1e\x5a\x74\x0f\xfc\xa9\x0c\xc2\xb7\x03\xe1\xdd\
\x4a\x5a\x5a\x1a\x73\x9e\x7e\xba\xcc\xc9\x39\x55\xd8\xbf\xdf\x7c\
\x03\x97\x26\x8d\x35\x02\x2a\x42\xba\xdd\x78\xff\x28\x7f\xe4\xb9\
\x96\x1e\x28\x0e\x2c\x78\xe9\x65\xb6\x9e\x73\x01\xfb\x1f\x79\x0c\
\xc5\x6e\x27\x73\xd6\x13\x34\xfa\xe2\x13\x1c\x17\xf4\x09\xfa\x73\
\x2b\x43\x05\x9b\xea\xa0\x27\xb3\x55\x8b\x03\x70\x24\x88\xc0\x82\
\x1e\xc2\xce\xbc\xb2\x28\xd6\xd0\x72\x94\x69\x26\x35\x00\x00\xfb\
\xf6\x17\x86\x74\xfd\x68\x24\xb7\x49\x13\x5e\x78\xf1\x05\x54\x55\
\x45\xb8\xd7\x20\xfd\xfb\x22\x6d\x52\xa5\xd1\xdd\x6b\x90\xfa\x21\
\xba\x34\x13\xdc\x74\xb1\x8f\x11\xdd\xfd\xb4\xc9\x11\xe4\x66\x1c\
\xef\x00\x58\x34\x18\xdf\xdb\xcb\xf8\x6b\x46\xb3\x7e\xfd\x7a\xba\
\x76\xed\xca\x33\xcf\xbf\xc4\xed\x6f\x26\xf1\xfc\x97\x56\x4c\xa4\
\xc7\x63\x12\xbb\x15\xa6\x0c\xf4\xf1\x7f\xb7\xbb\x69\x59\x5f\xb0\
\x7a\xd5\x6a\x06\x0e\xb8\x94\x67\x9f\x79\x06\xbf\xbf\x6a\x45\x54\
\xab\x57\xad\x02\x40\xd1\xa2\x23\x05\x20\xf5\x80\x03\x70\xd6\x59\
\x67\x95\x1d\x5b\xf4\xcd\x37\x00\x51\x3f\xf1\xaf\x22\xa4\x7f\x3f\
\xc2\xbd\x06\x8b\xc5\xc2\xdf\x5e\x7a\x89\x8c\x8c\xc8\x15\xa5\x45\
\x8a\x3d\x15\x44\x00\xd2\x2a\xd8\xa4\x05\x4b\x69\x77\x80\xbe\xff\
\x00\xd2\xed\xa6\xf0\xd5\xd7\xd9\x76\xee\x05\x1c\x98\x39\x0b\x2d\
\x33\x93\xec\x57\x5e\xa2\xc1\xff\xcd\x27\xae\xe3\x59\x15\x5c\x29\
\x38\x2a\x48\x01\x44\x97\x03\xe0\x52\xb4\x8a\x86\x17\x9c\x4c\x0d\
\x04\x00\xd4\x10\x75\xd2\x53\xa5\x17\xcd\xc4\xd0\xbd\xfb\x6a\x9f\
\x03\x00\xd0\xb3\x57\x2f\x9e\x7c\xea\x29\x02\xb9\xc7\x15\x65\x95\
\xf4\xd1\x8d\x40\xfa\xf7\x51\x27\x41\xf2\xea\x8d\x6e\x6e\xed\xef\
\x63\xda\x95\x5e\x16\x4c\x71\xa3\x95\x73\xd7\x4f\xec\x73\x84\x4b\
\x5a\x6d\x67\xc8\x80\x4b\x18\x7b\xd5\x28\xd6\xad\x5b\xcf\xb5\x93\
\x6e\x65\xde\xa2\x44\x2e\x9b\x95\xc2\xaf\x5b\x6a\xdf\x4e\xab\x4d\
\x8e\xe0\xc3\x3b\xdd\xdc\xd2\xdf\x07\xc2\xcf\xd3\x73\xe6\x30\x78\
\xe0\x80\xb2\x45\xbd\x32\x94\x39\x00\xaa\xf1\x24\xce\x1a\x45\x14\
\x92\x9d\x9d\x4d\x9d\x92\x96\x38\xbf\xdf\xcf\x8f\x3f\xfc\x80\xa2\
\x25\xa0\x44\x49\x9a\x22\x18\xa4\x5e\x88\xee\x5e\x01\x48\x9e\x78\
\xf2\x49\x3a\x77\xe9\x12\x69\x93\x22\x82\xd9\x33\x36\x59\xfa\xb0\
\x9a\xc8\xb5\x87\x82\x96\x99\x81\xf4\xfb\xd1\x0f\x1e\x5d\xf6\x44\
\xb1\x93\x82\x17\x5f\x62\x5b\xaf\xde\x1c\x9c\xf3\x2c\xb6\x33\x5a\
\xd2\xe0\xc3\xf7\xa8\xf7\xf7\x17\xb0\x35\x0f\x9f\xca\xa4\x5b\xd1\
\xf0\x9b\x2f\xd5\xd1\xe5\x00\x40\xd5\xeb\x00\x4a\x6b\x00\xc2\x81\
\x74\xbb\xd1\x0f\x1e\x42\x14\x16\x86\x55\x11\x50\x01\xea\x98\x44\
\x01\xf2\x77\x47\x97\x7e\x74\x38\xb9\x6c\xe8\x50\x1e\x9d\x36\x0d\
\x29\x75\x74\xf7\x0a\xa4\xbf\x7a\xc5\x65\x42\x46\x0a\x40\xd2\xa2\
\xbe\xa0\x32\x75\x99\x8a\x02\x37\xf6\x2d\x62\xf1\xc3\x87\x19\xd4\
\x64\x31\x05\x2b\x9f\x63\xff\xaa\xd7\x18\xd5\x27\x81\x11\xbd\xac\
\xe4\x1f\x52\x70\xc5\x8e\x1c\x40\xa5\xb1\x68\x70\xf3\xc5\x3e\x3e\
\xba\xcb\x4d\xdb\x1c\xc1\xda\xb5\x7f\x70\xd9\xe0\xc1\x4c\x7b\xf4\
\x51\x9c\x4e\xf3\xef\x8e\x94\x92\x55\xab\x56\x05\x14\x00\xd5\xc8\
\x6b\x00\x48\xe1\x44\x4a\x3f\xed\xda\xb5\x2b\x3b\xb6\x6e\xdd\x3a\
\x9c\x4e\x27\x8a\x1a\xbb\xb5\x39\x52\x2f\x44\x77\x2d\x05\xe9\xe7\
\xbe\xfb\xef\x67\xc8\x65\x97\x45\xda\xa4\x88\xb1\x7b\x8f\xf1\x33\
\xd6\xec\xd9\x1c\x2a\x96\x8c\x74\xf4\x7d\xe5\xb7\x9a\x8b\x62\x27\
\x85\xf3\x5e\xe5\xc0\xe3\x4f\x21\xbd\x5e\x12\xfa\x5d\x48\xa3\xaf\
\x3e\x25\x63\xe6\x74\x2c\xd9\xf5\x42\xfe\xec\x4a\xa4\xd4\xcd\x7b\
\xe0\x4d\x08\xa5\x08\xd0\xd4\x01\x28\x50\x6c\x55\xfb\x85\x94\x14\
\x51\x88\xc2\x42\xdc\x4b\x97\xa3\x97\xc8\x8b\x8a\xa2\x23\x48\x97\
\x13\xe1\x74\x21\x8a\x9d\x88\xa2\x22\xa4\xcb\x85\x70\xb9\x90\x25\
\x7f\x17\x4e\x27\xd2\xed\x2e\x3b\x7f\x62\x3d\x41\x5c\x97\x4e\x64\
\xbf\x3e\x0f\x35\x39\xf4\x30\x65\x5d\xe1\x61\xbf\x56\x7e\xab\x62\
\x7e\x7e\xd0\x8e\x58\x4c\x30\x7a\xcc\x18\x34\x4d\xe3\x2f\xf7\xff\
\x05\xdd\xb5\x02\xd5\xee\x0a\x4c\x0e\x8c\x62\x84\xa8\x5a\x24\x2a\
\xc5\x21\x19\xd8\xc9\x07\xc4\x42\x94\x23\x7c\xe4\x65\x0b\xde\xbb\
\xdd\xcd\x1b\x8b\xad\x3c\xfb\xb9\x95\x57\x5f\x79\x85\xaf\xbe\xfc\
\x82\x47\xa7\x4d\xa7\x77\x9f\xf2\xf3\x9b\x5b\xb7\x6c\xe1\xc8\x91\
\x23\x28\x96\xf4\x1a\xb6\xd6\x00\x11\xd8\x1d\x1e\x3b\x1a\x79\x57\
\x49\x5d\x07\x31\x5a\xfc\x27\xf5\x43\xe8\xae\xe5\x20\xfd\xdc\x36\
\x79\x32\xd7\x5e\x77\x5d\xa4\x4d\x8a\x28\x3b\x77\x19\xd7\xbb\xa5\
\x8b\xe0\xf3\xff\x00\x89\x83\x06\xe0\xfc\xcf\x7f\xcb\xdd\x34\x6a\
\x19\x19\xe8\x7b\x8f\x7f\x26\xa8\x49\x49\x24\xf4\xbd\x80\x84\x8b\
\xfb\xe1\x38\xef\x1c\x14\xfb\x31\xeb\x82\xa6\x91\x7c\xc5\x08\x92\
\x86\x0c\xa2\xf0\xf5\xb7\x38\xf4\xfc\xdf\x82\x2e\x40\x3f\x54\xb1\
\xc2\x66\x44\x1c\x80\x5d\x66\x27\x0f\xaa\x36\x9a\x54\x21\x1a\x53\
\x2a\x00\x94\x7f\xcd\x44\xdc\xbf\xad\x08\xc1\xac\x93\x71\xff\xb2\
\x8c\x23\x0b\xff\x19\x96\x6b\x65\x49\x37\x7f\x1a\x4c\x41\xde\xb1\
\x2b\xe8\xdf\x43\xcc\x70\xe5\xc8\x91\xd4\xab\x57\x8f\x9b\x6e\xbc\
\x11\x97\x6b\x1d\x52\x2f\x44\x8b\x6b\x13\x85\xba\xea\xa0\xaa\x2a\
\x7b\x0b\x63\xbb\x97\xbf\x26\xd1\x54\x18\xdf\xc7\xc7\xc5\xed\xfd\
\x3c\xfc\xbe\x8d\xc5\x6b\x76\x31\x7e\xdc\x38\x2e\xba\xe8\x22\xa6\
\x3e\xf4\xd0\x49\x3a\xf3\xab\xca\xc2\xff\xd1\x92\xff\x0f\x38\x00\
\x67\x9e\x79\x66\xd9\xb1\x82\xb2\x41\x45\xd1\x23\x53\x5c\x59\xa4\
\x2f\x1f\xdd\xbd\x1a\x10\xdc\x75\xf7\xdd\x65\x0a\x9d\xa7\x32\x3b\
\x77\x1a\x3b\x00\x59\x32\x34\x39\xf6\xf4\x07\xef\x67\xc7\xf2\x5f\
\x0d\x1c\x80\x74\xfc\x7b\xf7\xa1\xa6\xa6\x90\x78\x51\x3f\x12\x2e\
\xea\x4b\xfc\x39\x3d\x2b\xac\x2b\x53\xec\x76\x52\xaf\x9f\x48\xf2\
\xc8\xcb\x39\xf4\xc2\x4b\x14\xfc\xed\xe5\x2a\xdb\x55\x09\x07\x20\
\xe8\xdd\x4a\xd0\x29\x80\xf5\xab\xff\xee\xc4\x44\x80\xa0\x12\x46\
\x9f\x84\x7f\xe7\xce\xb0\x2f\xfe\xa5\xf8\xb6\x6d\x47\x09\x83\x1e\
\x40\x3d\x13\x51\x9c\xed\x3b\x6a\xbf\x03\x00\xd0\xfb\xff\xd9\x3b\
\xef\xf8\xa8\xaa\xf4\xff\xbf\xcf\xbd\x53\xd3\x48\x42\x48\xa3\xa3\
\x80\xd2\x9b\x20\xa0\x62\x59\x59\xc5\xb6\xea\xae\x0a\x96\xb5\x20\
\x8a\xba\x7e\x7f\x96\xc5\x65\xd5\xdd\x55\xd1\xb5\xac\xbd\x63\xc1\
\x82\xba\x8b\x1d\x51\x8a\x88\x48\x93\x2e\x25\x14\x09\x25\x01\x52\
\x48\x48\x23\x99\x4c\xbb\xf7\x9e\xdf\x1f\x93\x20\x65\xee\x24\x99\
\x99\x14\x20\xef\xd7\x8b\x97\x30\x67\xe6\xdc\x13\x73\xe7\x9e\xe7\
\x3c\xe5\xf3\x9c\x73\x0e\x5f\xcd\x9c\x49\xb7\x6e\x27\x21\xb5\x7d\
\x68\xae\xa5\x48\xad\x85\x34\xc9\x91\x3a\x86\x6f\x07\x46\xf5\x4f\
\x18\x86\x41\x61\x85\x20\x44\xd9\x70\x2b\x41\xc8\x4c\x96\x4c\xbd\
\xcd\xcb\x0b\x37\x7a\x49\x6d\x23\x99\x3b\x77\x2e\xe7\x9f\x7b\x2e\
\x6f\xbc\xfe\x3a\xbe\x43\xea\x9e\x97\x2e\x5d\x0a\x10\xe8\x5c\xd7\
\x02\xa8\xed\x5d\xd1\xfb\x38\xa8\x8b\x37\xbc\xdb\xd1\x3d\x1b\x10\
\x02\x1e\x7d\xec\xb1\xd6\xcd\xbf\x86\x50\x87\xac\x34\x23\x7c\x03\
\x40\x58\x2c\x07\x33\xfd\x0f\x43\x51\x70\x0c\xe8\x8f\xb5\x63\x07\
\x9c\xc3\x4e\xa3\xcb\xea\xe5\xb4\x7b\xea\x71\x62\xce\x3d\xbb\x41\
\x49\xe5\x4a\x42\x02\x49\x7f\x09\xef\x77\x58\x22\x42\x8a\xe3\x15\
\x65\x67\x4d\x0d\xfb\x09\x17\xe9\xb1\x2d\x1f\x38\x39\xd8\x40\x69\
\xe8\x45\x07\xc5\xbf\x3b\xfa\x32\xa5\xb5\xb8\xe6\xcd\x47\x7a\x22\
\x73\x11\x01\xa4\x87\xb8\xc9\x8a\x8b\x2b\x8e\x2b\x31\xa0\x50\x74\
\xef\xde\x9d\x99\xdf\xcc\xe4\xf1\xc7\x1f\xe7\x93\x8f\x3f\x46\x77\
\xaf\x46\x58\x32\x50\xed\x3d\x9a\x2d\x1e\x2c\xb5\xfd\x48\x6f\x16\
\x86\xe1\x25\x39\x4e\x72\xed\x99\x1a\xd7\x8c\xd0\xea\x95\x03\xd0\
\xca\xd1\x5c\x38\x50\xe7\xac\x5e\x1e\x5e\x9d\x63\xe1\xbd\x85\xf0\
\xf4\x53\x4f\xf1\xc9\xc7\x1f\xf1\xf7\x07\x1f\xe2\xf7\x17\x5c\xc0\
\xcf\x3f\xff\x0c\x42\x69\x21\x06\x80\x04\xa3\x92\xd4\xb4\xb4\xe0\
\xd9\xf1\x11\x4a\xc4\x36\x19\xd2\x87\xee\xc9\x42\x6a\xc5\x38\x9d\
\x31\xbc\xfc\xca\xcb\x9c\x7b\xde\x79\xcd\xbd\xaa\x16\x81\xcb\xe5\
\xa1\xbc\xdc\x65\x3a\x9e\x16\x81\x62\xa9\x9a\x1a\xe8\xfe\x97\x74\
\xd7\x1d\x54\x2f\xf8\x11\x4b\x87\xf6\xd8\x7b\xf7\x26\x66\xd4\x19\
\xc1\x0d\x83\x7a\x62\xb8\xaa\xa9\x5e\xf8\x13\xae\x79\xf3\xa9\xfe\
\xf1\xa7\xb0\xe6\x28\x55\x42\x1e\xa6\x23\x4a\xc6\x8a\xf4\xd1\x58\
\x88\x89\x01\x10\x8e\x07\x60\xdf\x5d\xf7\x44\xb8\x1c\x73\xfc\x3b\
\x77\x45\x65\x9e\xba\xdc\x4c\xb9\xbb\x8b\xe8\x7e\xf2\xf1\xa0\x36\
\xf6\x1b\xdf\x7d\xfb\x2d\x3e\x9f\x8f\x76\xed\xda\x91\x92\x92\x42\
\x52\x72\x32\xc9\xc9\xc9\xc4\xc4\xc6\xf2\xf8\x13\x4f\x30\x66\xcc\
\x18\x1e\x7a\xf0\x41\x72\x73\x73\xd1\xf4\x7d\x28\xd6\x8e\x81\xdc\
\x80\x30\x8c\xc0\x70\x31\xbc\xdb\x31\x7c\x3b\xb0\xaa\x30\xf1\x02\
\x3f\xe3\xcf\xf5\x13\x13\xe5\xcb\x17\x55\x08\x8a\x2a\x04\x15\xee\
\xa3\x13\x02\x4f\xef\x6e\x10\xe7\x38\xfe\xc2\x0d\xb1\x76\xc9\xa4\
\xcb\xfc\x5c\x31\x4c\xe7\x89\x2f\xac\x2c\xfd\x75\x2f\x13\x6f\xbf\
\x9d\x7e\xfd\xfa\xb1\x67\xf7\x6e\x84\x9a\xd8\x22\xa4\x75\xa5\x51\
\x85\x94\x1a\x03\x07\x0c\x68\xee\xa5\x84\x8d\xd4\x4a\xd0\x3d\x1b\
\x41\x7a\xe9\xd6\xed\x24\x5e\x7f\xf3\x8d\x83\xbd\x0c\x6a\x29\x2e\
\x2e\x66\x7b\x76\x36\x6b\xd6\xac\xe1\x82\x0b\x2f\xe4\xe4\x93\x83\
\x3e\x7e\x8f\x4b\x76\xe5\xee\x0b\x39\x9e\x1e\x41\x08\xc0\x92\x1e\
\x28\x11\x4d\xb8\xe6\x4f\x24\x5c\xf3\xa7\xb0\xe7\x01\xd0\x8b\x8b\
\x71\x7d\xbf\x00\xd7\xf7\xf3\x71\x2f\xfd\x39\x62\xb5\xc0\xd2\xd0\
\x7b\x69\xc8\x50\x7c\x5d\x44\xc3\x03\x10\x94\x3a\xac\x96\xa0\xe8\
\x25\x2d\xc4\x8d\x1c\x82\xcc\x3a\xac\xcc\x9c\xdc\x7d\xc7\x9d\x01\
\xd0\xa9\x73\x67\xae\xbc\xfc\xf2\x40\x1f\xf5\x43\x88\x8b\x8b\xa7\
\x6d\x4a\x5b\x92\x93\x92\xe8\xd4\xa9\x13\x85\x85\x85\x78\xbd\xde\
\x80\x68\x90\x6f\x37\xc2\x9a\x81\x62\xed\x84\x50\x1b\xb7\x44\xcc\
\xf0\x6e\xc5\xf0\xe5\xd2\x29\x45\xf2\xea\x2d\x5e\x7a\x64\x46\x5e\
\x0a\xa4\xe9\xb0\x3c\x5b\x65\x79\xb6\xc2\xaa\xed\x2a\xdb\x0a\x14\
\xaa\x4d\x1c\x48\x97\x0e\xd1\xf8\x5d\xdf\xc8\xda\x90\xb6\x74\x4e\
\x4e\x37\x78\xf7\x0e\x2f\x3f\x6d\x56\x79\xfa\x6b\x2b\x1b\x36\xd4\
\x74\xed\x94\x3e\xa4\x5e\x1e\x30\x04\x9a\x11\xa9\x07\x92\x86\xfb\
\x1f\x8b\x06\x80\xd4\x30\xbc\xd9\x18\xfe\xdd\x00\x5c\x75\xf5\xd5\
\xdc\x7c\xf3\xcd\xec\xdd\xb3\x87\x9f\x16\x2e\x64\xdb\xb6\x6d\xec\
\xdc\xb9\x93\x6d\xbf\xfe\x4a\x55\x4d\xae\x54\x7a\x46\xc6\x09\x17\
\x16\xd8\x95\x13\xda\x00\x68\x6f\x84\x5f\xf1\x55\x6b\x00\x84\x8b\
\x7f\xe7\x2e\x5c\xf3\xe6\xe3\x9a\x37\x3f\x10\xc6\x8e\xa2\x32\xe0\
\xfe\xd0\x07\xa9\x66\xf7\x00\x04\xa5\xa8\x99\x5a\x83\x5a\xd2\x52\
\xc1\x6a\x0d\xf4\x0d\x50\x94\x40\xe6\xbf\xaa\xa0\xc4\xc6\x82\x10\
\xb8\xe6\x7e\x1f\xd1\xfc\xa9\x86\x07\x0b\x86\x69\x5d\xe6\xce\x3a\
\x6e\xd2\x63\x91\x3e\x7d\xfa\x30\xf9\xef\x7f\xe7\xd1\x47\x1e\x01\
\x44\x40\x50\x45\xfa\x70\x55\x7b\x71\xe5\xe6\x91\x9b\x93\x13\xe4\
\x53\x32\xd0\xad\x0c\xa5\x51\x0d\x00\xc3\xbf\x07\xc3\x97\x4b\xf7\
\x0c\x83\xe9\x7f\xf1\x92\x18\x1b\xd9\x29\x7c\x7b\xa1\xc2\xf4\x45\
\x16\xbe\x5d\x6b\xe1\x40\x8d\xad\x27\x84\x02\x4a\x1c\xc2\x1a\x87\
\x10\x0e\x40\x62\xf8\x02\x1e\xa5\x61\xdd\x75\xa6\x5c\x73\x1c\xd6\
\x07\x9a\x30\xaa\x97\xce\x19\xa7\xe8\x7c\xbd\xca\xc2\xeb\xf3\xac\
\xec\xde\x5f\x8d\x5e\xbd\x02\xa1\x26\x20\xac\x9d\x50\x2c\xa9\xcd\
\xd2\x14\xa8\xd6\x00\x18\x34\x78\xf0\x61\xaf\xef\xaf\xd1\x75\x17\
\x4a\xd3\x79\xa3\x1a\x82\xf4\x17\xa0\x7b\xb7\x42\x4d\xc5\x94\x6a\
\xb1\xf0\xf5\x57\x5f\x31\xe3\x7f\xff\x3b\xe2\x9d\x22\xa0\xb6\x28\
\x6c\x20\x7d\x5c\x7f\xfd\xf5\x27\x54\x03\x20\x80\x9c\x10\xcf\xd6\
\x04\xe9\x27\x2e\x82\x30\x8f\x9a\x96\xda\xb0\x0f\x48\x89\x67\xdd\
\x7a\x5c\xf3\x7e\xc0\x35\xef\x7b\xfc\x87\xb4\xa7\x8f\x36\xfb\x43\
\x87\x54\x9b\xd5\x00\xc8\x35\x1b\x28\x6a\xa6\x38\x70\xf2\xa4\xfb\
\xb0\xf7\xeb\x8b\xed\xa4\x6e\x41\xdb\xff\xe6\x9c\x36\xf2\x60\xb3\
\x87\x70\x50\x90\x74\x30\xdc\xe4\x98\x48\x9f\xee\xda\x75\xfc\x19\
\x00\x10\xe8\xac\xb6\x6c\xd9\x32\xe6\x7f\xff\x3d\x42\xb1\xa1\xd8\
\xfb\x1f\x32\x6a\x04\x4e\x82\x86\x37\xf0\x5f\xe9\x09\x3c\xd0\x0c\
\x6f\xe3\xaa\xaf\x49\x0f\x78\x7f\x25\x31\x56\xf2\xee\xc4\xc8\x36\
\xff\xec\x02\x85\xe7\x66\x59\x59\x90\x15\x78\xa8\x0a\xc5\x89\x62\
\x4b\x47\x58\xda\xd5\x18\x30\x35\xf7\x92\xf4\xa3\x57\xaf\x04\x02\
\x92\xc2\x6f\xdc\xea\xc5\xde\x32\x9a\xe0\x35\x2a\xf9\xa5\x02\x8f\
\x5f\x70\xc0\x0d\x55\x1e\x81\xc3\x26\xb9\xe9\x1c\x3f\x9f\x2c\xb5\
\xb0\x2d\x5f\x41\xea\x07\x90\x7a\x16\x06\xa0\xd8\x7b\xa2\xd8\xba\
\x34\xed\x02\xf5\x72\x14\x45\x3d\xaa\x31\xce\xda\xb5\x6b\x03\x7f\
\x51\x9a\xbe\x83\x5b\x9d\x48\x1f\xba\x67\xc3\x61\x2f\xe9\x9a\x86\
\x61\x58\x11\x96\x54\x84\x12\x87\x50\xe2\x40\x8d\x0b\x6c\xfe\x52\
\x43\x77\x2d\x22\x36\x2e\x9e\x71\xd7\x5e\xdb\x4c\x8b\x6e\x3e\x42\
\x1d\xae\x3a\x46\x70\xfa\x07\xb0\xa4\xd5\xfd\x9c\x92\x7e\x3f\xee\
\x65\x3f\xe3\x9a\x3b\x1f\xd7\xfc\x1f\xd0\x8b\x9a\x46\x15\x75\x5f\
\xe8\xc3\xb4\xe9\x1e\x5c\x1f\x22\x35\x00\x76\x9b\x0d\x94\x09\x1b\
\x1a\x0a\x96\x46\x52\x66\x32\xa3\xe8\xbe\x07\x00\x50\x93\x12\x89\
\xbd\x68\x0c\x49\x77\xde\x7e\x98\x18\x83\xbd\x6f\x6f\xaa\x17\x2c\
\x8c\xe8\x1a\x99\x46\xb5\xa9\x01\xb0\x63\x57\x41\x44\x73\xb7\x54\
\x84\x10\x3c\xf7\xfc\xf3\x5c\x76\xe9\xa5\xec\xda\xb9\x13\x84\xf3\
\x90\x87\xbc\x02\xc2\x81\x50\x03\x37\x6a\x53\xf5\x0c\x34\x7c\x39\
\x18\x52\x67\xd2\x65\x7e\x52\xdb\x84\xb7\xf9\x57\x7b\xe1\xf9\x6f\
\x6d\x7c\xb8\xc8\x82\x94\x20\x2c\x6d\x51\xac\x5d\x82\xd7\xb6\x4b\
\x2d\xd0\x53\xc0\xa8\xa2\x77\x47\x83\x77\x27\x7a\xa3\x9e\x67\xd0\
\x52\x79\xe0\x23\x3b\x2b\xb7\xd7\xaf\x68\x48\x55\xb4\xa6\x10\xf6\
\xfc\x0d\xe9\x43\x1a\xd5\xf4\xea\xdd\x9b\x98\x98\xdf\xea\xfd\x2b\
\x2b\x2b\xf9\x69\xe1\x42\x14\xd5\xd9\x62\x7a\x15\x1c\x86\xb0\xa1\
\xd8\x3a\x03\x22\xe0\x61\xaa\xdd\xf0\x4d\x72\x2a\x0c\xef\x0e\xa4\
\xd4\xb9\x65\xfc\x2d\xb4\x69\xd3\x42\x94\x17\x9b\x90\xed\x3b\xcc\
\x9f\xad\x91\xb8\xff\xc1\x3c\x04\x60\x54\x55\x51\xbd\x60\xe1\xc1\
\x24\xbe\xda\x36\xf4\x4d\x45\xa5\xb0\xe2\x0e\x9d\x63\x93\x13\xc9\
\xfc\x91\x1a\x00\xa6\x17\x97\x40\xb1\x62\x27\xa3\x99\x7a\xc9\xeb\
\x65\xe5\x1c\x98\xfe\x31\x55\x5f\x7e\x4d\xda\x2b\x2f\x10\x73\xce\
\x28\x00\xec\x7d\x22\x37\x00\x3a\x19\xd5\x2c\x33\x19\xdb\x96\x9d\
\x8f\x94\x12\x21\x8e\xed\xd6\xb9\xc1\x88\x8b\x8b\x63\xda\x7b\xef\
\x71\xe5\xe5\x57\x50\x52\xf2\x2b\xa0\xa0\xd8\x3a\x35\xd3\x6a\x24\
\x68\xf9\xb4\x4b\x90\xfc\xe1\xb4\xf0\x5c\x7f\x1b\x77\x2b\xdc\x3d\
\xcd\x4e\x7e\xa9\x40\xa8\xf1\xa8\xf6\x53\x10\x6a\xb2\xc9\xe5\x74\
\x74\xf7\x2f\x48\xbd\x82\xee\x19\x06\x6f\xdf\xee\x25\xde\x79\xfc\
\x25\xfd\x99\x71\xd5\x70\x8d\x95\xdb\x6d\x01\x57\xbf\x25\x95\xc0\
\xa3\x43\x09\xb8\xd6\x85\x25\xf0\x6f\xa1\x22\x84\x05\xd9\xc4\x21\
\x80\x5a\xf7\xff\x80\x23\xe2\xff\x73\x66\xcf\xc6\xef\xf7\xa3\xd8\
\xda\x37\xe9\x7a\x1a\x42\x7d\x3b\x6c\x4a\xbd\x02\xc3\xbf\x87\xb4\
\xf4\xf4\x13\x52\x0c\x48\xd3\x74\x76\xec\x34\x37\x00\x22\xf5\x00\
\x1c\x1a\x02\xd0\x0a\x0a\x71\x7d\xff\x03\xae\xef\xe7\xe3\xf9\x79\
\x05\xb2\x81\xfd\x31\xa2\xc9\xbe\xba\x3d\xe9\x39\x91\xcc\xdf\x68\
\x1e\x00\x08\xe4\x01\x64\x10\xa1\x01\x20\x04\xd6\xce\x9d\xb0\xf7\
\x3a\x15\xef\x96\xad\xf8\x77\xe5\x34\xe8\xe3\x86\xcb\x45\xc1\xf8\
\xdb\xc9\x7c\xff\x1d\x9c\x67\x8c\xc0\xde\xbb\x57\x64\xeb\x01\x3a\
\x1b\xe6\x56\xa0\xdb\xed\x65\x6f\x5e\x09\x1d\x3b\xb4\x10\x75\xb4\
\x28\xd3\xa9\x53\x27\xa6\x7f\x34\x9d\xb1\x63\xc7\x52\x5e\xb6\x05\
\xa4\x0f\xc5\xde\xf4\x99\xc8\xd2\xa8\xc6\x30\xfc\x9c\xd3\x5b\x0f\
\xaa\xed\x5f\x17\x9f\x2f\xb7\xf0\x8f\x19\x36\x74\x43\xa0\xd8\x4f\
\xae\x51\x34\x34\x33\xda\x8c\x80\xfc\xb1\x5e\x4a\xa7\x14\xc9\x07\
\x77\x05\xca\x0c\xcd\xf0\xfa\x41\x33\x04\xb1\xf6\xe3\xc7\x40\x38\
\xaf\xaf\x86\xd3\x66\xc3\xab\xf9\x51\x6c\xd1\xd3\x39\x8f\x06\x07\
\x0d\x80\x41\x83\x0e\x7b\x7d\xc6\x8c\x19\x00\x08\xeb\x31\x9e\x94\
\x2b\x75\x0c\xcf\x46\x40\xf2\xc8\xa3\x8f\x1e\xe6\xe5\x38\x51\xd8\
\x99\xb3\x0f\x4d\x33\x4f\xb4\xed\x62\x54\x45\x34\xbf\x25\x3d\x1d\
\xbd\xac\x9c\xfd\x8f\x4c\xa1\xea\x9b\x6f\x41\x6f\x19\x49\xbd\x75\
\xb8\xff\x21\x42\x03\x20\xa2\x0e\x27\xd9\x59\x53\x8b\x00\xd3\x0c\
\xa8\x7a\x58\x2f\x47\x61\xeb\xd9\x83\xf8\xab\xfe\x48\xca\xbf\x1e\
\xa6\xfd\xa7\x9f\xd0\x35\x6b\x2d\x9d\x7e\x98\x83\x73\xd4\x99\x48\
\x77\x98\xc6\x84\xae\x53\x3c\xf9\x21\xa4\xd7\x8b\xbd\x5f\xe4\x22\
\x21\x5d\xf5\xd0\x37\xdb\xaf\xdb\x8e\xb1\xb6\xb9\x0d\xa4\xe7\x29\
\xa7\xf0\xc9\x27\x9f\x90\x92\xd2\x0e\xc3\xb7\x03\xdd\xbd\x1e\x64\
\x13\x7f\x61\x6a\x2c\xfe\xae\x69\x0d\xdf\x64\x5f\x9d\x63\xe5\xef\
\x9f\xd8\x30\xa4\x0d\xc5\x79\x1a\x8a\xad\x1b\xe6\x9b\xbf\x44\x77\
\x6f\x40\x6a\xc5\x74\x4a\x91\x7c\xf8\x17\x8f\xe9\xe6\xff\x6b\xbe\
\xc2\x2d\xaf\xdb\x19\x30\x29\x86\x41\x93\x9c\xdc\xfa\xa6\x9d\xbc\
\xd2\xe3\xc3\x13\x14\x63\x87\xf3\xfb\x69\x18\x86\x1b\xa9\xb7\xac\
\x9e\x17\xb5\x06\xc0\xa1\x1d\x00\xd7\xaf\x5f\xcf\x9a\xd5\xab\x11\
\x6a\x22\xa2\x25\xc6\xff\x1b\x80\xee\xdd\x84\x34\x5c\xfc\xe1\xf2\
\xcb\x19\x3d\x7a\x74\x73\x2f\xa7\x59\xd8\xb6\x2d\x2f\xe4\x78\x57\
\x3d\x32\xd7\xbc\x9a\x96\xc6\xbe\xdb\xef\xa2\xea\xab\x99\x2d\x66\
\xf3\x87\x3a\xf7\xd0\xa2\xec\xac\xa9\x11\xc9\x1f\x46\xa3\xc5\x99\
\x69\xfa\xe3\xde\x30\xf4\xb7\x93\xff\x7a\x2f\xa9\x4f\x3f\x41\x9b\
\x1b\xaf\xc7\x71\xda\x60\xb4\xdd\x7b\xd8\x73\xe1\xa5\x14\x3f\xf0\
\x20\x5a\x61\xf8\x09\x76\xfe\x3d\x7b\xa9\xfa\x76\x36\x96\x8c\x0c\
\xd4\x64\x13\x37\x6f\x3d\xe9\x60\x54\x63\x09\x11\xe5\xdc\xf2\xeb\
\xf1\x6d\x00\x40\xc0\x08\xf8\xe2\xab\x2f\xe9\xde\xa3\x07\x52\x2b\
\x44\xaf\x5e\x76\xf0\x41\xdc\x34\x04\xfe\xff\xab\xa2\x61\x06\xc0\
\x73\xb3\xac\xbc\x34\xdb\x8a\x50\x62\x50\x62\x86\xd7\x29\x62\x13\
\x10\x65\xd9\x47\x5a\x1b\xc9\xdb\x13\x3d\xa4\x27\x06\xbf\xde\xdc\
\x75\x2a\x7f\x7c\xd6\xc1\x92\xad\x2a\x92\x18\x84\x12\xc7\xa2\xcd\
\x2a\x7f\x7a\xce\xc1\x9e\x92\x63\xc3\x08\xd8\x90\xab\xf0\xd9\x72\
\x0b\xdf\x6f\x50\xd9\x96\xaf\x1c\xd5\x06\xf9\xb2\xd3\x02\x0f\x46\
\xe9\x8f\xa8\xf4\x38\xca\x48\xa4\x71\x80\x36\x6d\xda\xd0\xb5\xeb\
\x6f\x7d\x29\xde\x9a\x3a\x15\xa0\xe9\x93\x11\xa3\x8c\xe1\xdb\x89\
\xf4\x17\x70\xd2\x49\x27\x33\x65\xca\x94\xe6\x5e\x4e\xb3\xb1\xf5\
\x57\x73\x91\xb8\x38\xa9\xd1\x56\x46\x26\xf2\x56\x74\xdf\x24\x3c\
\x6b\xd6\x44\x34\x47\x63\x50\x87\x07\x20\x27\xd2\xf9\xa3\x61\x00\
\x6c\x37\x1b\xc8\x0f\xa3\xfd\xa6\x77\x63\xd6\xc1\xbf\x6b\x79\x79\
\xe4\x5d\x75\x2d\xbe\x6d\xd9\x0d\x9a\xc3\x92\x9e\x46\xec\xf9\xe7\
\x1d\xd5\xfc\xa7\x6a\xe6\x2c\x00\xec\x7d\x23\xf3\x02\xa8\x48\x3a\
\x85\x08\x03\x6c\xda\x1c\x51\x62\xe6\x31\x43\x87\x0e\x1d\xf8\xf2\
\xcb\x2f\xb9\xe4\x92\x4b\x90\x46\x35\x7a\xf5\x4a\x0c\xcf\x16\x90\
\xfe\xba\x3f\x1c\x31\x81\x5b\xf7\x80\xbb\xfe\x9b\xeb\xdb\x3f\x58\
\x79\xf3\x7b\x2b\x42\x8d\x43\x8d\x19\x06\x75\xb8\xd7\x0c\xcf\x16\
\xa4\x3f\x9f\xe4\x38\xc9\x87\x77\x7b\xe8\x9c\x12\x7c\xf3\x5f\x9f\
\xab\xf0\xc0\x47\x76\x7c\x5a\x20\x03\x5e\x8d\x3d\x13\x35\x76\x24\
\x8a\xbd\x27\x25\x95\x82\x3b\xde\xb6\x13\xc2\x7b\xd9\x62\x68\x1b\
\x2f\xf9\xe7\x0c\x1b\x77\xbd\x63\xe7\x92\xa7\x1c\x0c\x9b\xec\xe4\
\x9e\xf7\xec\xac\xdc\x1e\x48\x42\x1a\xde\x43\x27\x25\x41\x22\xb5\
\x02\xa0\x65\xfc\x40\x52\x3f\x00\x52\x67\xc0\x80\x01\x07\xf3\x6e\
\x72\x73\x72\x98\x33\x7b\x76\xa0\x05\xb0\xa5\x81\xe5\x5d\x2d\x08\
\xc3\xbf\x07\xc3\x9b\x4d\x9b\x36\x89\x4c\x7d\xfb\x2d\x62\x62\x5b\
\x60\x22\x63\x13\x91\xb5\xd9\x3c\xda\xdc\x35\x42\xf7\x3f\x80\x6b\
\xf6\x5c\x64\x0b\xfc\x92\xee\x56\x43\xfe\xce\x4d\xf7\xde\xfa\x12\
\x0d\x03\x60\x9b\xd9\x40\x38\x06\x80\x6f\xd3\xe6\x83\x7f\x2f\x7d\
\xee\xc5\x3a\xdb\x04\xd7\x6e\xf6\xc9\xf7\xfe\x1f\x19\xd3\xde\xa2\
\xcb\xea\x65\x74\x5a\xbc\x80\xb8\xcb\x2e\x41\x89\x3d\xdc\x03\xe1\
\x5e\xb1\x0a\xa9\x69\xd8\xfb\xf6\x36\x99\xad\xfe\x9c\xac\x9b\xaf\
\x2b\xd4\xcd\x7a\xbc\x11\x13\x1b\xcb\x8b\x2f\xbf\xcc\x0b\x2f\xbe\
\x48\x62\x62\x1b\x0c\xff\x6e\x74\xd7\x62\x0c\xef\xf6\xc6\x35\x04\
\x6a\xb2\xba\x37\xef\xad\xdf\x2d\x3c\x6f\xbd\xca\x33\x33\xad\x08\
\xc5\x81\xea\x1c\x5c\x67\x73\x18\xc3\xbb\x0d\xc3\xbf\x9b\xa4\x58\
\xc9\xfb\x77\x7a\x4d\x37\xff\x2d\x79\x0a\x37\xbd\xe6\xc0\xe3\x17\
\xa8\xce\xfe\x87\x9d\x38\x15\x5b\x17\x84\x35\x93\x6d\xf9\x0a\xef\
\x2c\x68\xf9\xb5\x82\xed\x93\x25\x37\x9e\x5d\xfb\x3b\x53\x71\xf9\
\x1d\x7c\xf7\x8b\xca\xf5\x2f\xdb\xb9\xfe\x65\x3b\xbb\x8a\x14\x2e\
\x19\xac\x23\xa5\x8e\xf4\xb7\x8c\x6e\x89\x07\xdd\xff\x87\xc4\xff\
\x5f\x7a\xe9\x25\x0c\xc3\x40\x58\xbb\xd0\x74\x35\x29\xd1\xc5\xf0\
\xe5\x62\x78\x36\x13\x1b\x1b\xcb\xb4\xf7\xdf\x3b\xcc\xbb\x71\x22\
\x12\xea\x50\x15\xea\x59\x7c\xac\x93\x2f\x42\xee\xa1\xbf\x46\x3a\
\x7f\x34\x54\xd2\x4d\x8f\xe7\x75\x2c\x3e\x28\xde\xac\x4d\x00\x48\
\x4d\xc7\x35\x67\xde\x61\x63\x96\xcc\x4c\xec\xfd\xfa\x60\xef\xdb\
\x07\x7b\x9f\x5e\xd8\x7b\xf7\x3a\x4a\xa7\xb9\xf2\xf3\xaf\x28\x79\
\xea\x99\xa0\x35\x9a\xd2\xed\xc6\x9b\xb5\x09\x7b\x9f\xe8\x18\x00\
\xf3\xac\x19\x41\xc7\x8a\x8a\xca\x29\x2a\x2a\x27\x35\xb5\x79\xd5\
\xd1\x9a\x92\x4b\x2f\xbb\x8c\xb3\x46\x8d\xe2\xb9\x67\x9f\xe5\xbf\
\x9f\x7c\x82\xe6\xdb\x81\xf4\xe7\x20\x2c\xe9\x08\x6b\xfb\x1a\xa5\
\xb8\xe8\x3d\x8c\x85\xe2\x44\x51\xac\xac\xdc\x2e\xf1\x69\x84\xd4\
\xfb\xcf\x2e\x54\xf8\xeb\x74\x3b\x42\xa8\x28\xce\xc1\x75\x9f\xfc\
\x7d\xbb\x30\x7c\xbb\x88\x73\xc0\x3b\x13\xcd\x95\x05\xd7\xe7\x2a\
\x8c\x7f\xdd\x81\xcb\x03\xaa\xb3\x1f\xc2\x72\x74\xef\x6f\xd5\xde\
\x03\x5d\x2b\xe4\xad\xf9\x16\xc6\x9e\xa1\x91\xd0\xc2\x2b\x07\xee\
\xba\xc0\xcf\xdc\x75\x16\xf6\x94\xe8\x08\xfb\x40\x54\x04\xd2\xb7\
\x83\x95\xdb\x4b\xb9\xfc\x19\x95\x3f\x0d\x0f\x64\x44\x1b\x5a\x1e\
\xaa\xc9\xfd\xdf\x94\x1c\x14\x00\xaa\x31\x00\xb2\xb3\xb3\xf9\xea\
\xcb\x2f\x03\xf7\xc7\x31\x99\xfc\x27\x6b\x94\x2d\x77\x13\x1b\x1b\
\xcb\x3b\xd3\xa6\x1d\x55\xdd\x70\xa2\xb1\x67\xef\x7e\x2a\x0e\x98\
\x67\xf9\x77\x37\x8e\x4f\x03\xc0\x87\x52\x97\x9e\x8e\xe9\xe1\xbb\
\xbe\x34\xaa\x07\xc0\x2b\x54\x8a\x1b\xa8\x07\xaf\x15\xee\x43\xdf\
\xbf\x1f\xbd\x68\xdf\x61\x6d\x19\x1d\x03\xfa\x93\xfa\xfc\xd3\x24\
\x5c\x7b\x0d\x31\xe7\x8c\xc2\x39\x72\xe4\x51\x9b\x7f\xc9\x53\xcf\
\x52\x74\xdf\xa4\x90\x02\x0d\xbe\xcd\x5b\xb0\x45\xa1\x12\xa0\xae\
\x9b\x6e\xe3\xa6\x13\x23\x0c\x70\x28\x89\x89\x89\x3c\xfa\xd8\x63\
\x7c\x3f\x7f\x3e\xd7\x5e\x77\x1d\x36\xbb\x15\xc3\x9f\x87\x5e\xbd\
\x12\xbd\x6a\x21\xba\x67\x23\x86\x7f\x0f\xd2\xa8\x84\x68\x54\x8a\
\xab\x69\x54\x79\x04\x8b\xb7\x98\xd7\xc9\xfa\x34\xb8\xf7\x3d\x1b\
\x1e\x1f\x28\x8e\xbe\x81\x3a\xeb\x10\x18\xfe\xdd\x18\xde\x6d\xc4\
\xd8\xe1\xdd\x3b\x3c\xf4\xee\x18\x7c\xf3\x5f\xb4\x59\xe5\xa6\xd7\
\x1c\x54\x7a\x04\xaa\x23\xf8\xe6\x0f\x80\xb0\x23\xac\x1d\xa9\xf4\
\x08\x3e\x5f\xde\xf2\x95\xdb\x9c\x36\x78\xe4\xea\x40\x5e\xaf\xf4\
\x6e\x42\x28\x6d\x50\x9c\xa7\xa1\x3a\xfa\xa1\x19\x2a\x1f\x2d\x0e\
\x58\x5a\x52\x2b\x09\x08\x31\x35\x37\x46\x19\x8a\xa2\x1c\xf4\x00\
\xbc\xf8\xc2\x0b\x81\x32\x5c\xdb\x49\x44\xe7\xf1\xd6\x84\x48\x0f\
\x7a\xf5\x2a\x0c\xdf\x6e\x52\x52\x52\xf8\xdf\xa7\x9f\x32\x74\xe8\
\xd0\xe6\x5e\x55\xb3\xb3\x71\x53\x4e\xc8\xf1\xe3\xd5\x03\x50\x8f\
\x1c\xba\xad\x91\x5e\xa3\x51\x73\x00\x00\xf2\xc2\x48\x04\xf4\x6e\
\xde\x82\xb0\x1d\xee\xa2\xf5\xac\x5b\x4f\xfe\xd5\xd7\x51\x70\xfd\
\xcd\xec\x1d\x73\x19\x39\x03\x87\xb2\xff\x91\x29\x48\x6f\x20\xf9\
\xc3\xbb\x31\x8b\xf2\xd7\xdf\xac\x73\x6e\x61\xb5\x62\xed\xd8\x01\
\x25\x31\x32\x21\x8d\x93\xf4\x2a\xd4\x10\x9b\xd8\xba\xf5\x8d\x27\
\x0d\xd9\xd2\xe9\xdc\xa5\x0b\x8f\x4d\x99\xc2\x8a\x95\x2b\x79\x6c\
\xca\x14\x86\x0e\x1d\x8a\x10\x1a\xd2\x9f\x8f\xe1\xd9\x8c\xee\x5a\
\x86\x56\x39\x1f\xdd\xb5\x04\xdd\xbd\x06\xc3\xb3\x39\xe0\x72\xf7\
\xed\x80\x06\x24\xf3\x88\x9a\x13\xe8\x87\x8b\xcc\x8f\xff\xcf\x7e\
\x63\x63\x5b\x81\x82\x62\xed\x58\xa7\x2a\xa1\xe1\xcf\xc3\xf0\x6c\
\xc1\x6e\x85\xd7\xc7\x7b\xe9\xdf\xf9\xe8\xcd\xdf\xaf\xc3\xcb\xb3\
\xad\x4c\x98\x6a\xa7\xda\xab\xa0\x38\x06\x1c\x5c\x87\xf9\x3a\x3b\
\x03\xf0\xc9\x92\x96\x19\x06\x58\xf6\xab\x8a\xff\x90\xf0\xe7\xc8\
\x9e\x3a\x97\x0e\xd1\x30\x74\x77\xe0\x77\x42\xe0\xff\xb5\x70\x0e\
\x43\x39\xa4\xc7\x87\xe1\x6f\x66\xd1\x2b\xc3\x8d\x34\xbc\xf4\xe8\
\xd1\x83\xd8\xd8\x58\xd6\xad\x5b\xc7\x77\xdf\x7e\x8b\x50\xe3\x8e\
\xb9\xd3\xbf\xe1\xcf\x0b\xb4\xd5\xd6\xcb\x18\x38\x68\x10\xb3\xbe\
\xfb\x8e\x5e\xbd\x22\x3f\xa8\x1c\x0f\x84\x7a\x96\x3a\xa5\x4e\x87\
\x66\xd2\x9a\x69\x6c\xea\x11\x42\x6f\x11\x39\x00\x7b\x01\xd3\xa3\
\x40\x8e\x1a\xfa\xc4\x15\x0c\xef\xc6\x4d\xa8\x29\x29\x28\xf1\xe6\
\xe5\x3b\x46\x65\x25\x15\xd3\x3e\x60\xff\x23\x81\xcc\x58\xdf\xd6\
\x10\xe1\x10\x55\xc5\xde\xeb\x54\x12\xc7\xdf\x44\xdc\xa5\x17\x03\
\x91\x27\x02\x5a\x31\x42\x96\x03\xae\xf9\x65\x47\x44\xf3\x1f\x0f\
\x24\x24\x24\x70\xed\x75\xd7\xf1\xdf\x19\x33\x58\xb5\x66\x0d\xaf\
\xbe\xf6\x1a\x37\xde\x74\x13\x83\x87\x0c\xa1\x4d\x9b\x78\xa4\xe1\
\x42\x6a\xfb\x03\x5e\x01\xad\x28\x90\x91\xdf\x00\x8f\x91\x50\x93\
\x51\xd4\x38\x7e\xde\xa6\x92\xb5\xfb\xe8\x5b\x79\xd3\x1e\x85\xf7\
\x7f\xb2\x04\xdc\xc1\xf6\x9e\x21\xe7\x92\x5a\x21\x86\x27\x0b\x8b\
\x0a\xaf\x8d\xf7\x72\x7a\x8f\xc3\x13\x82\x34\x1d\xe6\xac\x53\xb9\
\xe4\x49\x07\xaf\xcc\xb1\x22\x84\x1d\xc5\x39\xb4\x5e\x49\x66\x42\
\x71\x22\xd4\x64\x72\xf7\x0b\x36\xed\x69\x79\xa7\xd2\xdc\xfd\x82\
\xf3\x1f\x75\xf2\xc5\x0a\xcb\xc1\xcc\xff\xc9\x97\xfb\x69\x13\x23\
\x91\xfe\x9c\x1a\x8f\x0d\x08\x25\x1e\xe1\x1c\x8a\xa2\xd4\x78\x01\
\xfc\xa1\x4b\xb3\x1a\x9b\x5a\xf7\xff\xe0\x1a\xfd\xff\xc7\x6b\xb2\
\xe4\x15\x5b\x77\x8e\x95\xd8\xbf\xd4\x0f\xd4\x24\xcf\x66\x21\x30\
\x98\x78\xc7\x1d\xfc\x6f\xc6\x0c\x52\x53\x8f\xdd\xe4\xc5\x68\xb3\
\x76\x9d\xf9\xb3\xb4\x87\x71\x00\xd1\xb4\xba\x93\x4d\x46\x6e\x68\
\xf5\xca\xfc\xec\xac\xa9\x11\x67\x3f\x46\xfc\x34\xca\xce\x9a\x6a\
\x00\x9b\xcd\xc6\xeb\xf8\x21\x82\x52\x9b\x07\x60\x3b\x35\xf4\x43\
\x1b\xa0\x72\xc6\x67\x18\x15\x15\xbf\xbd\xa0\xaa\xd8\x7a\x74\x27\
\xfe\xca\x3f\x04\xb4\x04\x66\x7c\x4c\xd7\x8d\x6b\xe9\xf0\xdd\xd7\
\xb4\x7d\x68\x32\xc2\x1e\xd8\x60\xec\x7d\x22\xd7\x03\xe8\xa5\x57\
\x98\x8e\x65\x6d\xca\x09\x29\x5c\x71\xa2\x91\x94\x94\xc4\x85\x63\
\xc6\xf0\x8f\x7f\xfe\x93\x7b\xef\xbd\x97\x94\xda\xf0\x8d\x50\x51\
\xec\xdd\x51\x63\x47\x98\xab\xf0\x85\x40\xd4\x88\xd2\x3c\xf1\xe5\
\xe1\x1e\x23\x43\xc2\xc3\xff\xb3\x21\x25\x28\xf6\x5e\x21\x5b\xd6\
\x4a\xad\x18\xc3\xb3\x01\x8b\x0a\x2f\xdf\xec\xe5\x8c\x53\x74\xbc\
\x7e\xc8\x2d\x16\x7c\xb3\xc6\xc2\xbf\x66\xd8\x38\xeb\x9f\x4e\xfe\
\x6f\x5a\x20\x11\x4e\x58\x33\x51\x62\x46\x36\xa8\xc9\x51\xad\x97\
\x60\xf6\xba\x96\x17\xf5\x8a\xee\x5b\x00\x00\x20\x00\x49\x44\x41\
\x54\x06\xf8\xc3\x69\x1a\x2e\x1f\x4c\xfe\xd8\xc6\xef\xa7\x38\xf9\
\x7c\x85\x85\x78\xa7\x64\xf2\xe5\x7e\xa4\x94\x48\x4f\x16\xb5\x21\
\x1b\xa1\xc4\x22\x1c\x81\x98\xb4\x34\x5c\xc8\x10\xdf\x81\xc6\xa6\
\x56\x8f\x60\xd0\xe0\xc1\xcc\x99\x3d\xbb\xa6\xee\x3f\xe9\x98\xc8\
\xfc\x97\xfa\x01\x74\xf7\x3a\xf4\xea\x9f\x91\x7a\x19\xa7\xf6\xea\
\xc5\x57\x5f\x7f\xc5\x5f\x27\x4d\xc2\x62\x89\x46\x6a\xd6\xf1\x81\
\xdb\xe3\x63\x53\x88\xa4\xea\x53\xf5\x03\x4d\xb8\x9a\xa6\xa5\x8e\
\xc3\x73\xc4\xf1\x7f\x88\x4e\x12\x20\x40\x16\x30\x28\xd8\xc0\xee\
\x30\x42\x00\xb5\x95\x00\xf6\x53\x7a\xe2\x59\xb9\x3a\xe4\x7b\xd5\
\xf4\x74\x7c\xdb\x77\xe0\x3c\x63\x24\xed\x3f\xff\x2f\xf6\x5e\xa7\
\x22\x9c\x75\x27\x1f\x46\xa3\x12\xa0\x97\x5e\xc1\x4c\x3a\x04\x1d\
\xf3\x78\xfd\x6c\xda\xbc\x9b\xfe\xfd\x4e\xec\xec\xdd\x43\xd9\xbf\
\x7f\x3f\x53\x1e\x7b\x8c\x99\x5f\x7f\x0d\x80\xb0\xa4\xa1\xda\x7b\
\x42\x18\xd5\x22\xb5\x08\x4b\x3a\x42\xcd\x61\xcd\xce\x0a\x66\xae\
\xb6\x70\xe9\x90\x40\x92\xda\xd7\xab\x2c\x6c\xda\xa3\x20\x2c\x69\
\xc1\x75\xfd\x6b\x90\x7a\x19\x86\x67\x1d\x52\x4a\x6c\x16\x98\xf2\
\xb9\x8d\xbf\x7f\x0c\x65\xae\xc3\x4f\x90\x42\x28\x08\x6b\x5a\x20\
\xb3\x5f\x49\x30\x99\xcd\x1c\xc5\x92\x8a\xc1\x26\xe6\xfc\x62\xe1\
\xfe\x4b\x9a\xa2\x4c\xb2\xfe\x38\x6d\x70\xf5\x08\x8d\xb7\xe6\x5b\
\xd9\x53\x22\xf8\xfb\xc7\x36\x5e\xfa\xce\xca\xed\xe7\xfb\x19\xdc\
\xcd\x60\xcd\xce\x03\xe0\xdb\x5d\xa3\x5b\x0f\x42\x6d\x1b\xa8\x76\
\xd0\x76\x37\x28\x64\x13\x6d\x6a\x3d\x00\xbd\x7b\xf7\x66\xfc\xf8\
\xf1\x40\xfd\xa5\x75\x9b\x07\x19\xf0\x78\xf9\x72\x91\x7a\xa0\xf5\
\x79\x4a\x4a\x0a\xf7\xde\x77\x1f\x7f\xba\xea\xaa\x13\xae\xbb\x5f\
\x7d\xc8\xda\x94\x8b\x7e\xa4\x20\xc5\x21\xf4\x8e\xd0\x00\x4d\x7d\
\xe6\xdf\x14\x3f\xfc\x08\xd2\xd3\x02\xf2\x59\x8e\x60\x57\xe8\xc3\
\xf3\x86\x50\x83\xf5\x25\x5a\x06\xc0\x46\xb3\x81\x5d\x75\x24\x5d\
\x05\xc3\xbf\x7b\x0f\x46\x45\x05\xb6\x53\x0e\xf1\x00\x08\x81\xb5\
\x4b\x67\xec\x7d\x7a\x63\xef\x75\x6a\xa0\x12\xa0\x6f\x6f\x94\x43\
\x9a\x62\x1c\xda\xf4\xa7\x2e\xa2\x21\x09\x7c\xaa\x11\xda\xfa\x5c\
\xbd\x36\xbb\xd5\x00\x00\x74\x5d\xe7\xa3\xe9\xd3\x79\xe6\xe9\x67\
\x70\xb9\xaa\x10\x4a\x2c\x8a\xfd\x94\x90\x1b\x73\x43\x50\xec\xa7\
\xa2\x57\x2f\x67\xca\xe7\x56\x46\xf4\xd0\x89\x73\x4a\x5e\xf8\xd6\
\x8a\x10\x02\xc5\xde\xc3\xf4\x73\xd2\x70\xa1\xbb\x7f\x01\x19\x78\
\xc0\x54\x7b\xa1\xda\x67\x05\x14\x84\xea\x0c\x34\x38\x52\x62\x03\
\x6a\x72\x6a\x72\x48\x2f\x42\x9d\x08\x1b\x42\x6d\xc3\x9e\x92\x0a\
\x76\xee\x53\xe8\x96\xd6\xb4\x4d\xb2\xea\xe2\xda\x33\x35\xde\x59\
\x60\x45\x4a\x15\x61\xc9\xa0\xb0\x22\x8f\x7f\x7d\x6a\xc3\x5a\xfb\
\x23\xfb\xb2\xc1\x92\x7a\xd0\x58\x53\xec\xdd\xc1\xd6\xb5\xce\x72\
\xca\x46\x43\x6a\x48\xa3\x8a\xb6\x6d\xdb\x32\x77\xee\x5c\xf6\xee\
\xd9\x83\x62\xed\x80\x50\x1b\x6e\x9c\x35\x36\xd2\xa8\x0c\xe4\xbf\
\xf8\x0b\x0e\x1a\x4c\xe9\x19\x19\x8c\xbf\xf5\x56\xc6\x8d\x1b\x87\
\xc3\xd1\x3c\x9d\x53\x8f\x05\x56\xad\x36\xd7\x80\x11\xc0\x29\x11\
\x18\x00\x96\x0e\xed\x89\xbf\xf2\x72\x8a\x26\xfd\x3d\xec\x39\x1a\
\x0b\x1f\x4a\x5d\x39\x00\xeb\xa3\x71\x9d\x68\x19\x00\xa6\x21\x00\
\xb7\x50\x29\x52\x1c\xa4\x1a\x0d\xb3\xb0\xbc\x9b\xb7\xe0\x3c\x7d\
\x18\x6d\x1f\x9e\x8c\xbd\x77\x2f\xec\x7d\x7a\xa3\xc4\x35\xdc\x98\
\x30\xc3\xda\xb9\x13\x4a\x7c\x7c\x9d\x3a\x03\xa1\x48\x35\x3c\xa4\
\x48\x2f\xfb\x4d\xe2\xd6\x3f\xaf\xd8\xca\x2d\x37\x9e\x98\xd2\x9d\
\xb5\xac\x5b\xb7\x8e\x87\x1e\x7c\x90\xcd\x9b\x36\x05\xca\xf0\xec\
\x3d\x6a\x4e\x92\xd1\x8b\x85\x0b\xb5\x0d\x8a\xad\x0b\x15\xd5\x39\
\x4c\xfe\xc4\xc6\x99\xa7\xe8\x14\x96\x8b\x40\xe2\x5f\x08\x0f\x94\
\x50\x62\xb1\xc4\x9d\x1b\xb5\x75\xd4\xbd\xce\x14\xa4\x5e\xc1\x8a\
\xed\x2d\xcf\x00\xc8\x48\x94\x8c\xee\xa7\x33\x67\x1d\x28\x96\x14\
\x2c\xb6\x93\x30\x7c\x3b\xf1\x6b\x7b\x01\x89\x21\x75\xa4\x77\x73\
\x40\x43\x01\x08\x74\x80\x6c\xa6\xcd\x9f\xda\xd3\xbf\x24\x3d\x3d\
\x9d\xd7\x5e\x7d\x0d\xa1\x58\x03\x46\x49\x0b\x44\x7a\x36\x62\x1c\
\x92\xa9\x6e\xb3\xd9\xe8\xdf\xbf\x3f\xbb\x76\xee\xe4\xb5\x57\x5f\
\x25\x29\x29\x89\xe4\xe4\x64\x12\x93\x92\x48\x4a\x4c\x24\x23\x33\
\x93\x94\x94\x94\xe3\xb2\xa1\x58\x43\x59\xbe\xca\x3c\xb7\xab\xa3\
\xe1\x22\x4e\x86\xdf\xa8\x27\xf6\xdc\xb3\x41\x08\x84\xd5\x8a\xf4\
\x99\x2a\xda\x37\x0b\xb9\x6a\x2c\x32\x74\x1e\x4b\x56\xa8\xc1\xfa\
\x12\xcd\x10\x80\x29\x3b\x95\xb8\x86\x1b\x00\x1b\x37\xe1\x1c\x7e\
\x3a\x89\xdd\x1a\xef\x04\x6d\xef\xdb\x1b\xf7\xb2\xe5\x11\xcd\xd1\
\x57\x2b\xe7\x47\x6b\xf0\xec\xf2\x55\x6b\xb6\xa3\xeb\x06\x6a\x38\
\xdd\x6a\x8e\x03\x9e\x7a\xf2\x49\xa6\xbe\xf9\x66\xa0\x2c\xcb\x92\
\x86\xea\x38\xa5\xce\x1a\xfc\x70\x51\xec\xdd\x91\xfa\x7e\x16\x6d\
\xae\x62\xd9\xaf\x6a\xcd\xe9\xbf\x65\x79\x5f\x84\x25\x19\x7c\x3b\
\x58\x99\xad\x32\x76\x64\xf3\x75\x18\x33\xe3\xc6\xb3\xfd\xcc\x59\
\xa7\x62\xf8\x72\x51\x63\x86\xa2\x38\x7a\x21\x8c\x2e\x18\xbe\x1d\
\x48\x7f\x01\x52\xdb\x8f\xd4\x0a\x10\x96\x96\x53\xff\xbf\x69\x53\
\x20\x5f\x48\xb1\x9f\xda\xac\x06\x49\x48\x94\x44\x30\x7c\x35\xc2\
\x58\x06\x3e\x9f\x8f\xb9\x73\xe6\x98\xbe\x3d\x39\x39\x99\x1f\x7f\
\xfa\x89\xf8\x10\x49\xd0\x27\x02\x5e\xaf\x9f\xb5\xbf\x98\x27\xba\
\xf7\x8f\x50\x7a\x3c\xe6\xec\x51\x20\x04\x29\xff\x7a\x98\x92\xc7\
\x9f\x6c\xf2\x56\xbf\xa1\x30\x6b\x37\x7f\x08\x51\x31\x00\xa2\xb2\
\x33\x65\x67\x4d\xdd\x0d\x98\xfa\xc3\x77\x84\x11\x06\x38\x54\x12\
\x38\x1a\xe8\xfb\xf7\xe3\x5e\xb2\x8c\x03\x1f\x7d\x42\xd5\x57\x33\
\x91\x9a\x1e\x71\x25\x00\xc0\x80\x10\x8d\x51\xdc\x6e\x6f\x9d\x35\
\xac\xc7\x33\xb7\x4e\x98\xc0\xd0\x61\xc3\x6a\xfe\x25\x1a\xf9\x01\
\x5d\x53\x92\x27\x54\x34\x1d\x84\xa5\x7d\xa3\x19\x1b\xe1\x22\x94\
\x36\x80\x60\xe5\xf6\x96\x69\x10\x0e\xec\x6a\xd0\xbb\xa3\x81\xd4\
\xcb\x02\x12\xbb\x80\x50\x62\x50\x1d\x7d\x51\x63\xcf\x40\x58\x33\
\xd1\x3d\xdb\x20\x82\x53\x57\xb4\x38\xb4\x21\x91\x50\x13\x50\x6c\
\x1d\x9b\x71\x35\xa1\x51\x1c\xbd\xb0\xc4\x9d\x8d\x25\xfe\x7c\x2c\
\x71\xe7\x05\xa4\xa2\x63\x86\xa1\x3a\x07\xa2\x38\x7a\xa3\xd8\xbb\
\xa3\x58\x7f\x6b\xab\x3d\xf9\xc1\x07\x4f\xf8\xcd\x1f\x60\xdd\x86\
\x5d\xf8\x7c\xe6\xf7\x5a\x3f\x2d\xfc\xa6\x54\xc2\x6e\xc7\x39\xe2\
\x74\x00\x12\xc6\x5d\x4d\xe7\x55\xcb\x48\x7b\xf5\x45\xe2\xff\x78\
\x05\x6a\x6a\xbb\xb0\xe7\x8d\x16\xdb\x43\x37\xb0\xda\x99\x9d\x35\
\x35\xb2\xfe\xc7\x35\x44\x33\xdd\x74\x2d\x70\x76\xb0\x81\x6c\xb5\
\xe1\x37\xb3\x77\xf3\x96\xb0\x17\x62\x54\x54\xe0\xdd\xb8\x09\xcf\
\x86\x8d\x78\x37\x6c\xc4\xbb\x21\x0b\x2d\xff\xf0\x06\x26\x09\xab\
\xd6\xe0\x1c\x3e\xcc\x64\x86\xfa\xd3\xbf\x8e\xce\x68\x4b\x96\x6d\
\x66\x40\xbf\x6e\x11\x5f\xe7\x58\x24\x39\x39\x99\x77\xa7\x4d\x63\
\xe2\xed\xb7\xb3\xe8\xa7\x9f\xd0\xdd\x1a\xaa\xa3\x7f\x4d\xff\xf8\
\xe8\x23\x94\x58\x14\x47\x1f\x74\xf7\x7a\x44\x4b\x6c\x02\x23\x54\
\x84\x1a\xcf\xfe\xca\x03\xe4\x97\x09\x32\x93\x9a\xae\x7c\xe9\xcd\
\xef\xad\xf4\xea\x60\x70\xe6\xa9\xa1\x2b\x53\xfe\x3c\x4a\x63\xd2\
\x74\x1b\x86\x3f\x07\x55\xed\x77\xf0\xf5\x5a\x43\x40\x1a\xd5\x48\
\xa3\xb2\xce\x26\x4a\x8d\x8b\x44\x1a\xb5\xb1\x5f\x11\xa8\xf2\x38\
\x46\xca\xfe\x10\x16\x84\xb0\x00\x81\xd0\x54\xed\xaa\x0d\x6f\x40\
\xd3\xe5\xec\x73\xce\xe1\xca\x2b\xaf\x6c\x9e\xb5\xb5\x30\x96\xaf\
\x08\xad\x73\xd3\x37\x02\x0f\x80\x73\xd8\x50\xc4\x21\xb9\x17\x4a\
\x8c\x93\xb8\x8b\x2e\x24\xee\xa2\x0b\x01\xf0\x6d\xd9\x4a\xf5\xc2\
\x9f\xa8\xfe\x69\x09\x9e\xd5\x6b\x90\x5a\xd3\x1a\xbd\xdb\x43\xef\
\x99\x51\x49\x00\x84\x26\x32\x00\xea\xf8\x61\x82\xe2\xdf\x95\x83\
\xe1\xaa\x3e\x4a\xcf\xff\x48\x0c\x57\x35\xde\x4d\x9b\xf0\xae\xdb\
\x80\x77\x63\x16\xde\x8d\x59\xf8\x73\xea\x56\xe1\xab\xfa\x6a\x26\
\x89\xb7\xdc\xd8\xe0\x75\x1d\x49\x9a\xe1\x21\xd5\xf0\x98\x4a\x36\
\x2e\x59\xb6\x99\xbb\x6e\xbf\x38\xe2\xeb\x1c\xab\x38\x9d\x4e\xde\
\x7a\xfb\x6d\xee\xfe\xcb\x5f\x98\x3b\x67\x0e\x7a\xf5\x0a\x14\xe7\
\x20\x44\x04\x99\xff\xa1\x10\x96\x74\x54\xa7\x8a\x08\xa3\xfc\xb4\
\x29\x10\x4a\x1b\xa4\x7e\x80\xac\xdd\x0a\x99\x49\x4d\x57\x26\x7a\
\x52\xba\xc1\xf8\x37\xec\x0c\x3d\xd9\xe0\xde\x4b\x7c\x0c\xec\x12\
\x3c\x07\x61\xcc\x20\x8d\xa7\x67\x5a\x29\xa9\x2c\x04\xd9\xf3\x28\
\x5d\x86\x40\x4e\x45\xf3\xf6\xa3\x97\x7a\xe5\xc1\xf6\xd3\x8a\xad\
\x53\x83\xca\x31\x5b\x22\x52\xdb\x87\xe1\xcb\xa5\x5d\xbb\x76\x3c\
\xf3\x9f\xff\x34\xf7\x72\x5a\x0c\x3f\x2d\x36\xf7\x02\x77\x35\xaa\
\x68\x13\x41\xaf\x91\x98\x73\xcf\x0e\x39\x6e\x3b\xf5\x14\x6c\xa7\
\x9e\x42\xe2\xc4\xdb\x30\x5c\x2e\xdc\x4b\x7f\xa6\x7a\xe1\x22\xaa\
\x17\x2e\x3a\xea\x30\x19\x0c\x35\xb5\x1d\xc6\x81\xca\xb0\xaa\x0b\
\x0c\x44\x5d\x5e\xf3\x55\x0d\x9e\xd4\x84\x68\x1a\x00\xa6\xbd\x14\
\x4b\x84\x9d\x0a\x61\x6d\xd8\x2f\xcc\x30\xf0\x6d\xde\x82\xe3\xb4\
\xc1\x07\x5f\x92\x5e\x2f\xde\x4d\x9b\xf1\x6e\xc8\xc2\xbb\x71\x23\
\x9e\x75\x1b\xf0\xef\xca\x01\xa3\xe1\x09\x55\x86\xcb\x45\xc5\xfb\
\x1f\x36\xf8\x73\xc1\x18\xa8\x97\x31\x57\x09\x1e\x17\x5d\xb7\x7e\
\x27\x07\x2a\xab\x49\x88\x6f\xde\x87\x66\x73\x62\xb5\x5a\x79\xed\
\xf5\xd7\x79\xfa\xa9\xa7\x78\xf3\x8d\x37\x30\xdc\x2b\x50\xec\x7d\
\x11\x96\xb6\x8d\x72\x3d\x61\x69\x7e\x17\x9e\x29\x6a\x3c\xf8\x03\
\x22\x45\xa3\xfb\x37\x9d\x01\x30\xa2\x87\x8e\x45\x81\x95\xdb\x15\
\xae\x79\xde\xc1\x19\xa7\xe8\xfc\xe5\x42\x3f\x03\x8e\x30\x04\xac\
\x2a\x8c\x1b\xa9\xf1\xd2\x6c\x2b\x86\x6f\x77\x8b\x4c\xac\xab\x75\
\xff\x2b\x6a\x6c\x8d\xe8\xcf\xb1\x8b\x34\x0e\x60\x78\x36\x62\xb1\
\x58\x78\xed\xf5\xd7\x69\xdb\xb6\x71\xbe\x13\xc7\x1a\x65\x65\x55\
\x6c\xda\x62\x5e\xff\xdf\x3f\x02\xf7\x3f\x40\xcc\x39\xa3\xea\xfd\
\x5e\x25\x36\x96\xd8\xd1\xbf\x23\x76\xf4\xef\x00\xf0\xef\xd8\x89\
\x6b\xe1\x4f\xb8\x17\x2e\xc6\xbd\x72\xd5\x41\x35\xda\x43\xc9\x78\
\x77\x2a\xa5\xcf\xbe\x40\xf5\x8f\x3f\x35\x78\x6d\x7b\x94\x18\xbc\
\xa1\x2b\x8e\xd6\x36\x78\x52\x13\xa2\xed\x01\x30\x25\x5b\x4d\x60\
\x88\x56\xd2\xa0\x09\xbd\x9b\x36\xe3\x18\x3c\x90\xd2\xe7\x5f\xa2\
\x6a\xd6\x77\xf8\x77\xef\x01\x3d\x7a\x0f\xcd\x8a\xf7\xa7\x47\x65\
\x9e\x21\x5a\x09\x73\x4d\xe4\x60\x0d\x43\xb2\xec\xe7\xad\x5c\x30\
\x3a\xa8\x4c\xc2\x09\x83\x10\x82\x07\xfe\xf6\x37\xba\x74\xe9\xc2\
\xc3\x0f\x3d\x8c\xe6\x5e\x8d\x62\xeb\x1c\x78\x80\x47\x52\x5e\x77\
\x8c\x21\x6a\x62\x7b\xbf\xe6\x37\x6d\x1e\x40\x8c\x1d\xfa\x77\x31\
\x58\xb3\x53\x41\x28\x71\x2c\xd9\x5a\xc5\x92\xad\x6a\x50\x43\xe0\
\x9a\x91\x1a\xaf\xcf\xb3\xa2\x69\x7b\xc0\xde\x0d\x68\x59\xbf\x1f\
\xc5\x9a\x81\xa2\x18\x48\x91\x78\x4c\xdf\x3b\xd2\x70\x61\xb8\xd7\
\x20\xa5\xce\xbf\x9f\x7a\x96\xc1\x43\x86\x34\xf7\x92\x5a\x0c\x8b\
\x96\x6e\x42\x4a\xf3\x10\xd9\x10\xbd\x34\xec\xb9\xad\x5d\x3a\x63\
\xed\xdc\xa9\xee\x37\x9a\x7d\xfe\xa4\x6e\x24\x9e\xd4\x8d\xc4\x5b\
\x6e\x42\x7a\x3c\xb8\x7f\x5e\x41\xf5\xa2\xc5\xb8\xe6\xce\x47\x2f\
\x2e\x26\xf1\xb6\xf1\xd8\x7a\x74\xc7\xbd\x7c\x65\x58\xf3\x6f\xab\
\xdb\x63\x1e\x5a\x1c\xa7\x01\x44\xf3\x29\xb4\x0d\x30\x4d\x4c\xd8\
\x1a\x46\x7d\xae\x77\xe3\x46\xaa\x97\x2c\xa5\xec\xe5\xd7\x02\x27\
\xfd\x28\x6e\xfe\xd1\x64\xa0\x5e\x86\x12\x42\x8e\x72\xe1\x22\x53\
\x99\x84\x13\x8e\xab\xaf\xb9\x86\x2f\xbe\xfc\x82\x4e\x9d\x3a\x63\
\xf8\x72\xd1\x5c\x4b\x90\xfe\x02\xa2\xd2\x1c\xe8\x18\xa0\xd6\x00\
\xc8\x2e\x6c\xfa\x44\xc0\x11\x3d\x6b\xdc\xe6\xf6\x53\x50\x9d\x03\
\x11\x6a\x3c\x4b\xb6\xaa\x5c\xfd\xbc\x83\x5b\x5e\xb7\xb3\x2e\x27\
\xb0\xa6\xb6\xf1\x92\x4b\x86\x68\x48\xc3\xdf\xfc\x7a\xff\xc1\x10\
\x36\xb0\x74\x6d\xe6\x3c\x84\xc8\x90\x46\x25\x86\x7b\x15\xd2\xf0\
\x31\xe9\x81\x07\x5a\xe3\xfe\x47\xb0\x28\x84\xfb\xdf\x86\x41\x5f\
\x2d\xfc\xf8\x7f\xad\xfb\xdf\xb7\x65\x2b\xde\x4d\x9b\xc3\xf2\x20\
\xd7\x22\x1c\x0e\x62\xce\x19\x45\xca\x3f\x1f\xa2\xf3\xb2\x85\x74\
\xcb\xde\x44\xf2\xfd\xf7\xe0\x59\xb9\x1a\xe9\x0e\xaf\x47\xc1\xb6\
\xd0\x7b\x65\x4e\x76\xd6\xd4\xfd\x61\x4d\x1c\x84\xa8\x3d\x85\x6a\
\x24\x81\x4d\xbd\x00\x5b\xc2\x50\x4f\xf3\x6e\xda\x82\x7f\xc7\xae\
\x48\x96\xd5\x24\xc4\x4a\x2d\xa4\x24\xe5\x8f\x8b\x36\xa0\x47\x70\
\x93\x1d\x6f\xf4\xe9\xdb\x97\xd9\x73\xe7\x70\xcb\xf8\xf1\xa8\x8a\
\x1f\xdd\xb3\x01\xdd\xb5\x14\xc3\x97\x0b\xb2\x65\xd5\xe3\x46\x1d\
\xa1\x22\x14\x27\x79\xa5\x02\x6f\x94\x05\x01\x8d\x3a\x6c\xa8\xe1\
\x35\xfd\x0d\xa4\x5e\x8c\xb0\xa4\xa2\xc6\x8c\x30\x35\x04\xae\x3f\
\x2b\x90\xf4\x24\x7d\x27\x5e\x57\xcb\xc6\x46\x6a\xfb\x31\xaa\x57\
\x22\x0d\x2f\x93\x1e\x78\x80\xdb\x27\x4e\x6c\xee\x25\xb5\x28\x74\
\xdd\x60\xd1\x12\x73\x03\xa0\x9f\x56\x8e\x8d\xf0\x9f\xa7\x31\xe7\
\x8c\xe2\xc0\x7f\x3f\x65\xcf\x85\x97\xb2\xf7\xa2\x3f\x90\x73\xda\
\x48\x8a\xee\x7b\x80\xaa\x99\xb3\xd0\x4b\x23\x0b\x2d\xd4\x52\xfd\
\xd3\xa2\xb0\x3f\xfb\x6b\xe8\xbd\x32\x6a\xa7\x7f\x88\x7e\xbf\xcc\
\x65\x66\x03\xbf\xaa\x09\x75\x09\x1b\x1c\x85\x7f\xfb\x76\x94\x36\
\x2d\x4f\xd9\x2b\x18\xa1\xc2\x1b\x65\x65\x55\xac\x5f\xdf\xf2\x0d\
\x99\xa6\xc4\xe9\x74\xf2\xe0\x43\x0f\x31\x67\xde\x3c\x2e\xbe\xf8\
\x62\x90\xd5\x18\xde\xad\x68\x55\x0b\x03\xcd\x51\xbc\xd9\x48\xad\
\x30\x50\x8e\x26\x3d\x81\xd2\x33\xa9\x05\x3a\xc0\xe9\x15\x35\x89\
\x53\x39\x18\x9e\x2d\xe8\x9e\x8d\x2d\xa3\x35\x6d\x7d\x11\x4e\xa4\
\x84\x9c\xe2\xe8\x7e\xfd\xe6\xad\x57\x6b\xd4\xfc\x82\x8f\x0f\xe8\
\x62\xe0\xb4\x05\x36\xa0\x83\x4b\x39\xcc\x10\x88\x3b\x68\x08\x3c\
\xfb\x8d\x95\x76\x09\x12\x69\x54\x05\x5a\xff\xb6\x12\x05\x24\x86\
\x6f\x07\xba\x7b\x2d\x42\x18\x4c\x79\xe2\x89\xd6\xcd\x3f\x08\xab\
\xd6\x64\x53\x71\xc0\xbc\xca\x6d\x88\x1e\xfe\xfd\x28\x9c\x4e\x1c\
\x83\x06\x52\xfa\xf4\xb3\x07\x5f\xd3\x4b\x4a\xa8\xfc\xfc\x4b\xf6\
\xdd\x7d\x2f\x39\x43\x86\xb3\xf7\xe2\xcb\x29\x7d\xfa\x59\xdc\xcb\
\x57\x84\xed\x1d\xa8\x5e\xb4\x24\xac\xcf\x79\x84\xca\x8e\xd0\x3d\
\x00\xa2\x96\x00\x08\x51\x0e\xee\xb5\x4d\x1d\x1c\x07\x5c\x13\x6c\
\xcc\x2f\x14\xce\xd2\x8a\x1a\x98\x08\x28\x71\x2f\x5b\xde\xe2\x54\
\x9a\x82\x11\x2f\x35\x66\xd9\xda\x9b\x8e\x27\x26\xc6\x32\x72\x78\
\x6b\x7b\xcf\x23\x49\x4e\x4e\xe6\xc2\x31\x63\xb8\xe2\xca\x2b\x71\
\x3a\x9d\x14\x17\x17\x53\x5e\x56\x18\xa8\x45\xd7\xf6\x21\xfd\x7b\
\x31\x7c\xb9\x18\xbe\x5d\x81\x3f\xfe\x5c\xa4\x7f\x6f\x8d\x71\x50\
\x02\x18\x28\x8e\xde\x8d\x56\x55\xd0\x28\xe8\x15\x48\xe3\x00\x67\
\x9c\xaa\xd3\x2d\x2d\x7a\xa1\x8f\x4a\xb7\xe0\x9e\xf7\xed\xac\xde\
\xa9\x70\xda\x49\x06\x09\x47\xe4\x9d\x2a\x02\x7e\xc9\x51\xc8\x29\
\xd2\x10\xd6\xf6\x08\xf1\x5b\x7b\x62\xa1\xc4\x06\x94\x13\xd5\x58\
\x30\xaa\xd8\x5d\xac\x51\xed\xad\x35\xd8\x7d\xc7\x5c\x7b\xdd\x96\
\x86\x34\xaa\x30\xdc\xeb\x90\xfe\x7c\xda\xb4\x69\xc3\x5b\x6f\xbf\
\xcd\x45\x17\x5d\xd4\xdc\xcb\x6a\x91\xbc\x3f\x7d\x01\xeb\x37\x98\
\x1f\x98\xee\xf2\x6e\x0b\x5f\x01\x50\xd7\xa9\xfc\x64\x06\x7a\xa9\
\x49\x0e\x81\x94\xe8\x45\xc5\x78\x56\xad\xa1\xea\xeb\x59\x24\xde\
\x36\x9e\xf2\xa9\xef\xe0\x59\xb5\x06\x35\x2e\x0e\xb5\x5d\xdd\xf2\
\xe5\x5a\xe1\x3e\x4a\x9f\x0a\xaf\x9a\x63\x93\x9a\xc8\xf7\xa1\xdb\
\x8b\x4f\x29\x2d\x5a\x13\x35\xb7\x5c\xb4\x0b\xb2\x43\xca\xea\x6d\
\x51\x13\xe8\x64\x34\x4c\x6d\x29\x12\xa9\xde\xa6\xa4\xb3\xe1\x22\
\xdd\xf0\x50\x68\x52\x0e\x38\x7f\xc1\x7a\x26\xdd\xdb\x1a\xe7\x33\
\xa3\x63\xc7\x8e\xfc\x75\xd2\x24\xfe\x3a\x69\x12\x7b\xf7\xee\x65\
\xed\x9a\x35\x6c\xdf\xbe\x9d\xbd\x7b\xf7\x52\x5e\x56\x86\xdb\xed\
\x46\x51\x55\x4a\x4a\x4a\xd8\xf6\x6b\x40\x1e\x54\x58\x52\x51\x1d\
\xfd\x8e\xbd\x44\xb0\x1a\x63\x25\xaf\x24\xba\xb5\xeb\x5d\x53\x03\
\xc6\xc4\xf2\x6d\x2a\x17\x3d\xe9\x64\xd2\xa5\x3e\xc6\x9d\xa1\x71\
\xa8\xa2\xec\x88\x1e\x3a\x0b\x37\xa9\x48\x7d\x3f\x42\x39\x52\x3c\
\x47\x20\x2c\x19\xa8\x96\xf4\x40\x7b\x64\xef\x8e\x83\x2d\x9b\xa5\
\x51\x1d\x52\x56\xb9\x15\x13\xa4\x0f\xc3\xb7\x13\xc3\xb7\x1b\x90\
\x0c\x1f\x3e\x9c\x67\x9f\x7b\x8e\xf4\x8c\xe6\x57\x53\x6c\xa9\xcc\
\x5f\xb0\xce\x74\xac\xab\x51\x45\x5a\x03\x55\x65\x0f\x43\x4a\xf3\
\xcd\xff\x08\xec\x03\xfa\x21\x1c\x0e\x0e\x7c\xf8\x31\x5a\x41\x01\
\xa5\x4f\x3f\x8b\x25\x23\x9d\x98\xb3\xcf\x22\xe6\xdc\xb3\x71\x8e\
\x1c\x89\x12\x73\xf4\xc1\xc3\xbd\x38\xbc\xd3\x3f\x04\xf6\xc8\x10\
\x68\x40\x78\x99\x85\x26\x44\xd5\x00\xc8\xce\x9a\x5a\xd8\xbd\xcf\
\x84\xdd\x40\xd0\x14\xcb\x4d\x6a\x22\xbf\x6f\x89\x49\x45\x51\xe2\
\x74\xad\x98\xaf\x4c\x14\xc9\x72\x72\xf7\xb1\x69\xcb\x6e\x7a\x9f\
\x1a\x7e\xf6\xe9\x89\x42\x87\x0e\x1d\xe8\xd0\xe1\xe8\x2e\x8b\x3f\
\x2e\x58\xc0\x5f\xee\xfa\x0b\x00\x8a\xad\x6b\xc8\x46\x3f\x2d\x99\
\xda\x8d\x74\xf7\xfe\xba\x43\x00\x9a\x1e\x48\x18\x3c\xb5\x7d\xdd\
\xae\xc8\xc4\x58\x49\x5a\x1b\xc9\xbe\x0a\x81\xd7\x6f\xe1\xd1\xcf\
\xe0\xbb\x5f\x2c\x3c\x31\xd6\x4b\xe7\x76\x01\xe3\x60\x78\x8f\xc0\
\x3c\x52\x2b\x06\xab\x99\x7a\xde\x91\x86\xc0\x76\xa4\x7f\x2f\xe2\
\x18\xfd\xff\xdd\x1c\x48\xc3\x8d\xf4\xe7\x62\xf8\xf7\x82\xd4\x89\
\x8f\x8f\xe7\x81\xc9\x93\x19\x3b\x76\x6c\xab\xc6\x7f\x08\xb2\x36\
\xe7\x92\x97\x6f\xee\xe2\x1f\xae\x45\x2d\xff\xad\x4e\x9c\xc3\x4f\
\xc7\xa8\xa8\x40\x2b\xf8\x6d\xcf\xd2\x0a\x0a\x39\xf0\xc9\x0c\x0e\
\x7c\x32\x03\x61\xb3\xe1\x18\x76\x1a\xb1\xe7\x9c\x4d\xcc\x79\xe7\
\x1c\xac\x2c\xa8\xfe\x69\x71\xd8\xd7\xdc\x14\x5a\xd3\x62\x6d\x76\
\xd6\xd4\xa8\xc6\x3a\x1b\x23\x15\xd9\x34\x0f\x20\xeb\x18\x17\xec\
\xa8\x8b\xba\x6e\xce\xd9\x73\xa2\x9a\xbf\x71\x42\xf1\xf6\x5b\x6f\
\x31\xfe\x96\xf1\xb8\xdd\x6e\x54\x47\xdf\x63\x76\xf3\x07\xa0\x46\
\xa4\x68\xfb\xbe\xba\x37\x02\x8b\x0a\xff\x37\xcd\xce\x47\x8b\xeb\
\x67\xab\x9f\x52\x63\x28\x28\x8e\x01\x08\x4b\x1a\xab\x77\x28\x5c\
\xf2\x94\x93\xf7\x17\x5a\xd0\x0d\xe8\x9e\x61\xd0\x36\x5e\x82\x5e\
\x0a\x75\x26\x52\xd5\x18\x02\xb1\x67\x04\xba\x21\xb6\x12\x1a\xa9\
\x21\xfd\xf9\xe8\xee\xd5\xe8\xae\x45\x18\xbe\x5c\x6c\x56\x95\x9b\
\x6f\xb9\x85\x9f\x16\x2f\x66\xdc\xb8\x71\xad\x9b\x7f\x1d\xcc\x99\
\x6b\x2a\x27\x03\x34\xb1\x01\x30\x72\x38\x7a\x99\x79\xb5\x81\xf4\
\xf9\x70\x2f\x5e\xca\xfe\x47\x1f\x67\xf7\xd9\xe7\x53\x39\xe3\x33\
\x30\x0c\xaa\x17\x2f\x0d\xeb\x7a\x12\xc1\x96\xd0\x7b\xa4\xe9\xde\
\x1a\x2e\x8d\x61\x00\x98\xfe\xf4\x05\x8a\xd3\xb4\x73\x9e\x19\x6a\
\x72\x12\xe9\xaf\xbf\x8c\xb0\x5a\xeb\x7e\x73\x33\xd3\x47\xaf\x20\
\x29\x44\x16\xfb\xec\x79\xa1\x6f\xee\x56\x8e\xc6\xef\xf7\xf3\xc0\
\xa4\x49\x3c\xf1\xf8\xe3\x20\x2c\x28\xce\x21\x88\x63\x3c\x1e\x1d\
\xf0\x00\x08\xb6\xd7\xb3\x14\xb0\x47\x86\xc1\xa3\x9f\xd9\xb8\xfb\
\x5d\x3b\x95\xee\xd0\x1b\x48\xad\x01\x20\xa5\x07\xd5\x39\x00\xd5\
\xd1\x0f\x9f\x66\xe5\x89\x2f\x6d\x8c\x7d\xc1\xc1\xae\x22\x85\x11\
\x3d\x74\xa4\xd4\x0f\xd3\xd3\xaf\x63\xc5\x51\x6b\xdd\x7c\x5c\x21\
\x35\xa4\x5e\x12\x48\xec\xab\x5e\x89\x56\xb5\x00\xdd\xb3\x11\xa9\
\x95\x90\x94\x9c\xcc\xc4\x3b\xee\x60\xf1\xd2\xa5\x3c\xf4\xf0\xc3\
\x24\x26\x26\x36\xf7\x6a\x5b\x3c\x52\x4a\x66\xcd\x36\xcf\x71\x4b\
\x35\x3c\x9c\xa4\x37\x51\x48\x58\x08\x1c\x83\x06\x62\x69\x9f\x89\
\x92\x50\x8f\x44\x74\x29\xd1\xcb\x2b\xf0\xac\xdf\x80\x51\x11\x5e\
\x8b\xe2\x5d\x4a\x2c\xae\xd0\x32\xe9\xe1\x59\x16\x21\x68\x0c\x03\
\x60\x61\xa8\xc1\x0d\x96\x86\x7d\x11\xf4\xd2\x32\x2c\x1d\x3b\xd0\
\xfe\xab\x4f\x71\x8e\x1c\x0e\x2d\xd8\x82\x56\x90\x9c\xe9\x2f\x32\
\x1d\xdf\xb3\x77\x3f\x59\x9b\x5b\xcb\xaa\xea\x4b\x49\x49\x09\xd7\
\x8e\x1d\xcb\xa7\x33\x66\x20\x94\x38\x14\xe7\xe9\xc7\x74\xed\xf7\
\x6f\x28\x08\x25\x96\xfd\x07\x04\xfb\x2a\xea\xbe\x9f\x87\x9e\x1c\
\x28\xdf\x9b\xbb\x5e\xe5\xb2\xa7\x1d\x6c\xc8\x35\xff\xda\xd6\x1a\
\x00\x18\x81\x07\xa5\xb0\x66\xa0\xc6\x8e\x44\x58\x52\x59\x9f\xab\
\x70\xe9\xd3\x0e\xf6\x94\x04\x3e\x2f\xb5\xe2\x08\x7f\x8e\x13\x03\
\xa9\x15\x07\x12\x51\xbd\xdb\xd1\x3d\x1b\xd1\xab\x57\xa0\x55\xfd\
\x88\x56\xf5\x03\x7a\xf5\xea\x40\x88\x44\x2f\xc3\xe1\xb0\x73\xf1\
\xc5\x17\xf3\xfa\x1b\x6f\xb0\x7c\xc5\x0a\xfe\x3a\x69\x12\xed\xda\
\xb5\x60\x55\xca\x16\xc6\xfa\x8d\xbb\xc8\x2f\x30\x8f\xcf\x8f\xd2\
\x8a\x9a\xac\xe3\x83\x9a\x94\x84\xb0\x5a\x11\x56\x2b\x29\xff\x7a\
\xa8\xee\x7d\x47\x51\x88\xbb\xe8\x02\xdc\x11\xb8\xff\x37\x58\xea\
\x7c\xb6\x85\x9f\x5c\x60\x42\xd4\xbb\xb2\x64\x67\x4d\xcd\xea\xde\
\x67\xc2\x7e\x20\xe8\x91\x61\x83\x9a\xc4\xb9\xfe\x7d\x0d\x9a\xd3\
\x35\x67\x1e\xc9\xf7\xdf\x43\xe6\x47\xef\xa3\xef\xdf\x8f\x67\xcd\
\x2f\xf8\x77\xee\xc2\x9f\x93\x8b\x3f\x77\x37\x5a\x41\x01\x5a\x41\
\x61\x8b\xa8\x16\x38\x53\x2b\x66\xa6\xed\xe8\xf8\x75\x2d\x33\x67\
\xad\xa0\x4f\xaf\xce\x4d\xb8\xa2\x63\x93\x2d\x5b\xb6\x30\x61\xfc\
\x78\xf2\xf2\xf2\x40\xa8\x28\xce\x7e\xc7\x56\xa6\x7f\x5d\xa8\x09\
\x60\x54\xb1\x21\x57\xe1\xfc\x7e\xa1\x05\xae\x86\xf7\xfc\xcd\x55\
\x9f\x57\x2a\x18\xfb\xa2\x83\x49\x97\xfa\xb8\x61\x94\x76\xd4\x73\
\xa9\x67\x66\x20\xd6\x2f\x0f\x3d\x29\x09\x3b\xaa\x73\x20\xd2\x5f\
\x80\xe6\xdd\xc2\xba\x9c\x40\x25\x8e\xd4\xf6\x43\xc3\x1c\x72\x27\
\x24\x42\x4d\xc4\xd0\x0a\x91\xfe\xc3\x35\xe0\x93\x92\x92\xe8\xd3\
\xa7\x0f\x83\x06\x0f\x66\xe8\xb0\x61\x0c\x19\x32\x04\xeb\x31\xe0\
\xa9\x6c\xa9\xcc\xfa\x2e\x74\x85\xdb\x99\x9a\xf9\xe1\x2a\xda\x88\
\x43\x92\xfb\xe2\xaf\xf8\x03\x96\xf4\x74\xf6\xff\xeb\x31\x7c\xdb\
\xb2\x83\xbe\x3f\xe1\x9a\xab\xb0\xb4\x6f\x4f\xf5\xc2\xf0\xeb\xff\
\x7f\x09\x7d\xb8\xd9\x96\x9d\x35\xb5\x30\xec\xc9\x4d\x68\x9c\xb6\
\x6c\xb0\x08\xb8\x22\xd8\x40\x38\x79\x00\xb5\x06\x00\x80\x9a\x92\
\x42\xcc\x59\x67\xc0\x79\xe7\x22\x2c\x87\x67\x7f\xeb\x25\x25\x68\
\x05\x85\x68\x85\xfb\xd0\xf7\xed\x43\xcb\xcb\x47\x2b\xdc\x57\xf3\
\x5a\x21\x5a\x7e\x41\x50\xdd\xe6\x68\xd2\x5b\xaf\x20\x59\xfa\x28\
\x35\x69\x7d\xfb\xed\xec\x55\x3c\x70\xff\x1f\x51\x95\x96\xd9\x12\
\xb6\xa5\xd0\xb9\x73\x67\xee\xbc\xeb\x2e\x5e\x7b\xf5\x35\xf6\xee\
\xdd\x83\xee\xfa\x19\x61\x4d\xaf\x29\x55\x3b\xf6\xbd\x00\x42\x4d\
\x44\xfa\xf3\x59\xb9\x5d\xad\xd3\x00\xe8\x9e\x6e\x90\xda\x46\x52\
\x54\x21\x50\xec\x27\xa3\xfb\x76\xf1\xc4\x97\x36\x7e\xde\xa6\xf2\
\xd4\x75\x3e\xda\xc4\xfc\x56\x4a\xd8\xa5\x9d\x81\xc3\x0a\x5e\xbd\
\xea\xe8\x6b\x5a\x33\x50\x2d\xc9\xe8\x9e\xcd\x48\xad\x08\x69\xb8\
\x02\xfa\x09\x2d\xac\x6d\x72\x8b\x43\x58\x03\x9d\x10\x2d\x99\x18\
\xde\xcd\x48\xa3\x1a\x87\xc3\xc1\x1d\x77\xde\xc9\x9f\x6f\xbc\x11\
\x8b\xa5\xb1\x1e\xa3\x27\x0e\x9a\xa6\x87\x34\x00\xd2\x0d\x37\xdd\
\x9b\xca\xfd\x0f\x47\x1d\x26\x9d\x23\x4e\xa7\xe3\xbc\x6f\xf1\xac\
\x5b\x8f\x6b\xee\x7c\xbc\xbf\xac\x43\xcb\xcb\x43\xc4\xc4\x10\x77\
\xd1\x85\x24\xdd\x35\x11\xa3\xbc\x02\x4f\x98\x6d\xec\x0d\x44\x5d\
\x7b\xe3\xc2\xb0\x26\xae\x83\xc6\xba\x73\x17\x63\x62\x00\xe4\x29\
\x31\x14\x29\x0e\x52\x1b\x50\xca\xe1\xdb\xbe\x03\xff\xce\x5d\xa8\
\xe9\xe9\xec\xbb\xed\x4e\xaa\x97\x2c\x05\x29\x51\x93\x12\x51\x92\
\x93\xb1\x64\x66\x60\x49\x4f\xc7\x92\x96\x1a\xf8\x7b\x46\x06\x8e\
\xc1\x83\x50\xc7\x5c\x88\x9a\x74\x78\xc8\x41\x2f\x2d\x43\x2b\x2c\
\x44\xaf\x35\x0a\xa2\x6c\x24\x08\x24\x67\xf9\x8b\xf8\xca\xc4\x0b\
\x50\xbc\xff\x00\xcb\x7e\xde\xc2\x99\x23\x7b\x87\x7d\x8d\x13\x81\
\x98\x98\x18\xae\x19\x3b\x96\x2b\xff\xf8\x47\x66\xcc\x98\xc1\xd4\
\x37\xde\x64\xcf\x9e\xdd\xe8\xfe\x02\x84\xe2\x44\x58\x32\x11\xd6\
\x74\x44\xe8\xae\x59\x2d\x96\xda\xa4\xba\xe5\xd9\xf5\x33\x04\x47\
\xf4\xd0\xf9\x6a\x95\x05\x84\x03\x25\x66\x38\x86\x7b\x1d\x3f\x6e\
\xaa\xe2\xd2\xa7\x1c\xbc\x70\xa3\x97\x81\x5d\x03\x5e\x02\x55\x09\
\x24\xfa\x6d\xdc\xed\x03\xe9\x3d\xaa\x9b\xdf\xa1\xde\x00\xdd\xbb\
\x05\xa9\x57\x20\x2c\xad\x06\x40\x7d\x10\x96\xb6\xa8\x96\x91\x18\
\xbe\x1c\xbc\xde\x9d\x3c\x3e\x65\x0a\xff\xfd\xef\x7f\x79\xf4\xd1\
\x47\x19\x3e\x62\x44\x73\x2f\xef\x98\x66\xc9\xb2\xcd\x94\x96\x99\
\x6f\xf0\xa3\x9a\xf0\xf4\x0f\x60\x94\x96\x22\xfd\xfe\xa3\x72\xcf\
\x1c\x03\xfa\xe3\x18\xd0\x3f\xe8\x67\x5c\xdf\xcf\x0f\x5b\xae\x7e\
\x87\x1a\x47\x75\xe8\xf8\xff\x0f\x61\x4d\x5c\x07\x8d\x65\x00\x2c\
\x0c\x35\xf8\x8b\x9a\xc4\xef\x8d\x86\x95\x03\xba\xe6\x7e\x8f\xb5\
\x5b\x57\xaa\x0f\xa9\xb1\xd4\xcb\xca\xd1\xcb\xca\xf1\xef\xd8\x69\
\xfa\x39\x61\xb7\x1f\x34\x10\xac\x5d\xbb\xd0\xf6\xef\x93\xb0\xf7\
\x3a\x15\x7a\x9d\x1a\xf4\xfd\xa5\xff\x79\x9e\xb2\x57\x5e\x6f\xd0\
\xda\x8e\xe4\x5c\xad\xd0\xd4\x00\x00\xf8\x6a\xe6\xf2\x56\x03\xa0\
\x9e\x58\xad\x56\xae\xbd\xf6\x5a\xc6\x8e\x1d\xcb\xfc\xf9\xf3\x99\
\xfe\xe1\x87\x2c\x5d\xb2\x04\xc3\xb7\x03\x7c\x3b\x40\x38\x10\x96\
\x64\x14\xb5\x2d\xa8\x89\x35\x61\x82\x70\x22\x85\x32\x70\x22\xd6\
\x0f\x20\xa5\x1b\xc5\x76\x52\xb4\x7f\x94\xc3\x10\x4a\x2c\x42\x71\
\xb0\x2d\xdf\x43\x41\xb9\x20\x23\x31\xb4\x20\xd0\x19\xa7\x18\x7c\
\xb5\x0a\xa4\x5e\x82\x62\x6d\x8f\x1a\x73\x3a\xba\x77\x33\x85\xe5\
\xf9\x8c\x7b\xc9\xc1\x3d\x17\xf9\xb9\xf5\x3c\x3f\x42\x40\xcf\x4c\
\x83\x8d\xbb\x15\xa4\x5e\x89\xb0\x04\xf7\xf1\x0b\x6b\x06\x16\x4b\
\x32\xd2\x38\xda\x53\xd0\x4a\x28\x14\x14\x5b\x37\xa4\x25\x03\xc3\
\xbb\x85\x1d\xdb\xb7\x73\xed\xb8\x71\x5c\x38\x66\x0c\x0f\x3d\xfc\
\x30\x19\xad\xf5\xfd\x61\xf1\xd5\xcc\x90\x12\x32\x9c\xe7\x8f\xba\
\xf7\x3b\x24\x52\xd3\xf1\xac\x5a\x83\x73\xc4\xe9\xf5\xfe\x4c\xc5\
\x7b\xe1\x77\x97\xfd\xa5\xee\x2a\x9b\x05\x61\x4f\x1e\x82\x46\x51\
\x50\x29\x2d\x5a\x53\xd8\x36\x75\xf0\x5d\x98\x34\x0e\xb7\x62\x70\
\x66\x03\x13\x90\x8c\xaa\x2a\x9c\x43\x06\x53\x35\xeb\xbb\x86\x2d\
\x46\xd7\x31\xca\xcb\x91\xd5\x2e\xda\x3e\x70\x3f\xd6\x2e\xe6\xf1\
\xf7\xb2\x17\x5f\xa1\xec\xa5\x57\x1b\x36\x7f\x10\xda\x4a\x1f\x8b\
\xac\x69\x1c\x10\xc1\xe3\x81\x39\xb9\xfb\xb8\x6e\xdc\x39\xd8\xed\
\xad\xf1\xc2\xfa\x22\x84\xe0\xa4\x93\x4e\xe2\xf2\x2b\xae\xe0\xea\
\xab\xaf\x26\x2d\x3d\x1d\x57\x75\x35\x85\x85\x79\x48\xfd\x40\xc0\
\xa5\xed\xdf\x8d\xe1\xdb\x15\x50\x10\xd4\x4b\xc1\x28\x47\x1a\x15\
\x01\x31\x1b\xa3\x0a\x69\x54\x06\xfe\xe8\x65\x48\xbd\x14\xe9\x2f\
\xc0\xf0\xef\x41\xfa\x72\x30\x7c\xbf\x22\x7d\xb9\x81\x79\xf4\x52\
\x84\x9a\x80\xa8\x29\xd7\x6b\x34\x0c\x37\xd2\xa8\xa0\x73\x3b\x49\
\xdf\x4e\xa1\x4b\xf2\xda\xc6\x4b\xde\x5d\x60\x45\x48\x3f\x8a\xad\
\x0b\x08\x05\xc5\x92\x06\x8a\x03\xa9\x95\xb0\xec\x57\x85\xf5\xb9\
\x0a\x23\x7b\x1a\x94\xb9\x04\x8b\xb6\xa8\x08\x35\x3e\x74\xb8\x44\
\x58\x5a\xc5\x7d\xc2\x44\x08\x2b\x8a\x35\x03\xa1\xb6\x01\xa3\x9c\
\xec\x6d\x5b\xf8\x68\xfa\x74\x84\x10\x0c\x18\x30\x00\x55\x3d\xc6\
\xc4\xa9\x9a\x91\x8a\x0a\x17\x0f\x3d\xf2\x21\xba\x1e\xfc\x3b\xd0\
\x5d\xaf\xe4\x9a\x66\xe8\x49\x61\xb8\x5c\xc4\x5d\x3c\xa6\x5e\xef\
\xad\xfa\x6e\x0e\x15\xef\x7d\x10\xf6\xb5\x3e\xb0\x77\x63\x9f\x89\
\x88\x1c\xb0\x39\x3b\x6b\x6a\x78\xd2\x82\x75\xd0\x98\x81\xe8\x79\
\x66\x03\xeb\xd4\xa4\x06\xf7\x05\xf0\x6e\xd8\x88\xb0\x05\x8f\xab\
\xd7\x85\xb5\x53\x47\xda\x7f\xfe\x3f\x1c\x83\x4d\x5a\xf2\x1a\x06\
\xc5\x93\x1f\xa2\xf4\xf9\x97\xc2\x9a\x3f\x18\xe7\x86\xb0\x58\x7d\
\x3e\x8d\x99\xb3\x56\x44\xed\x5a\x27\x1a\xe9\x19\x19\x8c\xbf\xf5\
\x56\x3e\xfb\xfc\x73\x56\xaf\x59\xc3\x1b\x53\xa7\x72\xcb\xf8\xf1\
\x9c\x36\x74\x28\xf1\xf1\xb1\x81\x4d\x5e\x2b\x3c\x98\xb9\x6d\x78\
\x36\x63\x78\xb2\x7e\xfb\xe3\xdd\x8a\xe1\xcd\x0e\x6c\xfe\x5a\x31\
\x56\x8b\x87\x0e\x1d\x7e\x2b\x2d\x14\x4a\x0c\x34\x41\x68\x41\x58\
\x52\x01\xf8\x6e\x6d\xdd\x8e\xb8\x94\x78\x49\xcf\x4c\x03\x29\xbd\
\x01\x4f\x45\x0d\x8a\xb5\x03\x4a\xcc\xe9\x08\x25\x86\xc5\x5b\x02\
\x55\x02\xb5\xa5\x82\xad\xa7\xfb\xc6\x47\x58\xda\xa1\xc6\x8e\x44\
\xb1\x9d\x84\xd7\xe7\xe7\xd9\xff\xfc\x87\x2b\x2f\xbf\x9c\x6a\x57\
\xc3\x14\x4f\x4f\x64\xbe\x9e\xb5\x02\x9f\xcf\x5c\xda\xf7\x5c\xad\
\x69\x4f\xff\xb5\xb8\xe6\xcc\xa3\xf2\xf3\x2f\xeb\x7c\x9f\x5e\x52\
\xc2\xfe\x7f\x3e\x16\xf6\x75\xdc\x42\x65\x73\xe8\xf8\x7f\xa3\x9c\
\xfe\xa1\xf1\x42\x00\x00\x73\x81\x71\xc1\x06\x2a\x85\x95\x6c\x35\
\x9e\x1e\x21\x3a\xe8\x1d\x85\x94\x14\xdc\x3c\xa1\xc1\x8b\xb0\xf7\
\xeb\x43\xc6\x7b\x6f\xa3\x26\x07\x77\xb1\x48\x8f\x87\x7d\x7f\xb9\
\x07\xd7\xf7\xd1\x0d\xb1\x9c\xe7\x2f\xe4\x03\x7b\x57\x53\x43\xe7\
\xd3\x2f\x96\x72\xdd\xd8\x73\xa2\x7a\xcd\x13\x91\xa4\xa4\x24\x46\
\x8f\x1e\xcd\xe8\xd1\xa3\x0f\xbe\x56\x5a\x5a\xca\x9e\x3d\x7b\x28\
\x2f\x2f\xe7\x40\x45\x05\xe5\xe5\xe5\xf8\xb5\xc0\x03\xc6\xe1\x70\
\x60\xb3\xd9\x88\x8f\x8f\xa7\x7d\x66\x26\x99\xed\xdb\xe3\xf5\x7a\
\xb9\xf1\x86\x1b\x80\x40\x72\x9e\xea\x1c\x18\x68\x39\xdb\xc8\x08\
\x4b\x32\x42\xb1\xb1\x7a\xa7\x8f\xfc\x32\x41\x66\xd2\x6f\x61\x80\
\x3d\x25\x82\x8e\x6d\x0f\x0f\x0b\x8c\xe8\x69\xf0\x6b\xbe\x12\xf0\
\x50\x1c\xe2\x9d\x10\x4a\x3c\x6a\xcc\x70\x74\xcf\x26\x8a\x0f\x14\
\xf2\xe2\x77\x35\x9e\xa5\x26\x4c\x9a\x3a\xb1\x51\x11\x6a\x2c\xc2\
\x1f\x68\x6a\x7d\xf1\x25\x97\x10\x13\xdb\xc8\xde\xa3\xe3\x88\x19\
\x9f\x99\x97\xce\xa9\x48\xce\x0e\x51\x5a\xdd\xd8\x14\x4d\xfa\x3b\
\xd2\xe3\x21\xe1\xda\xb1\x41\xc7\xf5\xe2\x62\xf2\xaf\xbf\x09\xbd\
\x38\xfc\x92\xda\x75\x6a\x12\x5a\xe8\x03\xf1\xec\xb0\x27\xaf\x83\
\xc6\x34\x00\xe6\x87\x1a\x5c\xad\x26\x37\xcc\x00\x08\x83\x98\x73\
\xcf\x26\xfd\xb5\x97\x10\x8e\xe0\xae\x15\xbd\xac\x9c\xc2\xf1\xb7\
\xe3\x59\x63\xda\xc5\x38\x6c\xda\x49\x2f\x83\xb5\x52\x56\x5b\xda\
\x06\x1d\xdf\xb2\x75\x0f\x59\x9b\x72\xe9\xd3\xbb\xb5\x24\x30\xda\
\x24\x27\x27\x93\x6c\x62\xf0\x1d\xc9\xe6\xcd\x9b\xb9\xf9\xc6\x1b\
\x29\x2a\x2a\x42\x58\xd2\x50\x9d\xfd\x68\x5c\xc7\xd8\xa1\x08\x84\
\x25\x13\xc3\x97\xc3\xac\x35\x16\x26\xfc\xee\xb7\x46\x59\xf7\xbe\
\x6f\xe7\xa6\x73\xfc\x8c\x19\xf8\x5b\x52\xd1\x19\xa7\xe8\x4c\xfb\
\xd1\x12\xe8\xce\x77\xa4\x8c\xaf\xb0\xa0\x3a\xfb\x63\xf8\x92\x90\
\xbe\xad\x48\x29\x6b\x3c\x00\x92\xf0\x72\x22\x5a\xa9\x17\x52\xc7\
\xf0\xfe\x8a\xe1\xdf\x83\xd5\x6a\xe5\x99\xff\x3c\xcf\xa5\x97\x5d\
\xd6\xdc\xab\x3a\x66\x58\xbf\x61\x17\xdb\xb6\xe7\x9b\x8e\x9f\xae\
\xed\x27\x31\x82\x16\xe1\x8e\x01\xfd\x89\xbb\xec\x12\xf6\x3f\x32\
\x25\xbc\x09\x74\x9d\xe2\x07\xff\xc9\x81\x4f\x66\x10\x3b\xfa\x77\
\xd8\x07\xf6\xc7\xda\xb1\x23\xc6\x81\x4a\xdc\x4b\x97\x51\xfe\xf6\
\x34\xf4\x92\xc8\xba\x65\xae\xb1\x84\x7c\x56\xf9\x68\xa4\x0a\x00\
\x68\x44\x03\x20\x3b\x6b\x6a\x7e\xf7\x3e\x13\x36\x03\x41\x5b\xe0\
\xad\xb0\xb4\x65\x9c\x2f\xa7\xb1\x2e\x4f\xc2\xb8\xab\x69\x37\xe5\
\x11\x30\x29\xb7\xd3\xf2\xf2\xc8\xbf\xe1\x96\x90\x09\x84\x91\xf2\
\x7b\x7f\x81\xa9\x01\x00\x30\xfd\x93\x85\x3c\x39\xe5\xcf\x8d\x76\
\xfd\x56\x42\xb3\x78\xf1\x62\xee\xb8\x7d\x22\x2e\x57\x55\xb3\xf5\
\x16\x10\xd6\x0c\xf0\xe5\xf0\xf5\x2a\xf5\x30\x03\x40\xd7\xe1\x9e\
\xf7\xec\xec\xdc\xe7\xe7\xce\xdf\x07\x92\xfb\x06\x77\xd3\xb1\x59\
\xc0\xaf\x97\x62\xb6\xb1\x2b\xb6\x4e\x48\xb5\x0d\x86\x67\x7d\x40\
\x8f\xde\xa8\x42\x28\xf1\x4d\xf7\x03\x9d\x40\x48\xbd\x0c\xc3\xb3\
\x09\x69\xb8\xc8\x6c\xdf\x9e\x97\x5e\x7e\x99\x41\x83\x4c\xc2\x8c\
\xad\x04\xe5\xe3\x19\x3f\x85\x1c\x8f\xb4\x77\x4c\xe2\x6d\xe3\x21\
\x0a\xda\x0c\xde\xac\x4d\x78\xb3\x36\x45\x3c\x4f\x30\x56\xab\xe6\
\x7b\x04\xb0\x28\x3b\x6b\xaa\x79\x6f\xe4\x08\x69\xec\xa3\x8e\x69\
\x1e\x40\xb6\x9a\x40\x59\x63\xb8\x59\x85\x20\xf9\xfe\x7b\x68\xf7\
\xc4\x63\xa6\x9b\xbf\x6f\xcb\x56\xf2\xae\xb8\xba\x51\x37\x7f\x08\
\x58\xaf\xa1\xda\x1f\x7f\x3b\x67\x15\x15\x15\xad\xb1\xc2\xe6\xe0\
\xb3\xcf\x3e\xe3\x96\x9b\x6e\xc2\xe5\x72\xa1\x38\x7a\x45\x77\xf3\
\x97\x1e\x0c\xef\x36\x0c\xef\xd6\x3a\xdf\x2a\x94\x04\x84\x1a\xcf\
\xf6\x42\x85\x55\x3b\x7e\xbb\x5f\x63\x6b\x9c\x56\x2f\xcf\xb6\xf2\
\x7f\xd3\xec\xb8\x7d\xe0\xb4\xc1\xa0\x6e\x3a\x52\xfa\x43\xc6\xf7\
\x85\xda\x06\x35\x66\x04\xc2\x92\xde\x1a\x06\x68\x0c\xa4\x0f\xc3\
\x93\x85\x5e\xbd\x12\x69\xb8\xb8\xf8\xe2\x8b\x99\x3d\x67\x4e\xeb\
\xe6\xdf\x40\xca\xca\xaa\xf8\x36\x84\xf4\x6f\x3b\xe9\x65\x88\x56\
\xbf\xce\x7d\xc1\xb0\x76\xee\x44\xec\x05\xa3\xb1\x76\x32\x6b\x7a\
\xd5\xfc\xec\x56\x62\x43\x25\xff\x41\x23\xba\xff\xa1\xf1\x0d\x80\
\xaf\xcd\x06\x24\xb0\x32\xc4\xe9\x38\x1c\x84\xd5\x4a\xea\x7f\x9e\
\x22\xe9\xae\x89\xa6\xef\x71\x2f\xfd\x99\xbc\xab\xae\x45\xdb\xd7\
\xf8\x71\x25\x0b\x92\xd1\x21\x2c\x58\xaf\xd7\xcf\x67\x5f\x46\x5d\
\xde\xb9\x95\x3a\x78\xe9\xc5\x17\x99\x74\xff\xfd\xe8\xba\x44\x75\
\x0e\x44\x31\xed\x8a\xd7\x00\xa4\x8e\xd4\x0a\xd1\xdd\xeb\xd0\xaa\
\x16\x61\xf8\x76\x61\xf8\x72\x91\xba\x79\x33\x91\x5a\x84\x35\x10\
\x06\x9a\xbe\xe8\xb7\x93\x8a\x10\x81\xf8\xbf\x50\xdb\x30\x77\xbd\
\xca\xd8\x17\x1c\xe4\x97\x0a\x46\xf6\xac\xed\xe6\x57\xc7\x83\xb1\
\x26\x24\xd0\xaa\xe1\x1f\x45\xa4\x86\xe1\xcd\x0e\x34\xfa\xf1\xe7\
\xd1\xbe\x43\x07\xde\x7e\xe7\x1d\x5e\x7a\xe5\x15\xe2\xe3\x5b\xbd\
\x2c\x0d\xe5\xd3\x2f\x97\x86\x4c\xfe\x1b\xed\x2f\x40\x10\xba\x3c\
\x36\x14\x6d\xc6\xdf\x04\x42\x60\xeb\xd1\x9d\xf8\x3f\x06\x95\xa5\
\x69\x76\x7e\xae\xfb\xfb\x39\xa7\x31\xaf\xdf\xd8\x06\xc0\x12\xc0\
\x34\xd0\xbf\x22\xcc\x87\x93\xe3\xb4\xc1\x47\xbd\xa6\xc4\xc7\x93\
\x31\xed\x2d\xe2\xaf\xfc\x83\xe9\xe7\xaa\xbe\xf9\x96\x82\x1b\xc7\
\x63\x54\x36\xdd\xa9\x68\x8c\x3f\x2f\x64\x04\x76\xfa\x27\x0b\xd1\
\x8d\xba\x5b\xbd\xb6\x12\x39\x7e\xbf\x9f\x49\x7f\xfd\x2b\x2f\x3c\
\xff\x7c\xe0\x05\x11\x13\x28\x11\xd4\x4b\x03\xa2\x39\x0d\x41\x6a\
\x48\xbd\x14\xc3\xb7\x13\xdd\xbd\x36\xd0\x08\xc6\xbd\x1e\xa9\xed\
\x83\x9a\x87\x56\x40\xb5\xb0\xee\xde\x17\x8a\x35\x03\x21\xac\xcc\
\xdb\xa0\x52\x58\x1e\xb8\x5b\xe2\x6a\x0e\x05\xaa\x73\x10\x8a\xb5\
\x3d\x5b\xf2\x14\xae\x7c\xd6\x81\xc3\x5a\x2b\xf5\x5b\xcf\xb8\x63\
\x13\x24\x33\x1e\xf7\x18\x01\x8f\x4e\xa0\xc3\xdf\x4e\x62\x62\x9d\
\xfc\xdf\xff\xfb\x7f\xcc\xfb\xfe\x7b\xce\x3d\xef\xbc\xe6\x5e\xdd\
\x31\x89\x61\x48\x3e\xf9\x9f\xb9\xfb\x5f\x45\x72\xa1\xcf\x3c\x37\
\xa0\x2e\xd4\xa4\x44\x12\x0e\xd9\xf4\xdb\x3d\x39\xa5\x41\x35\xfd\
\x4d\xc5\xf2\xd0\x7b\xe0\xee\xec\xac\xa9\x9b\x1b\xf3\xfa\x8d\x5a\
\xac\x5a\x5a\xb4\xc6\x68\x9b\x3a\x78\x20\x10\x54\xf5\x66\xbf\xb0\
\x73\xa5\x6f\x0f\x6a\x03\xad\xbc\x76\x4f\x4e\xc1\xbf\x6d\xfb\xc1\
\xcc\x4b\x4b\x46\x06\x99\x1f\xbd\x87\x63\xd0\x40\xd3\xcf\x94\xbf\
\x33\x8d\xe2\xc9\x0f\x87\xad\xd4\x14\x2e\x71\x52\x63\x9b\x9a\x40\
\x9e\x49\xbd\x75\x65\xa5\x9b\x9e\xdd\x3b\x70\xf2\x49\xad\x02\x22\
\x8d\x4d\x51\x51\x11\xfb\x0a\x0b\x71\x3a\x9d\x94\x95\x96\xe1\x71\
\x57\x20\xf5\x12\xa4\x3f\x1f\xc3\x97\x83\xe1\xcf\x41\xfa\x0b\x91\
\xfa\xbe\x40\xa3\x1c\xbd\x24\xa0\x17\xa0\x15\x62\x68\xfb\x90\xfe\
\x02\xa4\x7f\x57\xa0\xb4\xd0\xb7\x1d\xe9\xcf\xaf\xd1\x1b\xa8\xc6\
\x66\xb3\x71\xde\x79\xe7\x21\xa5\xa4\xac\xac\x0c\xc5\xd2\x16\xc5\
\xd9\x8f\xfa\x25\xe0\x89\x40\x32\x99\x56\x86\xaa\xc0\xc8\x53\x0c\
\xbe\x5b\x6b\x61\x67\x51\x40\x74\x46\x58\x33\x40\x58\xa9\x76\x97\
\xb0\xf4\x57\x15\x29\x41\x48\x1f\x8a\xad\x6b\x3d\xe7\x6f\xa5\xe1\
\x48\xa4\x56\x52\x13\xca\xd9\x8c\xd4\xcb\x70\x3a\xed\x8c\xbf\xf5\
\x56\x5e\x79\xe5\x15\xce\x3e\xe7\x9c\x56\xdd\xff\x08\x98\xfb\xfd\
\x2f\xcc\xf8\xdc\x3c\xfb\xff\x0c\xad\x38\xa2\xf8\x7f\xe2\xad\x37\
\x63\x49\x4f\x67\xdf\xdd\xf7\xe2\x5d\xb7\x81\x98\x51\x67\x12\x77\
\xe1\xef\xa9\xfe\xe1\x47\xf4\x92\xf0\xc3\x0a\xd1\xa4\x54\xd8\x78\
\xcb\xd1\x3d\xd4\x5b\x3e\x2c\x2d\x5a\xd3\xa8\x21\x80\xa6\x10\xb1\
\xfe\x06\xb8\x2a\xd8\x80\x47\xa8\xac\xb5\x24\x33\xac\x81\x3d\x9e\
\x5d\xdf\xce\x21\xf1\xf6\x5b\xd9\x77\xf7\xbd\x38\x4f\x1b\x42\xda\
\xab\x2f\xa0\x86\xe8\xba\x55\xf2\xd8\xbf\x29\x7f\x67\x5a\x83\xae\
\x11\x4d\x2e\xf1\xe7\x85\x0c\x77\xbc\xf7\xe1\x7c\x2e\x18\xdd\x1a\
\x3f\x6c\x6c\x32\x32\x32\x98\x78\xc7\x1d\x07\xff\x9d\x9b\x93\xc3\
\xda\xb5\x6b\xd9\xba\x75\x2b\x39\xbb\x76\xb1\x73\xd7\x2e\x72\x73\
\x72\xd0\xb4\x80\x87\xc8\xcc\x2c\x8d\x89\x89\x21\x33\xb3\x13\xdd\
\x7b\xf4\xa0\x7f\xff\xfe\xf4\xeb\xdf\x9f\x01\x03\x06\x30\x6b\xd6\
\x2c\xe6\xcd\x9b\x87\xa2\xc6\xa2\x38\xfa\xd3\x90\xcd\x59\xb1\x75\
\x42\xfa\x73\xf8\x78\x09\xdc\xfa\x3b\x8d\x78\x67\xcd\x49\x5f\x6a\
\x01\xd1\x19\x5b\x67\x84\x1a\x87\xf4\xac\x03\x34\xa4\xd4\x02\x32\
\xbe\xf5\xf0\x30\xb4\x52\x5f\x24\x52\xaf\x40\x6a\x85\x81\x3f\x46\
\xc0\x2b\xd4\xbe\x7d\x7b\xfe\x7c\xe3\x8d\x5c\x7d\xcd\x35\xad\xae\
\xfe\x28\x31\xed\x83\xef\x43\x8e\x5f\xe2\xcb\x0b\x7b\x6e\x61\x51\
\x49\xb8\x6e\x1c\x85\x37\x4f\xc0\xbb\x69\x33\xee\xa5\x3f\xa3\x97\
\x95\x91\xf6\xd2\x73\x64\x7c\xf0\x2e\x79\x57\x5e\x83\x96\x17\xfe\
\xfc\xd1\x62\x85\x25\xa5\xae\xa3\xaf\x69\x08\x3d\x5a\x34\x85\x01\
\xf0\x1d\x60\x60\x12\x6e\x58\x64\x49\x6d\xb0\x01\x50\x35\x77\x1e\
\x29\x8f\x3f\x4a\xc7\x79\x3d\xb1\x76\xed\x82\x30\x69\xc6\x21\x35\
\x8d\xa2\xff\x77\x7f\xc3\xd5\x03\xa3\xcc\x60\xad\x94\xf6\x86\x9b\
\x3c\xac\xb2\x57\x83\x00\x00\x20\x00\x49\x44\x41\x54\x93\x6e\x76\
\x6b\xd7\xed\x60\xfd\x86\x5d\xf4\xef\xd7\xb5\x89\x57\x76\x62\xd3\
\xb9\x4b\x17\x3a\x77\xe9\x72\xd4\xeb\x2e\x97\x8b\x8a\x1a\xfd\x00\
\x9f\xcf\x87\xad\x46\x80\xca\x6a\xb5\x92\x9e\x9e\x1e\x74\x13\x58\
\xbd\x6a\x15\x7f\xff\xdb\xdf\x50\x14\x2b\xc2\x31\x10\x4c\x54\x20\
\x4d\x11\x36\x84\xb5\x13\x6e\xdf\x2e\xde\x5d\x10\xfc\x7e\x16\x6a\
\x5b\x70\x0e\x47\xf1\xac\xc5\xd0\x5d\x48\xbd\xac\xd5\x00\x88\x14\
\xe9\x0b\x28\x43\x6a\xc5\x48\x7d\xff\xc1\x4d\xdf\x6e\xb7\x33\x7a\
\xf4\x25\x5c\x7e\xc5\x15\x9c\x79\xd6\x59\xad\xca\x7e\x51\x64\xed\
\xba\x1d\xfc\xb2\xde\x3c\x01\xbb\x8b\xe1\xa2\x6f\x3d\x72\x67\xcc\
\x90\x9a\x4e\xfe\xd5\xd7\xe2\xcf\xf9\x4d\x3d\xb0\x6a\xd6\x77\x60\
\xb1\x90\xf6\xec\x53\x64\x4e\x9f\x46\xde\x95\xd7\xa0\x97\x36\xaf\
\x27\xa0\x8e\xf8\x7f\x39\x8d\x58\xfe\x57\x4b\xa3\x1b\x00\xd9\x59\
\x53\x4b\xbb\xf7\x99\xb0\x04\x38\x2b\xd8\xf8\x4a\x4b\x5b\x34\x04\
\x96\x06\x84\x01\x8c\xf2\x0a\xdc\xcb\x96\x11\x73\xd6\x99\xe6\xef\
\xa9\xaa\xa2\x70\xc2\x1d\xb8\x97\x85\xd6\x98\x6e\x0a\x04\x92\xcb\
\x7d\x7b\x78\xc5\x61\x9e\x69\xfe\xf6\x7b\xf3\x78\xf9\xb9\xdb\x9a\
\x70\x55\xad\x98\x11\x1b\x1b\x4b\x6c\x6c\x2c\x99\x99\x99\x75\xbf\
\x19\xd8\xbb\x77\x2f\xb7\x4d\xb8\x0d\x4d\xd7\x51\x9d\x83\xeb\x96\
\x10\x96\x3e\xa4\xe1\x01\xe9\x41\x4a\x0f\x18\x9e\x9a\x7f\x57\x23\
\x80\x0f\x17\x59\x39\xaf\x6f\x6d\xa8\xea\xf0\x24\x29\xa1\xc4\x20\
\x9c\xa7\x23\x3d\x1b\x02\xe1\x07\x5a\x8d\xc6\x06\x21\x7d\x18\x5a\
\x71\xa0\xe7\x83\x51\x8a\x3c\xa4\x6b\xa2\xd3\xe9\xe4\xac\x51\x17\
\x70\xfe\xf9\xe7\x73\xfe\xe8\xd1\xad\xa7\xfd\x46\x62\xda\x07\x21\
\x25\x62\xb8\xdc\xb7\x27\xe2\x6b\x1c\xba\xf9\xd7\x52\xf5\xd5\x4c\
\x2c\xed\x52\x68\xfb\xe0\xdf\xc8\xf8\xe0\x1d\xf2\xc7\xde\xd0\xa4\
\xf9\x60\x87\xe2\x12\x16\x7e\xb1\x84\xec\x6a\xfa\x5d\x76\xd6\x54\
\xf3\x0c\xc9\x28\xd1\x54\x7d\x2c\x3f\xc5\xc4\x00\xa8\x12\x16\xd6\
\x59\x92\x1a\x5c\xee\xe1\xfa\x76\x8e\xa9\x01\xa0\x17\x15\x93\xff\
\xe7\x5b\xf0\x6d\xa9\xbb\x0c\xab\x2e\x84\xd5\x8a\xf4\x9b\x97\xf2\
\xd5\x97\xdf\x69\x85\xbc\x2f\xbb\x52\x69\x72\x32\x9c\x37\xff\x17\
\x76\xee\x2a\xa4\x5b\xd7\xf4\x88\xaf\xd5\x4a\xd3\xe1\x72\xb9\x18\
\x7f\xf3\xcd\x94\x95\x95\xa2\x38\x4e\x45\x28\xf1\x48\xfd\xc0\xe1\
\x9b\x7b\xcd\x7f\x91\xde\x9a\xd7\xcd\x93\x3e\x6d\x36\x1b\x6e\x9f\
\x8f\xd9\xbf\x04\x4e\x9c\x52\xdb\x8f\xb0\x1d\xb1\x11\x09\x0b\xaa\
\x73\x20\x86\x6f\x27\xad\x42\x3f\x0d\x44\x58\x90\xda\x7e\x64\x8d\
\xbc\x6c\xc7\x8e\x1d\xf9\xfd\x05\x17\x30\x62\xe4\x48\x46\x8c\x18\
\x71\xd0\xdb\xd3\x4a\xe3\xb0\x73\x57\x21\xf3\xe6\xff\x62\x3a\x9e\
\x24\x7d\x9c\xeb\xdf\xd7\x68\xd7\x77\x8e\x18\x8e\xf4\xfb\xb1\xf7\
\xe9\x4d\xfa\xd4\x57\x29\xf8\xf3\xf8\xa3\x5a\xff\x36\x05\xcb\x2d\
\x29\x68\xa1\x73\xf0\x1b\xdd\xfd\x0f\x4d\x67\x00\x7c\x01\xbc\x6c\
\x36\xb8\xc4\x92\xda\x60\x03\xa0\x36\x0c\x20\x2c\x87\xbb\xe6\xfc\
\x3b\x76\x92\x7f\xc3\x2d\x51\x8b\xf1\x64\x4c\x9f\x46\xc1\xf5\x37\
\x47\x7c\x93\xd8\xa5\xce\x45\xfe\x7c\xfe\x6b\x0b\xae\xfc\x27\xa5\
\x64\xea\x3b\x73\x5b\x85\x81\x8e\x21\x74\x5d\xe7\xff\xee\xbe\x9b\
\x6d\xdb\xb6\x01\x20\xbd\xbf\xa2\x79\xb6\x98\xbe\x3f\x25\x25\x85\
\x8c\xcc\x93\x49\x4b\x4b\x23\x2d\x2d\x8d\xcc\xcc\x4c\xd2\xd2\xd2\
\x48\x4f\x4f\x27\x3d\x23\x83\xf4\xf4\x74\x0c\xc3\xe0\xec\xb3\xce\
\xa2\xb4\xc6\x3d\x69\xf8\xb6\x23\x2c\x6d\x11\x4a\xc2\x11\xb3\x89\
\x46\xef\x58\x78\x7c\xa2\xa0\x3a\xfb\x61\x78\x2c\x18\xfe\xbd\x94\
\x96\x95\x31\xf2\x8c\x33\x18\x35\x6a\x54\x73\x2f\xec\x84\xe0\xcd\
\x77\xe6\x20\xa5\xb9\xb7\xf7\x52\xdf\x5e\x2c\x34\x4e\x55\x94\xf5\
\xa4\x6e\xc4\x9c\x33\x2a\xa0\xde\x57\x50\x48\xdb\x87\x27\x93\xf6\
\xf2\xf3\x14\xde\x71\x77\x93\x27\x87\x2f\xae\xe9\x03\x62\x82\x87\
\x40\xe8\xbc\xd1\x69\xb2\xa3\x43\xf7\x3e\x13\x7e\x06\x82\xd6\x61\
\x24\x48\x3f\x1f\x55\x2d\x6d\x50\x18\x00\x20\xe3\x83\x77\x0e\xf3\
\x02\x78\x56\xae\xa6\xe0\xd6\x89\x18\x15\x15\x11\xad\xf5\x50\x92\
\xff\x7a\x2f\xfe\x9c\x5c\x2a\x3f\xfd\x3c\xe2\xb9\x4a\x85\x8d\x1b\
\xe3\x86\xe3\x37\xb1\xfc\x2c\x16\x95\xf9\xdf\x4d\x21\x33\xa3\x7e\
\x32\xb6\xad\x34\x2f\x53\x1e\x7d\x94\x77\xdf\x7d\x17\x8b\xc5\x42\
\x5a\x7a\x7a\x60\x53\xcf\xc8\x20\x2d\x3d\x9d\x8c\x8c\x0c\x52\x0f\
\xd9\xe4\xd3\xd2\xd2\xb0\x98\xe4\xaa\x1c\xc9\x47\x1f\x7d\xc4\xc3\
\x0f\x3e\xf8\xdb\x0b\xc2\x81\x25\x76\x18\x88\x90\x82\x21\xad\x34\
\x10\xc3\xb7\x0b\xc3\x9b\x8d\x10\xf0\xb7\xc9\x93\xb9\x75\x42\xc3\
\x7b\x8d\xb4\x52\x7f\xf2\x0b\x4a\x39\xef\x82\x07\x4d\xcb\x9e\xed\
\x52\xe7\x03\xd7\xcf\x24\x84\x10\x4f\x0b\x85\xb0\xdb\x91\x5e\xf3\
\x72\xde\x76\x4f\x3c\x46\xfc\x55\x57\xb2\xfb\xcc\xf3\xd0\x0a\x0a\
\x48\xba\xe3\x36\x92\x27\xdd\x47\xe5\x8c\xcf\x28\x7a\xe0\x41\x08\
\x61\x98\x44\x93\x4a\x61\x65\x5c\xdc\x88\x50\x1e\x80\x2f\xb2\xb3\
\xa6\x5e\xd9\x14\x6b\x69\x2a\x0f\x00\x04\xc2\x00\x41\x0d\x80\x03\
\xc2\xca\x5a\x4b\x32\x43\xb5\x86\x69\x2a\x1f\x1a\x06\x70\xaf\x58\
\x49\xc1\x8d\xb7\x22\xdd\xee\x88\x17\x7a\x28\x5a\x5e\x1e\x89\x37\
\xff\x39\x2a\x06\x40\xb2\xf4\x71\xbe\xbf\x90\xef\xac\xc1\x63\xcb\
\x9a\xa6\xf3\xc6\x5b\xb3\x79\xf4\x1f\xd7\x46\x7c\xad\x56\x1a\x17\
\xaf\xd7\xcb\xc5\x97\x5e\xca\x6d\x13\x27\x92\x92\x92\x82\x10\xd1\
\xb3\xa5\xaf\xb9\xe6\x1a\x3e\x9e\x3e\x9d\x2d\x5b\xb6\x70\xce\xb9\
\xe7\xf2\xe3\x82\x05\xe8\xd5\x6b\x51\x63\x86\x82\x68\xca\xaf\xec\
\xf1\x8d\x62\xeb\x8a\x50\xe2\xd0\x3d\x1b\xf8\xf7\x13\x4f\xf0\xcb\
\x2f\xbf\xf0\xcc\x7f\xfe\x43\x6c\x6b\x23\x9f\x46\xe1\x8d\xb7\x66\
\x87\xd4\x3c\xb9\xd0\x5f\x10\xfe\xe6\x6f\xb5\xd2\x69\xe1\x3c\xf6\
\xff\xe3\xd1\xa0\x8d\xdd\xd4\xe4\x24\xe2\xaf\xfc\x03\x55\x33\x67\
\xa1\x15\x04\xca\x0b\xcb\x5e\x7b\x13\x25\x3e\x9e\xc4\x89\x13\xd0\
\x4b\xcb\x28\x79\xf2\x99\xb0\xae\xdd\x50\x96\xd5\xed\xfe\xff\xb4\
\x49\x16\x42\xd3\x75\x3d\x01\xf8\x2c\xd4\xe0\x8f\x96\xb4\x06\x4f\
\xe8\x9a\xf7\x3d\x18\x06\x5a\xe1\x3e\x0a\x6f\xbd\x23\xea\x9b\xbf\
\x12\x1b\x43\xdc\x1f\x2e\xc5\x76\xea\x29\x38\x4f\x1f\x16\x95\x39\
\xff\xe8\xdb\x8d\x12\xc2\xd3\xf1\xd9\x97\x4b\xc9\x2f\x68\x19\x75\
\xaa\xad\x98\x63\xb7\xdb\x19\x30\x60\x00\xed\xda\xb5\x8b\xea\xe6\
\x0f\xa0\xaa\x2a\x53\x9e\x78\x02\x45\x51\xf8\xd3\x55\x57\xf1\xbb\
\xf3\xcf\x47\x1a\x95\xe8\xee\xb5\x20\x9b\xd6\x55\x79\xbc\x23\x2c\
\xed\x50\x63\x86\x21\x94\x58\xe6\xcc\x9e\xcd\x45\x63\xc6\x90\x95\
\x95\xd5\xdc\xcb\x3a\xee\xc8\x2f\x28\x0d\xa9\x7a\x6a\x41\x72\x85\
\x6f\x77\xd8\xf3\xc7\x5d\x3c\x06\x35\x25\x05\xf7\xf2\x95\x41\xc7\
\x13\xae\x1d\x8b\xb0\xdb\x29\x7f\xf3\xed\xc3\x5e\x2f\x79\xea\x3f\
\x54\xbc\xfb\x3e\x89\xb7\xdf\x4a\xe2\xad\x37\x87\x7d\xfd\x86\x50\
\x0f\xf7\xff\xac\x26\x59\x08\x8d\x2c\x04\x74\x28\xa5\x45\x6b\x2a\
\xda\xa6\x0e\xbe\x00\xe8\x10\x6c\xbc\x50\x71\x72\x99\x7f\x2f\xd6\
\x06\x84\x01\xa4\xc7\x83\x73\xd8\x50\x5c\xdf\x7c\x8b\x7b\xc9\xb2\
\x68\x2d\x15\x25\xc6\x49\xc2\xf5\xd7\x91\xf6\xf2\xf3\xd8\x7b\x06\
\x32\xf7\x95\x84\x04\xaa\xbe\xf9\x36\xe2\xb9\xe3\xa5\xc6\x5e\x25\
\x86\x1c\x35\x78\xbf\x79\xc3\x90\x78\x3c\x7e\xce\x19\xd5\x2f\xe2\
\x6b\xb5\x72\xec\x92\x91\x91\x81\xdf\xef\x27\x21\x3e\x9e\xbb\xfe\
\xf2\x17\x56\x2c\x5f\x4e\x7e\xde\x4e\xa4\x5e\x8e\x62\x49\x07\xd1\
\x94\xb6\xfb\xf1\x8d\x10\x36\x14\x6b\x7b\xa4\xe1\xa6\xa2\x6c\x2f\
\x9f\xce\x98\x81\xcd\x66\x63\xd0\xa0\x41\x51\x37\xee\x4e\x54\x9e\
\x79\xfe\x0b\x36\x64\xe5\x98\x8e\x8f\xf6\x17\x70\xae\x16\x7e\xf2\
\x5f\xda\xf3\xcf\xa0\x97\x94\x52\x31\xed\xfd\xa3\xc6\x84\xd5\x4a\
\xda\xcb\xcf\xe3\x59\xb9\x9a\x8a\x20\x7a\x30\xd5\x8b\x96\x60\x69\
\x97\x42\xd2\x9d\x13\xd1\xf2\xf2\xf1\x6d\x36\xcf\xe3\x89\x94\x32\
\x61\xe3\x55\x47\x0f\x42\x44\xdf\x67\x66\x67\x4d\x9d\xde\x68\x0b\
\x38\x82\x26\x2d\x6e\x6d\x9b\x3a\xd8\x09\x8c\x09\x36\xa6\x09\x85\
\xce\x86\x8b\xae\x46\xc3\x9a\xe3\x08\x87\x03\x59\xed\xc2\x9b\x15\
\xb9\x62\xa2\x9a\xda\x8e\xa4\x3b\x6e\x27\xed\xc5\xe7\x88\xfd\xfd\
\xf9\x28\x71\xbf\xb9\x02\x6d\xdd\xba\x52\xf5\xc5\x57\x18\x07\x22\
\x6f\x61\xdc\xc9\xa8\xe6\x5b\x5b\x7b\xd3\xf1\xad\xdb\xf6\x72\xf9\
\x65\xc3\x89\x8f\x0f\xae\x1b\xd0\xca\x89\xc1\xd0\xa1\x43\x41\x08\
\x32\x33\x33\xb9\x70\xcc\x18\x96\x2d\x5b\xc6\xbe\x82\x9c\x56\x23\
\xa0\x31\x10\x0a\x8a\x35\x0d\x14\x07\xba\x7f\x3f\x4b\x97\x2c\x66\
\xc5\x8a\x15\x0c\x1b\x36\x8c\x36\x6d\xda\x34\xf7\xea\x8e\x69\xf6\
\xe6\xed\x67\xf2\x3f\x3e\xc0\x30\x82\x1f\xee\x14\x24\x7f\xf3\x6c\
\x26\x5e\x86\x57\xf5\xe6\x3c\x63\x04\x89\xb7\x8d\xc7\xd2\xae\x1d\
\xb6\x93\x4f\x02\xbf\x1f\x35\x21\x01\x35\x39\x19\x4b\xbb\x76\xc4\
\x5d\x7a\x11\xb1\x17\x8c\xa6\xf8\x6f\x0f\xa1\xed\x0d\x9e\x1c\x5e\
\xfd\xd3\x62\x6c\x5d\x3a\x93\x74\xe7\xed\xf8\x36\x6f\xc5\xbf\xb3\
\x71\x1a\xc5\xcd\xb1\x65\xb2\x26\x74\x0f\x9c\x47\x4b\x8b\xd6\x34\
\x99\x0b\xaa\x49\xcd\xdb\xee\x7d\x26\xa4\x02\x05\x98\x84\x1e\x4e\
\xd3\x4a\x78\xd4\xbd\xa1\x61\x93\x2a\x0a\x44\xa8\xa5\x6f\x3b\xa5\
\x07\x89\xe3\x6f\x26\xee\x0f\x97\x9a\x8a\x0a\x41\x40\x4e\xb8\xe4\
\xb1\x7f\x47\x74\xad\x5a\xfe\xed\xec\xcd\xa2\x10\xae\xa0\xcb\x2f\
\x1b\xce\x53\x53\x6e\x8c\xca\xb5\x5a\x39\x3e\xa8\xac\xac\xe4\x8f\
\x57\x5e\x49\xf6\xb6\x6d\x08\x35\x11\xd5\x39\xa8\xe1\x82\x43\xad\
\xd4\x89\x34\x5c\x18\x9e\x0d\x48\xfd\x00\x0e\xa7\x93\xc9\x93\x27\
\x73\xdd\xf5\xd7\xb7\x7a\x03\xc2\xe4\x81\x87\xde\xe3\xcb\xaf\x7f\
\x36\x1d\xff\x9d\xbf\x90\xfb\x42\x54\xcf\xd4\x45\xc6\x7b\x6f\x13\
\x73\x76\xd0\x2a\xf3\xa3\x30\x2a\x2b\x31\xaa\x5c\x18\x2e\x17\xd2\
\x55\x8d\xe1\x72\x61\xb8\xaa\x30\x0e\x54\x22\x3d\x1e\x12\xae\x1d\
\x8b\xf4\x7a\x29\xb8\xe1\x16\xdc\x2b\x82\x87\x13\x22\xe1\xce\xd8\
\xd3\xd8\xa9\x04\xf7\xfe\x02\x55\x40\x5a\x63\xb6\xff\x3d\x92\x26\
\xbf\xa3\xbb\xf7\x99\x30\x17\x18\x1d\x6c\x4c\x41\xf2\x61\xd5\x32\
\x92\x65\x13\xd4\x65\x0a\x41\xcc\x19\x23\x49\x9c\x70\x0b\xce\x33\
\x47\xd6\xeb\x23\x46\x55\x15\xb9\xc3\xce\xc4\x70\x45\xde\xc2\x77\
\xb7\x12\xcb\xed\xb1\x43\x4d\x03\x1e\x42\x08\x66\x7d\xf1\x0f\xba\
\x9f\x5c\x3f\x31\x9a\x56\x4e\x0c\x56\xad\x5a\xc5\xd5\x7f\xfa\x13\
\x00\x42\x89\x45\x75\x0e\x06\x13\x85\xc9\x56\x22\x41\xd6\x74\x74\
\xdc\x01\xd2\x60\xf0\x90\x21\x3c\xfe\xf8\xe3\xf4\xe8\xd9\xb3\xb9\
\x17\x76\x4c\xb1\x6d\x7b\x3e\x97\x5c\xf1\xa8\x69\xe9\x9f\x82\xe4\
\x2d\xd7\x0a\x32\x8d\xf0\xf2\xb7\x6c\x3d\xba\xd3\x71\x5e\xe4\xa1\
\xd9\x23\x31\xaa\xaa\xc8\xbf\xfa\x3a\xbc\x9b\xa2\xd7\x8b\x27\xb7\
\xe6\x99\x1f\x82\x0f\xb2\xb3\xa6\x36\x69\x1d\x78\x73\xf8\x10\x3f\
\x32\x1b\x30\x10\xfc\x60\x6d\x5c\x21\x1c\x61\xb5\x12\xff\xa7\x2b\
\xe9\x38\xe7\x1b\x32\x3e\x7c\xb7\xde\x9b\x3f\x80\x12\x17\x47\xfc\
\x9f\xa2\xd3\x56\xb2\x93\xe1\xe2\x4c\xcd\xbc\x25\xb1\x94\x92\xe7\
\x5e\xfa\x2a\x2a\xd7\x6a\xe5\xf8\xa1\x36\x43\xbd\x63\x8a\x44\x1a\
\x2e\xb4\xea\xe5\xf5\x6a\x39\xdc\x4a\x43\x11\x28\xb6\x6e\xa8\x31\
\xc3\x11\x6a\x1b\xd6\xac\x5e\xcd\x45\x63\xc6\xf0\xd4\x93\x4f\x52\
\x5d\xdd\x64\x07\xb4\x63\x9e\x67\x5f\xf8\x32\x64\xdd\xff\x68\x7f\
\x41\xd8\x9b\x3f\x40\x9b\x5b\x6e\x0c\xfb\xb3\xa1\x50\xe2\xe2\xc8\
\xf8\xf0\x5d\xac\x5d\x82\xeb\xb6\x84\x43\x3d\xf6\xb6\xa3\x13\x18\
\x1a\x99\xe6\x30\x00\xbe\x00\x4c\xbf\x41\xf3\xac\xe1\x75\xc5\xb3\
\xb4\x6f\x8f\x92\x68\x1e\xab\x53\x93\x12\x49\xba\x6b\x22\x9d\x97\
\x2d\x24\xf5\x99\x7f\x63\xeb\x69\x2e\xcb\x7b\x24\xde\x8d\x59\x94\
\x4c\xf9\x37\x55\x33\x67\xd1\xe6\xc6\x1b\x02\x61\x87\x28\x70\x83\
\x77\x57\xc8\x8a\x80\x1f\x7e\x5c\xcf\x9a\xb5\xdb\xa3\x72\xad\x56\
\x8e\x0f\x5c\x55\x01\xe9\xda\x4b\x07\x6b\x5c\x77\xa6\x06\xd2\x87\
\x5e\xbd\x12\xc3\x1f\xb9\x7c\x6a\x2b\x47\x23\x94\x38\xd4\x98\x61\
\x28\x8e\x5e\x18\x86\xc2\x9b\x6f\xbc\xc1\x39\xa3\x46\xf1\xd9\xa7\
\x9f\x62\xb4\xb6\xf1\x0e\xc9\xaa\x35\xd9\xfc\xf8\x93\x79\x48\xd7\
\x82\x64\xac\xef\x68\xc9\xde\xfa\xa2\xa6\xa4\x10\x7f\x85\x79\xfb\
\xf7\x48\x51\x93\x93\xc9\x9c\xfe\x1e\x96\xf4\x86\x57\xa8\x1d\x89\
\x8e\x60\x7e\x68\x03\x20\x9f\x26\xd0\xfe\x3f\x92\x26\x37\x00\xb2\
\xb3\xa6\x56\x11\xa2\x24\x70\xaf\x12\xc3\x66\xb5\xe1\x49\x37\xf6\
\xbe\xbd\x49\xba\x73\xe2\x51\xaf\x5b\xbb\x74\x26\xe5\xb1\x7f\xd2\
\x79\xd9\x4f\x24\xdf\x7f\x4f\xc8\xae\x81\x47\x52\xbd\x70\x11\xf9\
\xd7\xdd\xc8\xde\x4b\xae\xa0\xfc\xed\x69\xec\xbb\xfb\x5e\xdc\x4b\
\x96\x12\x7b\xee\xd9\x0d\x5e\x5f\x30\xda\x1b\xd5\x8c\xae\xa3\xe5\
\xe5\x13\xcf\x7c\x1a\xd2\x82\x6e\xe5\xc4\xc2\x55\x73\xfa\xb4\x59\
\xe1\xe1\x3f\xfa\x78\xe4\x2a\x1f\x16\x45\x62\x78\x36\xa3\xbb\xd7\
\x43\x98\x89\x54\xad\x84\x42\xa0\x58\x3b\xa2\xc6\x9e\x81\xb0\x66\
\x52\x5c\x5c\xcc\xa4\xbf\xfe\x95\x4b\x2e\xbe\x98\x9f\x97\x45\xaf\
\xfa\xe8\x78\x42\x4a\xc9\x93\xff\x09\x59\xf9\xcd\x18\x5f\x1e\xa9\
\x86\x27\xec\x6b\xb4\xb9\xf1\x7a\x44\x23\xb7\x64\xb6\x74\x68\x4f\
\xc6\xfb\xef\xa0\x44\x98\x08\xba\xd2\xd2\x96\x32\x11\x52\x66\x7a\
\x7a\x76\xd6\xd4\x26\xb7\x28\x9b\x4b\x55\xe4\x1d\xe0\x06\xb3\xc1\
\x79\xd6\x0c\x7a\xe9\x0d\x53\xf3\x73\x7d\xff\x03\x6d\x1f\xb8\x1f\
\xef\x86\x8d\xb8\x66\xcf\xc1\x39\x62\x04\x09\xd7\x8f\x23\xf6\x77\
\xe7\x42\x03\x92\x77\xa4\xd7\x4b\xe5\x97\x33\xa9\x78\x67\x1a\xbe\
\xec\xa3\x4f\xdf\xa5\xcf\xbe\x40\xe2\x84\x5b\x70\xcd\x5f\xd0\xa0\
\xf5\x99\x71\x9d\x37\x87\x05\xd6\x74\x7c\x26\xb6\xd8\xc6\xac\x1c\
\x66\x7e\xbb\x92\xcb\x2e\x8e\x8e\x0e\x41\x2b\xc7\x36\x25\x25\x01\
\xb1\xac\xe4\xb8\x80\x51\x78\xcd\x48\x8d\x5e\x1d\x0c\xee\x9e\x66\
\xa7\xa0\xac\x10\xad\xba\x1c\xd5\xd1\x17\xa1\xb6\xaa\x49\x46\x1d\
\x61\x43\x75\xf4\x45\x5a\x3b\x63\x78\x7f\x65\xcb\xe6\xcd\x5c\x3b\
\x6e\x1c\xc3\x86\x0d\xe3\xff\xee\xb9\x87\xd3\x4f\x0f\xaa\x73\x76\
\x42\xf2\xf5\x37\x2b\xd8\x18\xa2\xec\xcf\x29\x75\xae\xf5\x99\x8f\
\xd7\x85\x70\x3a\x49\xb8\x76\x2c\xfe\x5d\x39\xb8\x57\xae\x42\xdb\
\xb3\x17\xa3\xfa\xb7\x50\x82\xb0\xa8\x28\x31\x31\x08\xbb\x3d\xf0\
\x27\x36\x06\x61\xb1\xa0\x24\xc4\x23\x54\x0b\x22\x36\x06\xc5\xe1\
\x40\xd8\x6c\x88\xd8\xd8\xc0\xfb\xe3\xe3\x11\x16\x0b\xc2\x79\x78\
\x4e\x8d\xad\x67\x0f\x12\xc6\x5d\x43\xf9\xeb\x6f\x86\xbd\xde\xb9\
\x26\xe2\x6f\x87\xd0\xe4\xee\x7f\x68\xc6\x2e\x22\xdd\xfb\x4c\xd8\
\x01\x74\x0b\x36\xe6\x94\x3a\x1f\xb9\x96\xe2\x6c\xa0\xe8\x49\xe2\
\xf8\x9b\x68\xfb\xd0\xe4\x40\x55\x40\x03\xdd\xf4\x7a\x49\x09\x15\
\x1f\x7c\xc4\x81\x0f\x3f\x6e\xf2\x36\x91\xd3\xec\xdd\x98\x61\xd2\
\x23\x00\x20\x2d\x35\x91\xef\xbf\x9b\x82\xc3\xde\x9a\xf1\x7d\xa2\
\xf3\xe6\x1b\x6f\xf0\xd4\x93\x4f\xf2\xc6\x04\x2f\xe7\xf4\xfe\xed\
\xfb\x51\x51\x2d\xf8\xc7\xff\x6c\xcc\x59\x17\xa8\xec\x55\xac\x1d\
\x51\xec\x3d\x5a\x95\x03\x1b\x11\xa9\x15\x61\x78\xb7\x23\x8d\x40\
\x47\xb9\x61\xc3\x86\x71\xe7\x5d\x77\x31\xf2\x8c\x33\x4e\xe8\x8a\
\x01\xb7\xdb\xcb\xf9\x17\xff\x83\xa2\x22\xf3\xdc\x94\x1b\xbc\xbb\
\x18\x1b\x81\x01\xe0\x18\x3c\x88\xc4\x89\x13\xd8\x77\xfb\x9d\x48\
\x2d\xfa\xe2\x58\xc2\xe9\x44\x58\xad\x28\x71\x71\x08\x8b\x8a\x56\
\xbc\x3f\x6c\xa1\xb9\x12\x61\xe7\xfa\xb8\xe1\x48\xf3\xed\x76\x65\
\x76\xd6\xd4\x66\x39\xe1\x35\x67\x21\xf1\xd1\x8a\x0c\x35\xb8\x85\
\xca\x02\x4b\xc3\x93\x01\x0f\xfc\xef\x33\x0c\x57\x75\x83\x36\x7f\
\xdf\xb6\x6c\x8a\xff\xf6\x20\xb9\xc3\x47\x51\xf6\xe2\x2b\xcd\xd2\
\x23\xfa\x2a\xdf\xee\x90\x12\x98\xfb\x8a\xca\x79\xf3\xad\xd9\x4d\
\xb8\xa2\x56\x5a\x2a\x85\x85\x81\x2e\x76\x29\xf1\x87\x87\x85\xda\
\xc4\x48\x5e\xbc\xc9\xcb\x7f\xae\xf7\x91\x10\x03\x86\x7f\x0f\x9a\
\x6b\x09\xd2\x9f\xdf\x1c\xcb\x3c\x21\x10\x96\x54\xd4\xd8\x11\xa8\
\xce\x01\x08\x25\x96\x15\x2b\x56\x70\xc3\xf5\xd7\x73\xe1\xef\x7f\
\xcf\xa7\x33\x66\xe0\x6b\x86\x2e\x73\x2d\x81\xa9\xef\xcc\x0d\xb9\
\xf9\x27\x49\x1f\x97\x47\x98\xb3\xe2\x59\xb3\x96\xc2\xf1\xb7\x37\
\xca\xe6\x0f\x20\xdd\x6e\x8c\x03\x07\xd0\xf2\xf3\xf1\xef\xde\x13\
\x91\xca\xec\x5c\x6b\x46\xa8\xcd\x1f\x20\x7c\xd7\x42\x84\x34\xa7\
\x01\xf0\x41\xa8\xc1\x6f\x6d\x0d\x2f\x7f\x33\x2a\x2b\xeb\xad\xd9\
\x5f\xbd\x78\x09\x05\x37\xdc\xc2\x9e\xdf\x5f\xcc\x81\xff\x7e\xda\
\x2c\x2d\x21\x6b\x89\x95\x1a\xd7\x7b\x77\x85\x7c\xcf\x5b\xd3\xe6\
\xb2\x67\xef\xfe\x26\x5a\x51\x2b\x2d\x95\x1d\x3b\x76\x00\xd0\xa5\
\x5d\xf0\xbc\x90\x4b\x86\x68\xcc\x7d\xd0\xcd\x25\x43\x34\x90\x5e\
\x74\xcf\x46\xf4\xea\xe5\x48\xbd\x55\x5e\xba\xb1\x10\x96\x34\xd4\
\xd8\x91\x01\x43\x40\x4d\x64\xdb\xb6\x6d\x3c\x30\x69\x12\x23\x86\
\x0f\xe7\xc9\x7f\xff\x9b\xec\xec\xec\xe6\x5e\x62\x93\xb1\x7b\x4f\
\x31\x6f\x4d\x9b\x1b\xf2\x3d\x37\x7a\x77\xe2\x38\x41\x24\xad\x25\
\x82\xb9\xa1\x13\xdb\xab\x80\x19\x4d\xb4\x9c\xa3\x68\x52\x25\xc0\
\x43\xa9\x91\x06\x3e\x1d\x38\x39\xd8\x78\xb9\xb0\x31\x48\x2f\xa3\
\x9d\x34\xef\xee\x14\x0c\x7f\x4e\x2e\x6d\xfe\x7c\x7d\xd0\xb8\xbf\
\xf4\xf9\xa8\xfc\xec\x0b\x8a\xee\x7b\x80\x8a\xb7\xde\xc5\x9f\x1b\
\xbe\xf6\x74\xb4\x39\xc9\xa8\x62\x89\xb5\x1d\x15\x26\x89\x22\xba\
\x6e\xb0\x37\x6f\x3f\x17\x8f\x09\x59\x47\xda\xca\x71\xce\x73\xcf\
\x3e\x8b\x5d\x1c\x60\xe2\x68\x73\x8f\x91\xd3\x06\xa3\xfb\xeb\x8c\
\xe8\xa9\xb3\x25\x4f\xa1\xb8\xc2\x87\xf4\xe7\x23\xf5\x52\x84\xb0\
\x21\x94\xd6\x66\x37\xd1\x47\x20\x94\x38\x14\x6b\x07\x84\xa5\x1d\
\x48\x1d\xb7\xab\x98\x35\x6b\x56\x33\xfd\xc3\x0f\x59\xf8\xe3\x8f\
\xe8\x86\x41\x87\x0e\x1d\x70\x3a\x8f\x5f\xdd\x86\xfb\x27\xbf\xcb\
\xce\x5d\x85\xa6\xe3\xdd\xf5\x4a\xee\xf4\x66\x37\x5f\xec\xb9\x89\
\x59\x6e\x49\xe1\xbb\x10\xaa\xaf\x04\x92\xff\x42\x67\x4b\x36\x22\
\xcd\x66\x00\x00\xb4\x4d\x1d\x5c\x01\x8c\x33\x1b\xd7\x50\x18\xa9\
\x15\x37\x68\x4e\xa3\xbc\x02\x7b\xdf\x3e\xd8\xba\x75\x3d\xf8\x9a\
\x5e\x56\x4e\xc5\x5b\xef\xb0\xef\xee\xfb\xa8\x9a\x39\x0b\xbd\xa4\
\x61\x5d\x07\xcd\x50\x93\x93\x48\xba\xed\x56\x3c\x6b\x7e\x89\x58\
\x8d\x50\x01\x32\xa4\x87\x1f\xad\xe6\x25\x27\xbb\x72\xf6\xd1\xb7\
\x4f\x17\xba\x74\x8e\xbc\x2c\xa5\x95\x63\x8f\x6a\x97\x8b\xa7\x9f\
\x7a\x8a\x3e\x1d\x75\xae\x18\x56\xf7\x09\x2a\x33\x49\x72\xf5\x08\
\x8d\x93\xd2\x0d\xb6\xec\x55\xa9\x70\x79\x90\x5a\x01\x52\xdb\x87\
\x10\x16\x84\x1a\x4b\x33\xa6\x01\x1d\xb7\x08\xc5\x81\x62\x4d\x43\
\xb1\x75\x00\x61\x07\xe9\xa5\xb0\x70\x0f\x3f\x2e\x58\xc0\x5b\x6f\
\xbd\xc5\xe2\x45\x8b\x28\x2b\x2b\x23\x29\x29\x89\xe4\xe4\xe3\x27\
\x59\x73\xfe\x82\x75\xbc\xf6\x66\xe8\x36\xf6\x7f\xf7\x6c\x22\x55\
\x86\x9f\xf9\x7f\xac\xf1\x86\xbd\x3b\x05\xa1\x85\xba\x6e\x2f\x2d\
\x5a\x13\x5c\x9f\xb8\x09\x68\xd6\x6f\x7f\xf7\x3e\x13\x14\x60\x17\
\xd0\x29\xd8\xb8\x15\x83\x0f\xab\x96\xd1\xa6\x81\x2d\x22\x9d\x23\
\x4e\x27\xf3\xe3\x0f\x90\x9a\x4e\xd9\x8b\x2f\x53\xf1\xee\x7b\x81\
\xdc\x80\x28\x21\xec\x76\xda\xdc\x74\x03\x49\x77\xde\x8e\x51\xe5\
\x22\xf7\x8c\x73\x40\x8f\x8e\x4b\xeb\x5f\xce\xbe\xac\xb0\xa4\x98\
\x8e\xb7\xcf\x6c\xcb\x77\x5f\xfd\x13\xa7\xd3\x1e\x95\xeb\xb5\x72\
\xec\xb0\x64\xf1\x62\x6e\xb8\xfe\x7a\xfe\x7c\xb6\xc6\xdf\x2f\x6f\
\x58\xc8\x4a\x37\x60\xce\x3a\x95\xa9\xf3\xad\x6c\xcd\xab\x89\xfc\
\x09\x2b\x8a\x25\x1d\x61\x6d\x8f\x08\xa3\xf4\xb6\x95\xfa\x23\xf5\
\x0a\xa4\x96\x8f\xe1\x2f\x82\x43\x36\xc0\xcc\xcc\x4c\x06\x0f\x19\
\xc2\x69\xa7\x9d\xc6\xc0\x41\x83\x38\xe5\x94\x53\x50\xd5\x66\x3d\
\x97\x85\x85\xdb\xed\xe5\xc2\xcb\xfe\x15\xb2\x93\xe9\x59\x5a\x11\
\x93\xdd\x9b\x9a\x70\x55\xcd\x4b\x9e\x12\xc3\xf8\xd8\x90\xb9\x7d\
\x1b\xb2\xb3\xa6\xf6\x6f\xaa\xf5\x04\xa3\x59\x53\x84\xb3\xb3\xa6\
\x1a\xdd\xfb\x4c\x78\x0b\x78\x2c\xd8\xb8\x1f\x85\x6f\xad\xed\x19\
\xd7\xc0\x6c\x51\xf7\xb2\xe5\xf8\xb6\x6e\xc3\xb7\x75\x2b\x65\x2f\
\xbf\x16\x85\x95\xd6\x20\x04\x71\x97\x5c\x44\xdb\x07\xee\xc3\xd2\
\x3e\xe0\xd6\xa9\x78\xe7\xbd\xa8\x6d\xfe\x00\xb7\x7b\xb3\x59\x6b\
\x49\xc6\x6f\x92\x9e\x91\x97\x5f\xc2\x8b\xaf\x7e\xc3\xdf\xee\xff\
\x63\xd4\xae\xd9\xca\xb1\xc1\x9a\x35\x6b\x00\x18\xd0\xa5\xe1\xf7\
\x9b\xaa\xc0\x45\x83\x74\x2e\x1a\xa4\xb3\x72\xbb\xc2\xf4\x45\x56\
\x7e\xc8\x02\xcd\xbf\x07\xfc\x7b\x10\x4a\x0c\xc2\xd6\x05\xc5\xda\
\x31\xda\xcb\x6e\x05\x10\x6a\x1b\x84\xda\x06\xc5\x7e\x2a\xd2\xa8\
\x44\x6a\x45\x48\xad\x88\xfc\xfc\x7c\xf2\x67\xce\xe4\x9b\x99\x33\
\x01\x88\x89\x89\xa1\x47\x8f\x1e\x9c\xdc\xbd\x3b\x5d\xba\x74\xa1\
\x43\x87\x0e\xa4\x67\x64\x90\x9c\x9c\x4c\x52\x52\x12\x56\xab\x95\
\x84\x84\x84\x66\xfe\x69\x8e\xe6\x85\x57\x66\x86\xdc\xfc\x9d\x52\
\x67\x82\xe7\xc4\x12\x35\xfb\xc6\x1a\xd2\xf5\x0f\xf0\x72\x53\xac\
\x23\x14\x2d\xa1\x46\xe8\x6d\xe0\x9f\x98\xac\x65\x96\xad\x3d\x57\
\xf9\x76\x63\xa1\x61\x2e\xf6\xf2\x77\xdf\xc3\x31\x68\x60\x14\x96\
\x17\xc0\x71\xda\x60\x52\x1e\x9a\x8c\xbd\xff\x21\x6d\x7a\x0d\x83\
\x03\xff\x8b\x6e\xf8\x26\xdd\xf0\xf0\x27\xdf\x6e\x3e\xb6\x75\x31\
\x7d\xcf\xfb\x1f\xfe\xc0\x25\x17\x0d\xa5\xf7\xa9\x41\x1d\x27\xad\
\x1c\xa7\xac\x5a\xb5\x0a\x80\xa1\x27\x45\x16\x6e\x1a\x7a\xb2\xc1\
\xd0\x93\xbd\x94\xb9\x04\x9f\x2f\x57\xf9\x60\xd1\xff\x67\xef\xbc\
\xc3\xa3\xa8\xda\x36\xfe\x9b\x99\xed\xe9\x85\x00\x21\xf4\x26\x10\
\x40\x02\x08\x58\x40\xb1\xbc\xbe\x2a\x58\x40\x91\x22\x0a\x28\x0a\
\x82\x08\xd2\x8b\x28\x02\x4a\x51\x41\xb1\x05\x45\x44\x14\x10\xc5\
\x86\x8a\x8a\xf8\x0a\x48\xef\x84\x66\x80\x84\x96\x02\x24\x90\x64\
\xfb\xee\xcc\x7c\x7f\xec\x66\x43\x20\xbb\xa9\x84\xe8\xe7\x7d\x5d\
\xb9\x08\x3b\x67\xcf\x39\x9b\xdd\x9d\xe7\x39\x4f\xb9\x6f\x2d\x99\
\x17\xad\xa8\xce\x94\x7f\x1d\x80\x4a\x80\x20\x86\x20\xe8\x42\x40\
\xd7\x10\x54\x37\xaa\x7c\xd1\xfb\x73\x01\xab\x2d\x87\x3d\x7b\xf6\
\xb0\x67\xcf\x9e\x12\xcf\xa7\xd1\x68\x30\x18\x0a\x87\x99\xf3\x4b\
\xa0\x4c\x26\x13\x9a\xcb\x04\xce\x24\x49\xf2\x51\x4a\x03\x18\x0c\
\x06\x74\x3a\x1d\x41\xc1\xc1\x04\x99\x4c\x84\x85\x87\x13\x15\x15\
\x45\xad\x5a\xb5\xa8\x5b\xb7\x2e\xcd\x5b\xb4\x28\x34\xfe\x72\xec\
\x4f\x4a\xe5\x93\xa5\xbf\x05\xdc\x63\x1f\x67\x2a\x51\xa5\xac\xe7\
\xba\xfc\x05\x89\x61\xa1\x28\x17\x4b\xc7\x0f\x73\xad\x60\x13\x24\
\x7e\x0d\xcc\xfc\x77\x11\xf8\xbc\x92\xb6\xe3\x17\xd7\xdc\x01\x48\
\x4e\x4a\xcc\x68\x1c\x3f\xf8\x1b\xa0\xc8\x23\xed\x05\x41\xc7\x1f\
\xda\x18\x6e\x77\xf9\x2f\x2c\x29\x0a\xe6\x6f\xbf\x27\xfc\xa9\x81\
\x08\x5a\x2d\xaa\xab\x74\x29\x84\x4b\xa1\xad\x57\x97\xa8\xf1\x63\
\x08\xba\xfb\x4a\xfd\x22\xeb\xef\x7f\xe0\x4e\x0f\xcc\xe4\x57\x16\
\xf4\x72\x9c\x60\x9d\xa6\x06\x19\xa2\xa1\xc8\xeb\xb2\xa2\x30\xe5\
\xa5\xa5\xac\xfc\x7c\x3c\x92\xf4\xaf\x24\xec\xff\x07\xd8\x6c\x36\
\x76\xee\xd8\x4e\xe3\x9a\x0a\xd1\xa1\xe5\x67\x86\x54\x55\xd8\x78\
\x48\x62\xc9\x1f\x5a\x32\x73\x84\x52\x91\x65\xfd\x8b\x0a\x84\xa0\
\x41\xd0\x44\x23\x5c\x92\xf6\x53\x15\x1b\x28\x66\x54\xc5\x0a\xaa\
\x0d\x55\x71\x80\xea\x04\xd5\x85\x8a\x1b\x54\x05\x28\x88\x02\xb9\
\x65\x30\x5b\x6c\x9e\x37\x95\xc2\xd1\xa1\xbc\xbc\xbc\x72\x6f\x51\
\x92\x24\x12\x12\x12\xe8\xff\xf8\xe3\xdc\x7b\xdf\x7d\x85\xae\xc9\
\xb2\xc2\xc4\xa9\x9f\xfa\x95\xfa\x05\xa8\xab\x58\x78\xc0\x59\xbe\
\xb6\xbf\xb0\xc7\xfa\x60\xec\xd4\x91\x8c\x21\xc3\xcb\x35\x4f\x65\
\xe1\x17\x6d\x4d\xac\x81\x39\x38\x16\x57\xa6\xea\x9f\x3f\x5c\x73\
\x07\xc0\x8b\x37\xf1\xe3\x00\x00\x7c\xa3\x8d\x2b\xb5\x03\xa0\x3a\
\x1c\x5c\x7c\x3f\x11\x29\x3a\x0a\x77\x7a\xe9\x9e\x0b\x20\x86\x87\
\x11\xf9\xdc\xb3\x84\xf6\xef\xe7\x57\x22\x38\x77\xd9\x8a\x52\xcf\
\x5b\x12\xe8\x50\x18\xe6\x38\xc2\x64\xa3\xff\xf4\x50\xd2\xc1\x13\
\x24\x7e\xb4\x86\x21\x83\xef\xb9\x2a\x7b\xf8\x17\x55\x0b\x1b\x36\
\x6c\xc0\xe1\x70\x72\x47\xcb\xf2\xa7\x9b\x0e\x9f\x11\x79\x69\xa5\
\x8e\xdd\x29\x1e\xe7\xb1\x5b\xf7\xee\x6c\xdd\xb2\x95\xb3\xe7\xfe\
\x15\x15\xaa\x0a\x10\x44\x23\x88\xc6\xab\x5f\xa0\xa5\xca\x80\x0a\
\xb8\xbd\x74\xe3\x6e\xaf\x13\xe1\x69\x21\x55\x15\x07\x28\x66\x14\
\xf9\x22\xdb\xb7\x6f\x67\xfb\xf6\xed\x6c\xde\xb4\x89\xe9\x33\x67\
\xfa\xa6\x48\xfc\x68\x0d\x47\xfe\x3a\x1d\x70\x99\x61\xf6\xbf\xd0\
\x04\xd0\x3c\x29\x0e\x9a\xd8\x58\x22\xc7\x8d\x21\x73\xd8\x88\x32\
\xcf\x51\x99\x50\x10\xf8\xba\xf8\x48\xda\x35\x0f\xff\xc3\xb5\xe5\
\x01\xf0\x21\x39\x29\x71\x13\xb0\xc3\xdf\xf5\xa3\x52\x08\x49\x52\
\x78\xa9\xe7\xcd\xfb\xea\x9b\x52\x1b\x7f\x41\xab\x25\xfc\xa9\x81\
\xd4\x5d\xff\x1b\xa1\xfd\xfb\xe1\xd8\xb7\xbf\xc8\x71\xee\xf4\x0c\
\x2c\xbf\xff\x51\xea\x3d\x95\x14\x6d\xdd\xd9\xdc\xea\xca\x0c\x38\
\x66\xc1\xfb\x3f\xf0\xd7\xd1\x7f\x89\x5e\xfe\x3f\xe0\xbb\x6f\xbf\
\x05\xe0\xce\xd6\x65\x77\x00\xcc\x76\x81\x99\x5f\xeb\x78\x68\xae\
\x81\xdd\x29\x22\x6d\xda\xb4\x61\xd5\x37\xdf\x30\xff\xad\xb7\x90\
\x34\x12\x97\x9f\x1e\xff\x85\x17\xaa\x1b\xc5\x71\x08\xd9\xb2\x1e\
\xd9\xba\x15\xc5\x7e\x10\xc5\x75\xca\xa3\xc2\xf8\x77\xd6\x5e\x10\
\x24\x0f\x53\xa4\x60\x40\x10\x8d\x9e\xd4\x84\x14\x8a\x20\x45\x22\
\x68\x6a\x22\xea\xea\x21\x1a\xe2\x91\x82\x6e\x46\x32\x75\x40\x10\
\x8d\x7c\xfe\xf9\xe7\xec\xde\xbd\x1b\x80\x43\x87\x4f\xb1\xe0\xfd\
\xc0\x52\xbc\xff\x75\xa5\x11\x5f\x1e\xb5\x4a\x41\x20\x66\xd6\x0c\
\xc4\x20\x53\x91\xd4\xec\x55\x11\x7f\x6a\xaa\x91\xe9\x27\x7a\xeb\
\xc5\x9a\xe4\xa4\xc4\xe3\x95\xb5\x9f\x40\xa8\x12\x0e\x80\x17\x6f\
\x06\xba\xb8\x52\x77\x95\xf3\xdd\x82\x40\xf0\x3d\x77\x53\xfb\xb7\
\x35\x44\x4d\x1a\x8f\x75\xe3\x26\x4e\x75\xfd\x0f\xf2\xb9\xa2\xc9\
\x77\xf2\x56\xac\xac\xd0\xe2\xbf\xa2\xf0\xb4\xe3\x28\xc1\x01\x6e\
\x30\x2e\x97\x9b\xf1\x93\x16\x23\xcb\xff\xaa\x92\xfd\x93\x71\xf1\
\xe2\x45\x7e\xfd\xe5\x17\x1a\xd7\x54\x69\x11\x57\xb6\xf7\xfa\x8f\
\x83\x12\xf7\xbd\x6a\xe0\x93\xff\x69\x08\x0b\x8f\x60\xd6\xec\xd9\
\x7c\xb9\x6a\x15\xd7\x5f\x7f\x3d\xe0\x3d\xf8\xf9\xbb\x1d\xa8\x6e\
\x54\xc5\x52\xd4\x85\x7f\xbc\x0a\xa1\x2a\xe7\x20\x5b\xff\x44\x71\
\x9e\x44\x23\xb9\x11\xc9\x43\x71\x9d\xf2\x88\x2f\x59\xb7\xe2\x36\
\xff\x86\x6c\xf9\x03\xd9\xba\xdd\xe3\x18\x38\x53\x3d\x05\x7e\x8a\
\x19\x4a\x59\xb7\x54\x95\x21\x48\xe1\x88\xfa\xeb\x00\xd8\xb3\x7b\
\x37\x6e\xb7\xcc\xb8\xc9\x8b\x71\xb9\xfc\xdf\x9f\x22\x55\x27\x83\
\x1c\xc7\xca\xb5\x6e\xe8\xa3\x0f\xfb\x24\xdb\x4d\x5d\x3a\x97\x6b\
\xae\xca\xc2\x57\xba\x62\x4f\xff\xaf\x57\xc6\x3e\x4a\x82\xaa\x92\
\x02\x00\x0f\x1b\xd2\x1c\xa0\x48\x0a\xc0\x6d\x9a\x28\x52\xc5\x20\
\xea\x15\x79\x23\x2a\x1f\x0c\x09\x6d\x88\x9a\x34\x0e\x43\xdb\x04\
\xec\xbb\xf7\x70\x76\xd4\x18\xec\x3b\x76\xa1\xa9\x1e\xe3\x11\x13\
\xba\x1c\x57\xa1\xf8\xaf\x28\x84\xab\x4e\x06\x3b\x92\x79\xc3\xd0\
\xcc\xef\x98\xa4\x83\x27\x78\x6f\xe1\x8f\x0c\x7b\xe6\x3e\xbf\x63\
\xfe\xc5\xdf\x1b\xcb\x97\x2d\xc3\xe5\x72\xf1\x48\xa7\xd2\xd7\xb2\
\xe4\xda\x04\x66\xae\xd2\xf2\xf5\x36\xcf\x57\xbd\xd7\xa3\x8f\x32\
\x7e\xc2\x04\xc2\x2e\x53\x37\xcb\xcb\xcb\xf5\x9c\x08\x8b\x80\xec\
\x38\x84\xea\x4a\x43\xd4\x37\x41\xd4\x15\xf0\x6b\x28\x8e\xbf\x40\
\xf8\xe7\xea\x53\xa8\x72\x36\x8a\x6d\x17\xaa\x2a\x73\xff\x03\x0f\
\x30\x61\xe2\x44\x22\x22\x22\x48\x4e\x4e\xe6\xd0\xa1\x43\x1c\x3a\
\x78\x90\x43\x87\x0e\xf1\xd7\x91\xbf\xc8\xca\x3a\x5f\x34\xdb\xa2\
\xa0\x43\x10\xf4\x20\x1a\x10\x04\x03\x88\x06\x10\xf4\x08\x82\x0e\
\x04\x1d\x08\x5a\xef\xef\x55\xe9\x56\xec\x0f\x1e\x87\x46\x14\x45\
\xde\xfd\xe0\x47\x0e\x1f\x09\x1c\xfa\x1f\x6a\xff\x8b\xa0\x72\x44\
\x48\x34\xb1\xb1\x1e\x6d\x17\x2f\xa2\x5f\x9e\x82\x72\xe1\x02\xe6\
\x1f\xd7\x94\x79\xce\xab\x8d\x83\x52\x18\x47\xa4\x80\x5d\x1a\x49\
\xc9\x49\x89\x6b\x2b\x6b\x3f\xc5\xa1\xca\x7c\xea\x92\x93\x12\xdd\
\x8d\xe3\x07\xbf\x03\xcc\xf0\x37\x66\xa5\xae\x2e\x63\xec\x07\x4b\
\x3d\xb7\xa1\x5d\x02\x52\xb5\x6a\x58\x7e\x2a\x4c\x51\xa9\xad\x1d\
\x47\xe4\xb8\xd1\x04\xdf\x77\x0f\xae\x53\xa7\xc9\x1c\xf6\x3c\xe6\
\x1f\x7e\xca\x3f\x0e\x11\xda\xbb\x17\x14\xd1\x93\x7b\xb5\x8a\xff\
\x8a\xc2\x9d\xae\x0c\x36\x68\x62\xd8\xae\x89\xf2\x3b\xe6\x9d\xf7\
\x7e\xa0\xf3\x4d\xf1\xb4\x6a\x59\xaf\x52\xf6\xf4\x2f\x2a\x0f\x0e\
\x87\x83\x4f\x16\x7f\x4c\x88\x51\xa0\x67\xc7\xd2\xdd\x4c\xb7\x1f\
\x13\x79\xe1\x13\x3d\x99\x39\x02\xb5\xe3\xe2\x78\x6d\xce\x1c\x3a\
\x75\xea\xe4\x77\x7c\x51\x39\x67\xd5\x95\x7e\x89\x9e\x40\xc1\x77\
\x41\x75\x67\xa0\x38\x53\x91\x8c\x6d\x4b\xb5\xa7\xbf\x0b\x54\xc5\
\x8a\x62\xdf\x8d\x46\x23\x32\x67\xee\x1b\x74\xbf\xff\x7e\xdf\xb5\
\xe6\xcd\x9b\xd3\xbc\x79\x73\xe8\xd1\xc3\xf7\x98\xc5\x62\x21\x25\
\x25\x85\x94\x94\x14\x52\x53\x52\x48\x4d\x4d\xe5\xc4\x89\x13\xa4\
\xa7\xa5\x73\xf6\x6c\x26\xb2\x3b\xaf\x98\x2c\xb8\x78\x89\x33\xe0\
\x0d\xcd\xa3\x41\x10\x34\x5e\xc7\x4c\xe3\x7d\x4c\xf0\xfe\x5f\xf0\
\x5c\x43\x00\xa4\x22\x8a\x38\xc5\xa2\x1d\xba\xa2\x38\x55\x54\xd9\
\xe3\x94\x04\x36\x5c\xa8\x6e\x0f\x81\x9a\xde\x18\xc5\x7b\x6f\x06\
\x26\xfc\xb9\xd9\x7d\xae\xd4\x24\x6e\x85\xe0\x0d\xfd\xab\x16\x2b\
\x59\x6f\xbf\x8b\x20\x8a\x84\x3e\xd6\x87\xea\xef\xbe\x85\xe9\x8b\
\x2f\x39\x3f\x6d\x26\x8a\xd9\x5c\xf6\xf9\xaf\x12\xbe\x28\x3e\x52\
\x3d\xa7\x32\xf6\x51\x52\x54\x19\x07\xc0\x8b\x77\x81\x49\x80\xa9\
\xa8\x8b\xff\xd3\xc6\xf0\xb8\xf3\x78\xa9\x35\xa4\x5d\xc7\x53\xa9\
\xf1\xfe\x02\x94\x0b\x17\xb1\x6d\xd9\x8a\x14\x15\x45\xf8\xd0\xc1\
\x84\xf5\xef\x87\x6a\xb3\x91\x35\xe3\x35\x72\x16\x7f\x5a\xa8\x5b\
\x40\xd0\x48\x84\xf4\xee\x55\xe4\x7c\x57\xab\xf8\xcf\x1f\x86\xdb\
\x8f\xf0\x74\x50\x07\x6c\xfe\x4e\x68\x8a\xc2\xe8\x09\x8b\xf8\xf6\
\xcb\xc9\x18\x0d\x01\x35\xa7\xff\xc5\xdf\x0c\x9f\x2e\x59\x42\x66\
\xe6\x59\x86\xdc\xe5\xc2\x54\x42\xee\x27\x59\x81\x77\x7e\xd6\xf2\
\xde\xcf\x5a\x14\x15\x1e\xeb\xdf\x9f\xf1\x13\x26\x04\xa4\xa0\xb5\
\x59\xad\xe8\x24\x70\x2b\x79\x08\x62\x08\xe0\x35\x82\x8e\x02\xe2\
\x16\x41\x0a\xf6\x3e\x9e\x8b\x62\xf7\xd4\xc6\xfc\x53\x69\x85\x55\
\x47\x12\xa8\x32\xef\xbd\xff\x21\x5d\x6f\xbf\xbd\xd8\xf1\x41\x41\
\x41\xc4\xc7\xc7\x13\x1f\x1f\x7f\xc5\x35\x45\x51\x38\x7f\xfe\x3c\
\x67\xce\x9c\x21\x3d\x2d\x8d\xcc\xcc\x4c\xce\x9f\x3f\xcf\xc5\x8b\
\x17\xc9\xce\xca\xe2\xdc\xf9\xf3\x5c\xc8\xce\x26\x2b\x2b\x8b\xdc\
\xdc\xdc\xc2\xfb\xa8\xb0\x57\x14\x18\x92\xa1\x25\x04\x70\x00\x54\
\xc5\x8a\xe2\x4e\xa3\x46\x8d\x9a\x2c\x5c\xbc\x05\x39\x00\xf3\x69\
\xa8\xea\x62\x98\xfd\x48\xb9\xf6\x13\x74\xe7\xed\x68\xea\xd6\xe1\
\xf4\xfd\x3d\x7c\x75\x5c\x17\x17\x2e\x22\xfc\xe9\x27\x89\x78\x7e\
\x38\xc6\x5b\x6e\xe2\xdc\xd8\x49\x58\x37\x6c\x2c\xd7\x3a\x15\x89\
\x14\x31\x38\x20\x89\x1b\x90\x06\x2c\xaf\xa4\xed\x94\x08\x55\xae\
\xf7\xa7\x71\xfc\xe0\xd7\x81\x51\xfe\xae\x77\x77\x9e\x66\x88\xa3\
\xf4\xe2\x1a\x11\xc3\x87\x12\xf9\xc2\xf3\xb8\x4e\x9d\x46\x53\xb3\
\x26\x82\x24\x92\xfb\xf9\x72\xb2\xe6\xbc\x51\x64\x6f\x69\xd0\xdd\
\x77\x51\xe3\xfd\x05\x57\x3c\xee\x4e\xcf\xa8\x50\xe6\xbf\x92\x62\
\x8d\x36\x96\xf9\x86\xa6\x01\xc7\xf4\xea\x79\x0b\xaf\x4c\xed\x57\
\x49\x3b\xfa\x17\x57\x1b\xd9\xd9\xd9\xdc\x7e\xdb\xad\x08\xee\x3c\
\x7e\x9d\x62\x25\xd4\x58\xbc\x39\x38\x9f\x27\x30\x72\xb1\x9e\x6d\
\x47\x45\x22\x22\xc2\x99\x33\xf7\xf5\x62\x0d\x98\xd3\xe9\xe4\xba\
\x26\x4d\x00\x10\x0d\xf1\x88\xda\x5a\x80\x8a\x6c\xdd\x8a\x2a\xe7\
\x20\x08\x9e\xa0\x98\x26\xb8\x0b\x20\x22\x5b\x37\xa3\x7a\x9d\x70\
\x4d\xc8\x5d\x5c\x7a\x1b\x51\x5c\x67\x10\xc4\x20\x84\x32\x14\xed\
\x56\x15\xa8\x72\x16\xb2\x75\x07\x7d\xfb\xf6\xe5\x95\x19\x7e\x03\
\x92\x57\x0d\x79\x79\x79\x98\xcd\xe6\xc2\x3f\x79\x79\x58\xac\x56\
\xdc\x2e\x17\x56\x9b\x0d\xd9\xed\xc6\x6a\xb5\xa2\x28\x0a\xe6\xcb\
\x4e\xc2\x2e\x97\x0b\x9b\xf5\xca\x0e\x33\x9d\x5e\x8f\xc1\x50\x50\
\x9c\x26\x08\x02\xdf\x7c\xfd\x35\xd9\xd9\xd9\x48\x41\x9d\x3d\xdd\
\x07\x45\x42\x41\xb6\x6e\x43\x95\x73\xb8\xe1\xc6\x07\xd9\xb5\x3f\
\x70\xf7\xda\x64\x5b\x52\xf9\x4e\xff\x5e\x88\xc1\xc1\x45\x9e\xf2\
\xf5\xcd\x9b\x11\x33\x6f\x2e\xba\x26\x8d\xc9\x5d\xfa\x39\x59\xaf\
\xce\xae\x50\xa6\xd7\xb2\xe2\x55\x63\x0b\xd6\x6b\x62\x02\x0d\x99\
\x90\x9c\x94\xf8\x5a\x65\xed\xa7\x24\xa8\x6a\x11\x00\xf0\x14\x03\
\x3e\x87\x9f\xbd\xad\xd1\xc5\xd2\xcb\x79\x82\x48\xb5\x74\x54\xa8\
\x17\x3f\xfc\x98\xb0\xc7\xfa\xa2\xad\x1d\x87\xea\x76\x93\x31\x78\
\x28\x96\x5f\xfd\x93\x57\x84\xf5\x2b\x5a\xa2\xa0\xa4\xc5\x7f\x61\
\x8f\xf7\x23\xf7\xf3\x15\xe5\xe2\x20\xb8\x14\xff\x71\xa5\xb1\x59\
\x13\xcd\xb6\x00\xa9\x80\x15\x5f\x6e\xe0\xc6\x4e\xcd\xf8\xef\x5d\
\xff\xcc\xb0\xec\xff\x37\xcc\x98\x3e\x9d\x9c\x9c\x5c\x5e\xec\xe9\
\x2c\x91\xf1\x3f\x70\x5a\x64\xe8\x42\x3d\x19\x17\x05\x3a\xdd\xd8\
\x89\x37\xde\x9c\x47\xf5\xea\xc5\xeb\x46\x98\xcd\x66\x04\xbc\xa7\
\x4d\xaf\xb6\xbd\xe2\x48\x46\x95\x73\xe8\xd8\x44\x26\xf5\xac\x48\
\x66\x8e\x16\x04\x1d\xb2\x75\x87\xcf\xf8\x8b\xa2\x8e\x42\xc6\xdf\
\x71\x14\xc5\x79\x0c\x01\x01\x29\xa8\xb3\x27\xdf\xfd\x37\x84\xe2\
\x4d\x79\x6c\xda\xb4\x89\x77\xdf\x79\x87\xee\xf7\xdf\x4f\x5c\x5c\
\x5c\xa5\xad\x1f\x12\x12\x42\x48\x48\xc8\x55\x5f\x27\x2d\x2d\x8d\
\xc5\x1f\x7f\xec\xed\x00\xf0\x1f\x1d\x92\xed\x49\xa8\x72\x0e\xcd\
\xe3\xdb\x14\x6b\xfc\x6f\x73\x65\x56\x88\xf1\x07\xfc\x86\xf8\x1d\
\x07\x0f\x71\xba\xdb\x43\x44\x8e\x1e\x49\xf8\x93\x03\x30\xdd\xda\
\x85\xb3\xa3\xc7\x63\xdb\xb2\xb5\x42\xd6\x2d\x0b\xd2\x44\x23\x1b\
\x02\x1b\x7f\x33\xf0\x7e\x25\x6d\xa7\xc4\xa8\x4a\x5d\x00\x00\x24\
\x27\x25\x9e\x06\x96\xfa\xbb\xee\x44\x64\xa5\xae\x6e\xa9\xe7\x55\
\x6d\x36\xb2\x5f\x9f\x07\x40\xce\xe2\x4f\x03\x1a\x7f\x6d\xfd\x7a\
\x18\x6f\xbe\xf1\xca\x0b\xa5\x28\xfe\x13\x83\x83\x09\xed\xd7\xbb\
\xd4\xfb\xf4\x07\x01\x78\xde\x7e\x98\xd0\x62\x74\x11\x26\x4f\xfd\
\x94\xd3\x67\xfe\x95\x0d\xfe\xbb\x63\xd3\x9f\x7f\xf2\xf5\xaa\x55\
\xb4\xac\xa3\xd0\xfb\xe6\xe2\x73\xff\xeb\x0f\x4a\xf4\x9d\x6f\x20\
\xe3\xa2\xc0\xe0\xa7\x9f\x66\xc9\xa7\x4b\x4b\x64\xfc\x01\xce\x9f\
\x3b\xe7\x0b\x35\xab\x72\x1e\xaa\x9c\x85\xe2\x4c\x21\xcc\xa4\x32\
\xad\x97\x93\x8c\x8b\x02\x88\x41\x28\xf6\x43\xa8\xf2\x05\x12\x1a\
\x78\xc2\xbf\xaa\x90\x6f\x34\x54\x14\x7b\x12\x8a\xd3\x5b\xf1\x2d\
\x1a\xfe\xb6\xc6\x1f\x40\xd4\xc4\x20\x48\x91\xa4\xa4\xa4\x30\x77\
\xce\x1c\x3a\xdf\x7c\x33\x3d\x7b\xf4\xe0\xb3\xa5\x4b\xc9\xaa\x20\
\x21\xb1\xaa\x80\x25\x9f\x7c\x82\xa2\x28\x08\x1a\xff\xd2\xeb\x8a\
\xfd\x20\xaa\x2b\x9d\x5a\xb5\x6a\x73\x2a\x33\x20\xb3\x1d\xd1\xaa\
\x83\xa1\x8e\xbf\x2a\x7a\x9b\x45\x42\x75\x38\xc8\x9a\xf1\x1a\x69\
\x8f\x3e\x06\x02\xc4\x2e\x5b\x42\xf4\x8b\x93\x10\xae\x91\xd2\xe2\
\x0a\x5d\xdd\xe2\xd2\x35\xef\x26\x27\x25\x56\x39\xa2\x8d\x2a\xe7\
\x00\x78\x31\x2b\xd0\xc5\x1f\x75\xb1\x64\xfb\x91\xcd\x0d\x84\xdc\
\x2f\x57\xe1\xfc\x2b\x19\xf7\xe9\xc0\xd5\xab\xfe\x0c\x77\x69\x8a\
\xff\xac\x1b\x37\x11\x31\xfc\x59\xc4\x00\x14\x9a\xa5\x45\x84\xea\
\x64\xa4\xfd\x70\xc0\x31\x79\x66\x1b\xa3\xc6\x7e\x14\xb0\x3d\xe7\
\x5f\x54\x6d\xd8\x6c\x36\x26\x4e\x98\x80\x24\xc2\xcb\xbd\x9c\x88\
\xc5\x24\xea\x7e\xd8\x25\x31\xe4\x43\x3d\x2e\x45\x62\xf6\xdc\xb9\
\x8c\x9f\x30\xa1\x54\x82\x32\x97\xea\xd5\x0b\x6a\x41\x7e\x7f\x66\
\x1f\x27\x36\x87\x67\x71\x55\xb1\xa0\xb8\x4e\x13\x1b\xa1\xf2\xfc\
\x3d\x5e\x27\x54\x30\x80\x2a\x23\xdb\x76\xa1\xb8\x0a\x04\xcd\x02\
\x19\x94\xbf\x03\x04\x4d\x75\x24\x53\x7b\x34\xc1\x5d\x10\xf5\x4d\
\x10\xc4\x60\x76\xed\xdc\xc9\x94\xc9\x93\xe9\xd0\xbe\x3d\x0f\xf7\
\xec\xc9\x07\xef\xbf\xcf\xf1\xe3\x55\xa2\x95\xbb\x4c\x38\x79\xe2\
\x84\xe7\xf4\x2f\x48\x1e\xd5\xc2\x2b\xa0\x22\xdb\xf7\xa3\xb8\x4e\
\x11\x13\x53\x9d\xe0\xa8\x1b\xb1\xd9\xfd\xe7\xfd\x05\x60\xac\xed\
\x60\xc0\xb6\xe5\xab\x01\xdb\xd6\x6d\x9c\xfa\x4f\x37\xf2\xbe\x5c\
\x45\xd8\xc0\xc7\xa9\xfd\xd3\x77\x18\xda\x26\x54\xea\x1e\xce\x8a\
\x06\xd6\x05\xa6\xfd\xb5\x53\x85\x5a\xff\x2e\x45\x95\x74\x00\x92\
\x93\x12\x0f\x03\xdf\xf8\xbb\x5e\xd6\x28\x00\xb2\x4c\xd6\xac\xb9\
\x01\x35\x02\x04\x83\x81\xd0\x9e\x0f\x15\x79\xad\x34\xc5\x7f\x62\
\x48\x30\x52\x64\x04\xe1\xcf\x3c\x55\xea\x6d\x06\x42\x47\xf7\x79\
\xee\x76\x05\x76\x42\xf6\xec\x3b\xce\xac\xd7\xbf\xaa\xd0\x75\x2b\
\x1b\x59\x59\x59\x6c\xde\xbc\x99\x0b\xd9\xfe\x05\x46\xfe\xa9\x78\
\x65\xda\x34\x4e\x9e\x3c\xc9\x63\x9d\xdd\xc5\xf6\xfd\xff\xbc\x47\
\x62\xf4\x12\x3d\x1a\x8d\x8e\x45\x1f\x2f\xa6\x67\xcf\xd2\x8b\x44\
\xa5\xa4\xa4\xf8\x7e\x57\x14\x37\xaa\xe2\xe0\xd1\x9b\xdc\xdc\xd1\
\x52\x26\xf5\x9c\xd7\xfb\x50\xdd\xe8\x34\xb0\xe0\x49\x07\xb9\x36\
\xef\x60\x41\x44\xb6\x6d\x43\x75\x9f\xa7\x75\x5d\x85\xd8\x08\xcf\
\x19\x48\xd0\xd6\xbc\x6c\x05\x15\xd5\x7d\xce\xdb\x1b\xff\x37\x82\
\x60\x40\xd4\xd5\x47\x0a\xba\x09\x29\xe8\x46\x44\x5d\x3d\x54\x0c\
\xec\xdc\xb1\x83\x59\xaf\xbd\xc6\x1d\x5d\xbb\x72\xfb\x6d\xb7\xf1\
\xea\xcc\x99\xfc\xb9\x71\x23\x36\x9b\xad\xf8\x39\xab\x00\x5c\x2e\
\x17\xa3\x46\x8d\xc2\xe9\x74\x22\xe8\xea\x7b\x1c\xb9\xdc\xfe\xac\
\x33\x00\x00\x20\x00\x49\x44\x41\x54\x4b\xe1\x75\xea\x54\x57\x1a\
\x35\x6a\xd4\xa0\xe3\x2d\x7d\x38\x96\x12\xf8\xf0\xda\xd3\x79\x92\
\x96\xe5\x21\xfc\x29\x07\x14\xb3\x99\xb3\x63\x26\x90\xf1\xd4\x50\
\xc4\xd0\x50\x6a\xad\xfc\x9c\xa8\x89\xe3\x10\xf4\x95\xa3\x98\xfa\
\xa9\xae\x3e\xee\xc0\xe5\x74\x1f\x26\x27\x25\x9e\xad\x94\xcd\x94\
\x12\x55\xb1\x06\x20\x1f\x2f\x03\x0f\xf8\xbb\xf8\xa3\x2e\x96\x87\
\xcb\x50\x0b\x60\xfd\xed\x77\x82\xba\xde\x0a\xa2\x08\x45\x54\xb2\
\x06\xdf\x77\x0f\x62\xd8\x95\xd2\xa8\xa5\x62\xfe\x93\x24\xc2\x07\
\x3e\x01\x40\xd8\xa0\x01\xe4\x7c\xfa\x19\xf2\xd9\x8a\xc9\x8b\x01\
\x3c\xed\x48\xe6\x80\x14\xc6\x29\xb1\xc8\x66\x09\x00\x96\x7c\xb6\
\x8e\x84\xeb\x1b\x72\xcf\xdd\xed\x2a\x6c\xdd\xca\xc2\xa6\x3f\xff\
\xe4\x85\x51\xa3\xc8\xcc\xf4\x30\x21\x9a\x4c\x26\x6a\xc5\xc5\x51\
\xbb\x76\x6d\x6a\xd6\xac\x49\x6c\x6c\x2c\x31\xd5\xab\x53\xa3\x7a\
\x75\x6a\xd4\xac\x49\xb5\x6a\xd5\xaa\xa4\x42\x5a\x59\xf0\xe3\x0f\
\x3f\xb0\x7c\xd9\x32\x1a\xd5\x50\x19\x79\x5f\xe0\xcf\xf6\xb6\xa3\
\x12\xa3\x96\xe8\xd1\xe9\x74\x2c\xfa\x64\x09\x1d\x3b\x76\x2c\xd3\
\x9a\xc7\x8e\x79\x42\xf7\xa2\x00\x8a\x0a\x0d\xaa\x2b\x8c\x7f\xc0\
\xb3\xf6\xf1\xcc\x82\x33\xc2\xcb\x8f\x38\x69\x11\xa7\xb0\xf9\x88\
\xa7\xf7\x5f\xf5\x3a\xa2\x77\xb4\x94\x79\xf2\x0e\x17\x8f\xbe\x69\
\xf0\xb0\xc9\x79\x3b\x03\x54\xc5\x82\xea\x3a\x83\xea\x4e\x43\x55\
\x1c\x18\x0c\x35\x70\x8b\xd7\x54\xfd\xb4\x48\xa8\x8a\xd5\x57\xbb\
\x20\x68\x63\x11\xa4\xc8\x2b\xc6\x08\x62\x08\x82\xbe\x29\xe8\x9b\
\x5e\xa2\xe6\x77\x8e\x94\x94\x14\x16\x26\x26\xb2\x30\x31\x11\x9d\
\x4e\x47\x9b\x36\x6d\xe8\xd8\xa9\x13\x37\xdd\x74\x13\xad\xaf\xbf\
\x1e\xad\xb6\x6a\xf1\x24\xc8\xb2\xcc\x98\xd1\xa3\xd9\xb5\x73\xa7\
\x47\x9d\xf0\x12\x5e\x07\xf0\xe8\x10\x28\xb6\x5d\xa8\x8a\x99\x06\
\x0d\x1b\xd2\xaf\xff\x28\x66\xce\xfd\x2e\xe0\x9c\x4d\xe4\x5c\xfa\
\x3b\xae\x7d\x34\xc4\xf2\xeb\x5a\xec\x3b\x77\x51\x6d\xd6\x0c\xc2\
\x07\x0f\x22\xe8\x8e\xae\x64\x3e\xff\x02\x8e\x7d\x49\x57\x6d\xcd\
\x34\xd1\xc8\x3a\x6d\xc0\x54\x9b\x9b\x2a\xd6\xfa\x77\x29\xaa\x5c\
\x17\xc0\xa5\x68\x1c\x3f\xf8\x5b\xa0\xbb\xbf\xeb\x0f\x38\x4f\xf3\
\x74\x19\x3a\x02\x02\x21\xee\xdb\x2f\x0b\x2b\xfe\x79\x71\x61\xde\
\xdb\x64\xcf\x2b\x9e\xbe\x59\x5b\x3b\x8e\x6a\xaf\x4e\x2f\x54\x43\
\x90\xbb\xf4\x73\xce\x4d\x7e\xa9\x22\xb7\x49\xaa\x18\xc4\x88\xa0\
\x76\x38\x03\x04\x71\x8c\x46\x3d\xab\x96\x4f\xa0\x61\x83\xcb\x4f\
\x64\x55\x13\x2e\x97\x8b\xd7\xe7\xce\xf5\xdd\x4c\x7b\xf7\xe9\xc3\
\xd9\xb3\x67\x3d\x7d\xd5\x27\x4e\x60\xb5\xf8\x27\x81\xd2\x6a\xb5\
\x44\x45\x45\x51\x2d\x26\x86\xc8\x88\x08\xa2\xa3\xa3\x89\xae\x56\
\x8d\xb0\xb0\x30\x42\xc3\xc2\x08\x0b\x0d\x25\x2c\x2c\xcc\xf3\x13\
\x1e\xee\xfb\xbd\x2a\xe1\xd4\xa9\x53\x74\xbb\xf7\x1e\xec\xd6\x3c\
\xbe\x7a\xc1\x4e\x93\x58\xff\xa7\xff\xcc\x1c\x81\x6e\xaf\x19\x31\
\x3b\x24\x3e\xfa\xf8\x63\x3a\x77\x2e\x3b\x4b\x5a\xcf\x87\x1e\x62\
\xd7\xae\x5d\xdc\xd6\x42\x66\xc3\x61\x89\x95\xa3\xec\x34\xf7\x46\
\x1e\xc6\x7c\xaa\xe3\xbb\x1d\x1a\x7a\xdf\xec\xe6\xa5\x87\x3d\x4e\
\xc1\x8b\x2b\x74\xac\xd8\xe4\x39\x3b\x3c\xd6\xd9\xcd\x84\x07\x9d\
\xcc\x5c\xa5\x63\xe9\x06\x0d\xa2\xae\x01\x88\x26\x54\xd7\x69\x0f\
\x55\xae\x17\x82\xa0\x43\xd0\x37\x46\xd4\x56\x5e\x31\x5d\x49\xa0\
\xb8\x4e\xa2\x3a\x8e\xa0\xaa\x05\x7f\x6b\x41\x34\x22\x68\x62\x3d\
\xce\x40\x00\x27\x1b\x00\xd5\x8e\xe2\x3e\xe7\xe9\x91\x57\x2e\xa0\
\x2a\x05\x4e\x9b\xc1\x60\xa0\x65\xab\x56\xb4\x6e\xdd\x9a\x56\xad\
\x5b\xd3\xba\x75\x6b\x6a\xd7\xbe\x76\x6a\x8b\x56\x8b\x85\x51\x23\
\x47\xf2\xcb\x2f\xbf\x20\x4a\x46\x44\x63\x07\x10\x0a\x4e\xc9\x1e\
\xe2\xa3\x3d\xa8\xaa\x8b\x1b\x6e\xb8\x81\x51\x63\x5e\x62\xd0\x90\
\x77\x71\x38\xfc\xd7\x1d\x99\x54\x37\x0b\xac\x3b\xa8\xa9\x54\xad\
\xe8\x47\xc8\x23\x3d\x89\x9e\x3a\x09\xd1\x60\xe0\xc2\xfb\x0b\xb9\
\x30\x7f\x01\xa8\x2a\xba\xc6\x8d\x30\xb4\x4b\x20\xa4\x67\x0f\xce\
\xf4\xe8\x55\xee\x22\xed\xd7\x0d\xcd\x58\x1b\x38\xfc\xbf\x38\x39\
\x29\x71\x40\xb9\x16\xb9\x8a\xa8\xca\x11\x00\xf0\xc8\x04\xfb\x75\
\x00\x56\xeb\x62\x79\xd0\x75\xaa\xd4\xbc\x00\xfe\xa0\x8f\x6f\x51\
\xa4\xf1\x2f\x49\xf1\x9f\x18\x1a\x4a\xc4\xb3\xcf\x10\x36\xf0\x71\
\x14\xb3\x85\xac\xd7\xe6\x60\x5b\xbf\x11\x5d\x8b\xe6\x44\x4f\x1e\
\xcf\xc5\x8f\x16\xe3\x4a\x49\xad\x90\x7d\x02\xd4\x53\x2c\x0c\xb6\
\x1f\x65\x81\xa1\x89\xdf\x31\x36\x9b\x83\xa1\x23\xde\xe3\xcb\x65\
\x13\x08\x09\xbe\x36\xc5\x31\x25\xc5\xf1\xe3\xc7\x19\x31\x7c\x38\
\x07\x0e\x1c\xe0\xba\xeb\xae\x63\xfe\xdb\x6f\xd3\xb8\x71\xe3\x42\
\x63\xb2\xb3\xb3\x49\x3b\x73\x86\x33\x69\x69\x64\xa4\xa7\x93\x96\
\x96\x46\x7a\x5a\x1a\xe7\xcf\x9f\xe7\xdc\xb9\x73\x64\x65\x65\xb1\
\x7f\xdf\xbe\x52\xad\x6b\x0a\x0a\xc2\x68\x30\x60\x34\x1a\x09\x09\
\x09\xc1\x68\x32\x61\x34\x1a\x31\x19\x8d\x84\x84\x86\x62\x34\x18\
\xd0\x79\x43\x89\x46\xa3\xd1\x77\xa2\x33\x99\x4c\x48\x5e\x91\xa8\
\xe0\xa0\x20\x44\x3f\x39\x77\x8b\xd9\x1c\xb0\x67\x3a\x1f\x4e\xa7\
\x93\xc5\x8b\x16\x91\x9b\x9b\xc7\x8b\x3d\x9d\x01\x8d\x3f\xc0\xac\
\x6f\x74\xe4\x58\xe1\x85\xd1\x23\xcb\x65\xfc\x01\xd2\x33\x3c\x7d\
\xd6\xbd\x6f\x76\x93\xd0\x40\xf1\x19\x7f\x80\xbf\xd2\x45\x12\x1a\
\x28\x4c\x7a\xa8\xc0\xb0\x9d\x3c\xef\x39\x37\x8c\x7b\xc0\xc5\xc0\
\xdb\x5c\x38\x5c\xf0\xdd\x4e\xcf\xeb\x57\x9c\x97\x9f\x04\x05\x44\
\x5d\x5d\x44\x5d\xc3\x2a\xc7\x76\xe7\xa1\xf4\x3d\x84\xc1\x60\x60\
\xe4\xa8\x51\x34\x69\xda\x94\x55\x5f\x7e\xc9\xcf\x3f\xff\x82\xd3\
\x79\x0c\x9c\xc7\x10\xa4\x70\x04\x6d\x2c\xa2\xa6\x46\xd1\xac\x87\
\x82\xc1\x23\xa1\xac\xad\x0d\xa8\xa8\x8a\x19\xd5\x9d\x85\x2a\x67\
\xe3\x70\x5c\x60\xfb\xb6\x6d\x6c\xdf\xb6\xcd\x37\x3c\x22\x32\x92\
\xd6\xad\x5b\xd3\xb4\x69\x53\x1a\x36\x6a\x44\x93\xc6\x8d\x69\xd4\
\xa8\x11\xa6\x0a\xac\x15\x2a\x0a\xbb\x76\xed\xe2\x85\x51\xa3\x38\
\x91\x9a\x8a\x20\x05\x21\x1a\xda\x15\x32\xfe\x8a\x33\xd5\xc3\xec\
\x88\x4a\xff\xc7\x1f\x67\xd8\xf0\x91\x3c\xd2\x6f\x4e\x40\xe3\x0f\
\x30\xd2\x7e\xb8\x4a\x18\x7f\x31\x24\x04\xa9\x5a\x34\x52\x74\x14\
\x9a\x98\x18\x44\x83\x1e\xfb\x96\x6d\x98\x6e\xbf\x8d\x88\x67\x9f\
\x21\xb4\xcf\xa3\x48\xa1\x21\x3e\x62\xb7\xec\xd9\xaf\x97\xdb\xf8\
\x9f\x14\x83\x4a\x72\xfa\x9f\x5a\xae\x45\xae\x32\xaa\x74\x04\x00\
\x8a\x8f\x02\xdc\xe5\x4a\x2f\xb6\x30\xae\xa4\xa8\x36\x6b\x06\xa1\
\xbd\x1e\xbe\xe2\x71\xeb\x6f\xbf\x93\x3e\xe8\xe9\x22\x9f\x23\x68\
\x34\x84\xf6\xeb\x4d\xc4\x88\xe1\x88\xc1\x41\xe4\x7c\xbc\x84\x0b\
\x0b\xde\x43\xb9\x84\xd0\xc3\x74\x6b\x67\x42\x1e\xee\x41\xe6\xb3\
\x15\xaf\x66\x55\x82\xde\x53\x6e\xed\xdc\x92\xf7\xdf\x7e\x16\xb1\
\xb8\x6a\xb2\x6b\x84\x15\xcb\x97\xf3\xca\xb4\x69\x58\xad\x56\x9e\
\x18\x30\x80\xf1\x13\x26\xa0\xd3\x95\x8d\xd0\xc8\xe5\x72\x91\x95\
\x95\xc5\xd9\xcc\x4c\x2e\x5c\xbc\x48\xce\xc5\x8b\xe4\xe4\xe4\x70\
\xf1\x92\x7f\xf3\x7f\x6c\x56\x2b\x79\x79\x79\x58\xad\x56\xec\x76\
\x3b\xd6\x22\x7a\xa7\x2b\x1b\xff\x6d\x23\xf3\xe6\xe3\x8e\x80\xea\
\xbc\x47\x33\x44\xee\x7b\xcd\x40\xcd\x9a\x35\xf9\xfd\x8f\xf5\xe5\
\x0e\x33\xb7\x68\x76\x1d\xaa\x6c\x67\xef\x1c\x2b\xb2\x02\xf9\x0a\
\xd3\xb2\x02\xf7\xbe\x6a\x60\xd9\xf3\x0e\x22\x82\x0a\x6a\x9c\xef\
\x7d\xd5\xc0\xd0\xff\xb8\xb8\x37\xc1\xd3\x0e\xfb\xf3\x5e\x89\xe7\
\x16\x5d\x99\x6f\x15\xa4\x30\x44\x43\x0b\x1f\xb1\x50\x95\x82\xea\
\x44\xb6\xac\x47\xa3\x11\x59\xfe\xc5\x17\xb4\x69\x53\x50\x17\x94\
\x97\x97\xc7\xea\xef\xbf\xe7\xab\xaf\xbe\x62\xd7\xce\x9d\x9e\x07\
\x05\x01\x41\x8a\x42\xd4\xd4\x44\xd0\xc4\x94\xd0\x99\x51\x3d\x69\
\x10\x39\x07\xe4\x1c\x54\x25\x07\x55\xc9\xf3\x31\x8d\x5e\x8a\x9a\
\x35\x6b\xd2\xa8\x51\x23\xea\xd4\xa9\x43\xad\xb8\x38\x62\x63\x63\
\x89\x8d\x8d\xa5\x56\x5c\x1c\x31\x31\x31\xa5\x2a\xea\xbc\x14\xa9\
\x29\x29\xbc\xf1\xfa\xeb\xac\x5e\xbd\xda\xf3\x32\x34\xd5\x3c\xa4\
\x3f\xf9\xce\x8c\xea\x42\xb6\xef\x47\x75\x9f\x43\xa7\xd7\x33\x73\
\xe6\x4c\xee\x7f\xe0\x41\x06\x3c\x3d\x9f\x2d\x5b\x03\xdf\x57\xbb\
\xb9\xce\x30\xd4\x7e\xf5\xaa\xfe\xc5\xb0\x30\x8f\x41\x8f\x8e\xf6\
\x19\x77\x29\x26\x06\x29\x32\x12\x4d\x75\xcf\xbf\x52\x4c\x35\xa4\
\xe8\x28\x84\x52\x7c\x07\x9c\x87\x0e\x73\xba\xdb\x83\xa8\xee\xf2\
\x71\xb9\xcc\x34\xb6\x28\xae\xf5\x2f\x31\x39\x29\xb1\x68\xc3\x51\
\x45\x50\x35\x2d\xc2\x25\x68\x1c\x3f\xf8\x7a\x60\xb7\xbf\xeb\x22\
\x2a\xef\x5b\xb6\x51\x5b\x29\xdf\xcd\x5b\x0c\x09\xa1\xde\xb6\x8d\
\x45\xb6\x91\x64\x3c\xf9\x0c\x96\xb5\xeb\xae\x78\x3c\xe8\x3f\x77\
\x12\x35\x7e\x0c\xda\xfa\xf5\x30\xaf\xfe\x91\xec\x59\x73\x71\x9d\
\x2a\xba\xc3\x40\x5b\xaf\x2e\xae\xd4\x13\xe5\xda\x63\x51\xb0\x09\
\x12\x23\x4c\xed\x02\xd6\x03\x00\x3c\xfd\xe4\x7f\x79\x61\x84\xdf\
\x92\x8a\x6b\x82\x8b\x17\x2f\x32\x71\xc2\x04\xd6\xfc\xf4\x13\x91\
\x91\x91\xcc\x7d\xe3\x0d\x6e\xbd\xf5\xd6\x6b\xba\x27\xb3\xd9\x8c\
\xcd\x66\xc3\x66\xb3\x61\x36\x9b\xb1\xdb\xed\x38\x9d\x9e\xd3\xaf\
\xc3\xe1\xc0\xe1\x70\x04\xfc\x1d\xc0\x68\x30\xa0\x2d\x85\x03\xf3\
\xed\x37\xdf\xf0\xe7\xc6\x8d\x34\xab\xa5\xb0\xec\x79\x3b\xc6\x62\
\x9e\x3a\xf7\x7b\x2d\x0b\xd7\x7a\x6e\x78\x21\x21\x21\x24\x24\x24\
\xd0\xae\x7d\x7b\x6e\xbc\xe9\x26\x5a\xb7\x6e\x8d\x28\x96\xbc\xb6\
\xd7\x62\xb1\xd0\xb2\x45\x0b\x9a\xc7\x29\x7c\x3d\xa6\x70\x24\x2d\
\x33\x47\xc0\x62\x17\x68\x50\xbd\x70\x34\x62\xdb\x51\x89\x1b\x1a\
\x15\xdc\x3c\x67\xac\xd2\x91\x7a\x4e\x60\x4f\x8a\x48\xae\x4d\x40\
\x10\x44\x04\x5d\x23\x44\x5d\x3d\xaa\xea\x2d\x46\x71\x9d\x46\xb1\
\x1f\xa0\x6f\xbf\x7e\xbc\x32\x7d\xba\xdf\x71\xa9\x29\x29\x7c\xfb\
\xed\xb7\x7c\xff\xdd\x77\xbe\xaa\x7f\x41\x90\x40\x8a\x46\xd4\xd6\
\x40\x90\xaa\xf9\xd5\x50\xf0\xb3\xb2\xa7\xd5\x52\x31\x83\x62\xf6\
\x38\x08\x8a\x19\x02\x9c\xa2\x25\x49\x22\x32\x32\x92\xf0\xf0\x70\
\xc2\x23\x22\x88\x8c\x88\x20\x3c\x22\x82\x70\x6f\x2a\x4b\xa7\xd7\
\xa3\xd3\x6a\x31\x18\x8d\x68\x24\x09\x53\x50\x10\x16\xb3\x99\xaf\
\xbf\xfe\x9a\x3f\x37\x6e\x44\x55\x55\x04\x41\xeb\x4d\xc1\x14\xa4\
\x20\x54\xf9\x22\x8a\x7d\x2f\xaa\x62\x27\xae\x76\x6d\xde\x7d\xef\
\x3d\xe2\xe3\xe3\x99\x36\x73\x39\x4b\x97\xfd\x1e\xf0\x55\x34\x95\
\x73\x99\x63\xdd\x8d\xb6\x8c\x82\x47\x62\x58\x18\xa6\x5b\x6e\xaa\
\x30\xa3\x5e\x62\xc8\x32\xa7\x1f\x78\x18\xc7\xfe\xf2\xd5\x05\x24\
\x4b\x21\x3c\x67\x0a\x58\x5f\xe5\x06\x1a\x26\x27\x25\x9e\x2c\xd7\
\x42\x57\x19\x55\xf3\xdb\x79\x19\x1a\xc7\x0f\x5e\x09\xf8\x2d\x6f\
\xbe\xc9\x7d\x8e\xc9\xb6\xf2\xbd\xa1\x61\x03\xfa\x13\x3d\x75\xf2\
\x15\x8f\x17\xc5\xfc\xa7\x6f\x15\x4f\xf4\xe4\x89\x18\x6e\x68\x87\
\x7d\xf7\x1e\xb2\x5e\x79\x15\xfb\x2e\xbf\x3e\xca\x55\xc7\x49\x31\
\x88\x11\xa6\xb6\xd8\x8b\xb9\x11\xbd\x3e\x6b\x10\xdd\xee\xb9\xa1\
\x92\x76\x15\x18\x9b\x37\x6f\xe6\x85\x91\x23\xc9\xc8\xc8\xa0\x4b\
\x97\x2e\xcc\x79\xfd\x75\xa2\xa3\x03\xd2\x68\xfe\x23\x31\x7b\xd6\
\x2c\xde\x7f\xef\x3d\x6a\x46\xa8\x7c\x31\xd2\x4e\x4c\x58\xf1\x84\
\x3f\x0f\xce\x31\x70\xf0\xb4\x48\x87\x0e\x1d\x38\x78\xf0\x20\x79\
\x79\x79\xbe\x6b\xd1\xd1\xd1\xdc\xd6\xb5\x2b\xdd\xbb\x77\xa7\xd3\
\x8d\x37\x16\xeb\x0c\x6c\xde\xbc\x99\xbe\xbd\x7b\xd3\xa3\x83\x9b\
\x99\x7d\x4a\x57\x50\x9b\x8f\xa4\x93\x22\x23\x16\xeb\x39\x9d\x25\
\x20\x48\xa1\x88\x86\xd6\xc5\xe7\xce\xaf\x31\x14\xc7\x11\x14\x67\
\x2a\x9d\x3a\x75\x62\xc6\xcc\x99\xd4\xab\x5f\xbf\xd8\xe7\x24\x25\
\x25\xb1\xfa\xfb\xef\xf9\xfe\xbb\xef\x48\xf7\xb6\x03\x7b\x9c\x81\
\x28\x44\x4d\x75\x04\x4d\xb5\xb2\x8b\x23\xa9\xb2\x47\x71\x51\xb5\
\x79\x88\x96\xae\xf8\xb7\x6c\xef\x0d\x82\x84\xa8\x8d\xf3\xa6\x60\
\xf2\xf7\xa6\xa2\x38\x8f\xa3\x38\x8e\x01\x2a\xdd\xba\x77\x67\xfa\
\x8c\x19\x84\x84\x84\xb0\xe2\xcb\x0d\x4c\x79\xd9\x2f\x0d\x0b\x00\
\x61\xaa\x8b\xb7\x2d\xdb\xa9\xa6\x3a\x02\x8e\x0b\x84\x88\x61\x43\
\x88\x1c\x3d\xb2\xcc\xcf\x2f\x2b\x2e\x7e\xf0\x21\x59\xaf\xce\x2e\
\xf7\x3c\xe3\x4d\xd7\xb3\x57\x8a\x08\x34\x64\x41\x72\x52\xe2\xf0\
\x72\x2f\x74\x95\xf1\x77\x71\x00\xae\x03\x0e\x10\xa0\x6d\x71\x9e\
\x75\x27\x4d\xe5\x5c\x7f\x97\x03\x43\x10\xa8\xfd\xeb\x8f\xe8\x1a\
\x35\xbc\xe2\xd2\xa5\xc5\x7f\x9a\x5a\xb5\x88\x1a\x33\x92\xe0\x07\
\xba\xe3\x3e\x7d\x86\xac\xd7\xe6\x14\x12\x0f\xba\x96\x58\xaf\x89\
\xe1\x55\x63\x8b\x80\x63\x74\x3a\x0d\x4b\x3e\x1c\x45\x42\x9b\x2b\
\x5f\x67\x65\xc1\xed\x76\xf3\xc6\xeb\xaf\xf3\xc1\xfb\xef\xa3\xd1\
\x68\x18\x37\x7e\x3c\x03\x06\x0e\x44\x28\x22\xe6\xbd\x68\xd1\x22\
\xac\x16\x0b\xd5\xaa\x55\xa3\x7a\x8d\x1a\xd4\xa8\x51\x83\x6a\xd5\
\xaa\x11\x15\xe5\x9f\x0d\xf1\xef\x84\x7c\xe3\x1f\x11\x0c\xcb\x46\
\xd8\xa9\x1f\x53\xfc\x69\x4a\x56\xa0\xf5\x68\x13\x51\xd5\x6a\xb0\
\x69\xcb\x16\x14\x45\xe1\x68\x72\x32\x5b\xb6\x6c\xe1\x7f\xbf\xff\
\xce\xa6\x4d\x9b\x7c\x11\x8b\x9a\x35\x6b\xf2\x48\xaf\x5e\x3c\xd6\
\xbf\x3f\x91\x91\x57\x56\xb6\x03\xcc\x9f\x37\x8f\xf9\xf3\xe6\xf1\
\x62\x4f\x27\x7d\x6f\x29\x7d\x0f\xf7\x17\x9b\x35\xbc\xbc\x52\x87\
\x5b\xc6\x93\xeb\xd7\x37\xa1\x8a\x76\x17\x17\x82\x2a\x67\x23\xdb\
\x93\x40\xb1\xa1\xd1\x68\xe8\xff\xf8\xe3\x0c\x7f\xee\xb9\x12\x15\
\x86\xaa\xaa\xca\x8e\xed\xdb\xf9\xe1\x87\x1f\xf8\xf9\xe7\x9f\xc9\
\xf4\xd6\x50\xe4\xa7\x09\x04\x4d\x0c\xa2\xa6\xda\x95\xed\x75\xe5\
\xdb\x31\xa8\x2e\x54\xd5\xe5\x11\xf4\x51\x5d\xa8\xaa\x13\x54\x37\
\x20\x83\xaa\xe0\x51\xeb\x53\x3c\xce\x04\x0a\x82\x18\xe4\x39\xf1\
\x5f\xe2\x94\xa8\x8a\x0d\xc5\xbe\x0f\x55\xbe\x88\xc9\x64\xe2\x95\
\xe9\xd3\x79\xf0\x21\x4f\xdb\xf3\xe6\xad\x87\x19\xf4\xcc\x5b\xb8\
\x03\x84\xc6\x05\x54\x5e\xb5\xee\xa5\xb5\x7c\xa1\x7c\x2f\x47\x14\
\x09\x1f\xf4\x04\x91\x63\x46\x21\x94\x31\xdd\x57\x5a\xb8\x52\x4f\
\x70\xea\xbf\xdd\x51\xcb\xd9\xae\xb9\x43\x13\xc9\x14\x63\xc0\x6e\
\x16\x3b\x50\x3f\x39\x29\x31\xa3\x5c\x0b\x55\x02\xfe\x16\x0e\x00\
\x40\xe3\xf8\xc1\x1f\x01\x03\xfd\x5d\x6f\x2e\xe7\x30\xd7\xba\xab\
\x4c\x2f\xc8\xd8\xb1\x03\xb1\xcb\x3f\xbd\xf2\x82\xa2\x70\xe2\xa6\
\xdb\x50\xcc\x66\x22\x86\x3e\x4d\xd8\xc0\xc7\x51\x9d\x4e\x2e\x2c\
\x78\x8f\x9c\x8f\x97\xa0\x3a\xcb\xe8\x95\x5f\x25\x2c\xd2\x37\x64\
\x65\x31\x6a\x54\x91\x11\x21\x7c\xb9\x6c\x3c\x71\xb5\x2a\xff\xb4\
\x7d\x22\x35\x95\xe7\x9e\x7b\x8e\xfd\xfb\xf6\xd1\xb0\x61\x43\xde\
\x5a\xb0\x80\x66\xcd\xfc\x4b\x1d\x77\x68\xdf\x9e\x73\xe7\xae\x6c\
\x9f\xd4\x68\x34\x44\x47\x47\x13\x19\x19\x79\x45\x55\x7f\x7e\xd5\
\xbf\xc1\x60\x20\x24\x24\x04\xbd\x5e\x8f\x5e\xaf\x27\x34\x34\x14\
\x9d\x4e\x87\xc1\x60\x20\x38\x38\x18\xbd\x5e\x1f\x50\x1c\xe7\x6a\
\x42\x76\xbb\x99\x3c\x79\x32\x2b\x96\x2f\x27\x22\x18\x96\x3c\x1b\
\xb8\xe2\xff\x52\x64\x9b\x05\x3a\x4d\x32\xd2\xae\x7d\x7b\xbe\x58\
\xb9\xf2\x8a\xeb\x36\x9b\x8d\x75\xbf\xfd\xc6\xaa\x55\xab\x58\xff\
\xc7\x1f\xc8\xb2\x8c\x5e\xaf\xe7\x91\x5e\xbd\x18\x36\x7c\x38\xd5\
\xaa\x55\x2b\x34\xbe\x4f\xef\xde\x6c\xd9\xbc\x99\x55\xa3\xed\xb4\
\xa8\x5d\xf2\x70\xae\xac\xc0\x6b\xdf\xe8\x58\xf2\x87\x47\xb1\x4e\
\x34\xb4\xf2\x9c\x80\xab\x22\x54\x37\x8a\x3b\xdd\x53\xd0\x57\xa8\
\x1e\x41\x46\x71\x9e\xf4\x14\x2e\xaa\x6e\xc2\xc2\xc2\x18\x39\x6a\
\x14\x7d\xfb\xf6\xf5\x15\x78\x16\x3b\xb5\xaa\xb2\x67\xcf\x1e\x7e\
\x5e\xb3\x86\x35\x3f\xfd\xc4\xc9\x93\x05\x11\x5f\x41\x0a\x45\x90\
\xaa\x21\x68\xaa\x79\x95\xf6\xae\xed\xed\x56\x71\x9d\x46\x75\x1e\
\x41\x55\xdc\xb4\x6b\xdf\x9e\xb9\x73\xe7\x52\xa7\xae\x87\x4f\xe5\
\xe8\xb1\x74\x7a\xf5\x9b\x45\x9e\x39\xb0\x71\x7c\xd2\x71\x94\x1e\
\xce\x53\x15\xb6\x27\x5d\xe3\x46\xc4\xbc\x31\x1b\x7d\xcb\x2b\x45\
\x94\x2a\x1a\x69\xbd\xfb\x63\xdb\xbc\xa5\x5c\x73\xa8\x08\x3c\x1b\
\xd4\x8e\x14\x31\x38\xd0\xb0\xb9\xc9\x49\x89\x63\xca\xb5\x50\x25\
\xe1\xef\xe4\x00\xd4\x01\x92\x01\xbf\xee\xe2\x44\xdb\x01\x6e\x71\
\x97\x9e\x6f\x21\xf8\xbe\x7b\xa8\xbe\x60\xde\x15\x8f\x5b\xff\x58\
\x8f\x75\xed\xef\x44\x8c\x7c\x0e\x29\x2c\x94\x9c\xcf\x96\x73\x61\
\xde\x5b\xc8\xd9\xe5\xf4\x7e\xaf\x12\x14\x04\xa6\x1a\x5b\xb2\x23\
\x80\x5e\x00\x40\xc3\x06\x35\x59\xfe\xe9\x58\xc2\x42\x2b\x2f\x4c\
\xfb\xe5\xca\x95\xbc\x34\x75\x2a\x56\xab\x95\x3e\x7d\xfa\x30\x69\
\xca\x94\x62\x0d\xf0\xd1\xa3\x47\x7d\x95\xfe\xe9\xe9\xe9\xa4\x9d\
\x39\x43\x5a\x7a\x3a\xe9\x69\x69\xa4\xa5\xa5\x15\xca\xbb\x97\x15\
\xa6\xa0\x20\xf4\x3a\x1d\x26\x93\x09\x41\x10\x7c\x1c\xec\x92\x24\
\x11\xe4\xad\xcc\x0e\x0a\x0e\x46\x12\x45\xdf\xbf\x0d\x1b\x35\xe2\
\x99\x21\x43\xfc\xce\x39\x62\xf8\x70\x0e\x1f\x39\x42\x9c\x97\xbb\
\xa0\x76\xed\xda\xc4\xc5\xc5\x51\x2b\x2e\x8e\xa0\xa0\x20\x26\x4f\
\x9a\xc4\xe6\x4d\x9b\xa8\x11\xae\xf2\xe1\x33\x0e\x1a\xd7\x2c\xb9\
\xe1\x3d\x93\x2d\xd0\xf5\x65\x23\x37\xde\x74\x13\x4b\x3f\xfb\x2c\
\xe0\xd8\xb3\x67\xcf\xb2\xe4\x93\x4f\xf8\x6c\xe9\x52\x72\x72\x72\
\x30\x99\x4c\x0c\x19\x3a\x94\xa7\x9f\x79\x06\x8d\x46\x83\xaa\xaa\
\xb4\x69\xd5\x0a\x97\x23\x8f\x9d\xb3\xac\xbe\xe2\xbf\xe2\x60\x77\
\xc1\xe8\x25\x7a\x7e\xdd\x27\x79\x4e\x99\xc6\x36\x55\x52\x15\x50\
\x55\x2c\x1e\x7a\x62\x77\x26\xaa\xaa\x20\x88\x3a\x44\x43\x9b\x2b\
\x85\x8a\x54\xa7\x47\xc7\xc0\x75\x1a\x50\x69\xd0\xb0\x21\x63\xc7\
\x8d\xe3\xae\xbb\xee\x2a\xf5\x9a\x87\x0e\x1d\xe2\x97\x9f\x7f\xe6\
\xb7\xb5\x6b\x49\x4a\x2a\x48\x4b\x0a\xa2\x1e\x41\x8a\x46\xd0\x44\
\x23\x48\x51\x65\x4f\x15\x94\x05\x8a\x1d\xd9\x91\x84\xea\xce\x42\
\xa7\xd3\x33\x76\xfc\x38\x9e\x78\xe2\x09\x5f\x7a\xe8\x7c\x56\x2e\
\x0f\xf7\x79\x8d\x33\x69\x81\x69\x8e\x6f\x77\x65\x30\xda\x7e\xa8\
\xc2\xb7\x27\x68\x34\x44\x0c\x1b\x42\xc4\xf0\xa1\x45\xca\xaf\x07\
\x82\x62\xb1\x22\x9f\x3d\x8b\x9c\x9d\x8d\x7c\xf6\x1c\x72\x76\x36\
\xee\x73\xe7\x91\xcf\x67\x21\x67\x65\xf9\x1e\x93\xcf\x9e\x43\x09\
\xd0\x46\x5c\x52\xfc\xa6\xad\xc1\x5c\x83\xff\x43\x0b\x70\x11\xcf\
\xe9\xbf\xca\xd1\xfe\x16\x85\xbf\x8d\x03\x00\xd0\x38\x7e\xf0\x9b\
\xc0\xf3\xfe\xae\xd7\x50\xec\x24\x5a\xb6\x96\xbe\x30\x45\x10\x88\
\xfb\xe1\x1b\xf4\xcd\x0b\xbf\xb1\xaa\xdb\x8d\xa0\xd1\x60\x59\xbb\
\x8e\xac\x99\xb3\x70\x1d\x4f\xf1\x33\x41\xd5\x81\x45\xd0\x30\xc2\
\xd4\x96\x33\xc5\xe4\x60\xdb\x26\x34\x62\x71\xe2\xf3\xe8\xf5\x57\
\xf7\x46\x94\x93\x93\xc3\xa4\x89\x13\xf9\xf1\x87\x1f\x08\x0f\x0f\
\xe7\xd5\x59\xb3\xf8\xcf\x7f\xfe\x53\x21\x73\xdb\xed\x76\x2e\x5e\
\xb8\x40\xf6\x85\x0b\x5c\xc8\xce\x2e\x5c\xe1\xef\x2d\xe4\xcb\xcb\
\xcb\xc3\xe1\x70\x60\xf7\xfe\xae\x28\x8a\x2f\x67\x7e\x69\xf1\x5e\
\x5e\x5e\x1e\x6e\xaf\xc2\x5a\x71\x48\x48\x48\xe0\xcb\x55\xab\xfc\
\x5e\xef\xdb\xbb\x37\xdb\xb6\x6d\x43\x2e\x42\x34\x2a\x5f\x59\xaf\
\x45\x9c\xc2\x7b\x83\x1d\x54\x2f\x41\xce\xff\x52\x5c\xb0\x08\x74\
\x9c\x68\xa4\x6d\xbb\x76\xac\xfc\xb2\x64\xba\x14\x56\x8b\x85\x85\
\x0b\x17\xb2\x30\x31\x11\xab\xd5\x4a\xb3\x66\xcd\x78\x73\xde\x3c\
\xdc\xb2\xcc\x7d\xf7\xdc\xc3\xad\x2d\x64\x3e\x18\x5c\x32\x67\xca\
\xe6\x84\xa7\x13\xf5\x6c\x4d\x96\x10\xa4\x08\x24\x63\x9b\xca\x35\
\x66\x25\xc4\xa5\x6d\x6d\x91\x91\x91\xdc\x79\xd7\x5d\x7c\xbd\x6a\
\x15\x2e\x97\x8c\x68\x88\x47\xd0\x5c\xd9\xbb\xad\x2a\x16\x14\xc7\
\x11\x54\xaf\x98\xcd\xf5\xd7\x5f\xcf\x98\xb1\x63\xe9\x74\x63\x11\
\xba\x20\x25\x40\x66\x66\x26\xbf\xaf\x5b\xc7\xba\x75\xeb\xd8\xb8\
\x71\x23\x76\x5f\xe8\x59\xf0\x46\x07\xa2\x11\x34\x51\x5e\x87\xe4\
\xea\xdc\x8a\x2f\x3d\xf5\x27\xb4\x6d\xcb\xac\xd9\xb3\x69\xd8\xb0\
\x20\x05\x68\xb5\x3a\xe8\x37\xe0\x75\x92\x0e\x06\x2e\x50\x2e\x6f\
\xd1\x5f\x49\xa0\x6f\x15\x4f\xf5\x37\xe7\xa2\x6d\xd8\x00\x00\x77\
\x5a\x1a\xf6\x5d\x7b\x3c\xc6\xfc\x9c\xd7\xb8\x9f\x3d\x87\x92\x95\
\x6f\xe4\xcf\xa3\x56\xc0\x21\xa0\xa4\xb0\x0b\x12\x4f\x06\x75\x20\
\x4b\x08\xc8\x30\x38\x26\x39\x29\x71\x6e\x65\xed\xa9\xbc\xf8\xbb\
\x39\x00\x91\x40\x0a\xe0\x97\xf6\xed\x49\xc7\x31\x7a\x38\x4b\x5f\
\x78\x69\xea\xd2\x99\x9a\x9f\x7c\x58\xe8\x31\xc7\xc1\x43\x64\xbd\
\xf2\x6a\xb9\xc3\x46\x00\xda\x06\xf5\x09\xba\xed\x56\xa4\x1a\xd5\
\x51\x2c\x16\x5c\xc7\x8e\x63\xdb\xb2\x0d\xb9\x88\x10\x77\x79\x71\
\x46\x34\xf1\xbc\xa9\x2d\xe6\x62\x5a\x95\xfe\x73\x67\x02\xf3\xe6\
\x3e\x85\x54\x8a\xaa\xf1\xd2\x60\xeb\xd6\xad\x8c\x7c\xfe\x79\x32\
\xd2\xd3\xe9\xd4\xa9\x13\xaf\xbf\xf9\x26\x35\x6a\x04\x16\x14\xa9\
\x0a\xb0\x5a\xad\x38\x9d\x4e\xcc\x66\x33\x4e\xa7\x13\xbb\xdd\xee\
\x93\x61\x55\x15\x05\x9d\x4e\x47\x7c\xcb\x96\xe8\x03\x50\x8d\xca\
\x6e\x37\x19\x99\x99\x9c\x39\x73\x86\x4d\x7f\xfe\xc9\xf7\xdf\x7f\
\x4f\x8a\xb7\x8a\xbc\x47\x47\x37\x2f\xf6\x74\x62\x28\x83\xdd\x94\
\x15\x68\x35\xda\x44\x6c\xad\x3a\xfc\x6f\xfd\xfa\x52\x3d\x37\x33\
\x33\x93\xa9\x53\xa6\xf0\xcb\x2f\xbf\x60\x34\x1a\xe9\xda\xb5\x2b\
\x3f\xfc\xf0\x03\x53\x7a\x3a\xe9\x57\x82\xfc\xbf\x4b\x86\x41\xef\
\x79\x8d\xbf\xa6\x1a\x92\xa1\x75\x29\x2b\xe0\x2b\x07\x9e\x02\xb7\
\x64\x74\x3a\x9d\x2f\xe2\x61\x30\x78\x28\x7c\x07\x0d\x1a\x44\x6e\
\x4e\x0e\xa2\xbe\x91\xa7\x30\xae\x08\xa8\x72\xb6\x57\x0d\xd1\x73\
\x88\xeb\x74\xe3\x8d\x8c\x1e\x33\xa6\x50\xab\x60\x69\xe1\x70\x38\
\xd8\xb2\x65\x0b\x1b\xd6\xaf\x67\xe3\xc6\x8d\xfc\x75\xe4\x88\xef\
\x9a\x20\x68\x40\x8a\x40\xf0\xfd\x84\x51\xde\x5b\xb3\xaa\x58\x51\
\x1c\x07\x3d\x04\x45\x78\x9c\xd6\xa7\x9e\x7e\x1a\x93\xc9\x84\xc9\
\x68\xf4\xf2\x5d\x98\x98\xfc\xf2\xe7\x6c\xdf\x71\x3c\xe0\xfb\x18\
\xad\x3a\x78\xcb\xb2\x83\x88\xb2\x16\x22\x96\x02\x82\x5e\x4f\xd4\
\xb8\x17\x08\x1b\xf0\xb8\x47\xf0\x67\xf6\xeb\xe4\x7c\xbc\xa4\x4a\
\xd4\x59\x7d\xaa\xaf\xcf\xe7\xba\x7a\x81\x86\x9c\x06\x1a\x27\x27\
\x25\x56\x0c\x31\x4d\x25\xe0\x6f\xe5\x00\x00\x34\x8e\x1f\x3c\x8a\
\x00\xc2\x0a\x41\xaa\x9b\x0f\x2d\x5b\x09\x2f\xc3\x87\x35\x76\xc5\
\x52\x8c\x1d\x3c\x55\xf2\x39\x1f\x2f\xe1\xfc\x2b\x33\x8b\xa4\x0b\
\x2e\x0d\x34\xb5\x6a\x11\x35\x71\x2c\xc1\xf7\xfe\xf7\x8a\x6b\xaa\
\xdb\x4d\xde\xca\x55\x1e\x3d\xeb\xdc\x32\x16\x30\xfa\xc1\x7e\x29\
\x9c\x89\xa6\xeb\x8b\xe3\xa8\xa6\x6f\xef\x5b\x99\x3a\xb1\xe2\x54\
\x0b\xc1\x63\xfc\xe6\xcd\x9b\xc7\x7b\xef\xbe\x8b\x20\x8a\xbc\xf0\
\xc2\x0b\x0c\x7e\xfa\x69\xbf\x15\xe9\xb2\xdb\xcd\xf6\x1d\x3b\x08\
\x0d\x0d\xf5\xb5\x31\xe5\xe7\xee\x83\x2e\x21\xdc\xb9\x96\x38\x7e\
\xfc\x38\x8b\x3f\xfe\x98\xf5\xff\x5b\x47\x5a\x7a\x06\x6e\xb7\x8c\
\x24\x8a\x44\x45\x45\x12\x57\xbb\x0e\x35\x63\x63\x89\x89\x89\x21\
\x3c\x3c\x1c\x93\xc9\x44\x5e\x5e\x1e\x67\xcf\x9e\x65\xfb\xb6\x6d\
\x3e\xaa\xdd\xd8\x08\x95\xc9\x3d\x9c\xdc\xde\x32\x70\xff\xb1\xaa\
\xc2\xd1\x4c\x91\xec\x3c\x81\xd8\x48\x85\xda\x51\x85\x6f\x7e\xf7\
\xcc\x34\x90\x72\x4e\xc3\x81\x43\x87\x02\x3a\x21\xfe\xb0\x62\xf9\
\x72\x5e\x9a\x3a\xd5\x17\xfd\xf8\xfd\x25\x9b\x8f\xc7\x3f\xd0\x9e\
\x46\x2c\xd6\xf3\xf3\x1e\x09\x41\x13\xed\x39\xf9\x57\xc1\x62\x3f\
\x55\xc9\x43\xb6\x6c\xc6\x68\x34\xf0\xe9\xd2\xa5\x24\xb4\x2d\x2c\
\x8d\x9d\x9a\x92\xc2\xa0\x41\x83\x48\x39\x7e\x1c\x41\x53\x03\xc9\
\x10\xef\xd7\xf8\xa9\xee\x73\x1e\x47\xc0\x2b\x91\x7c\xe7\x9d\x77\
\xf2\xdc\xf3\xcf\xd3\xa2\x45\xe0\x62\xdb\x92\xe0\xec\xd9\xb3\x6c\
\xdc\xb0\x81\x8d\x1b\x37\xb2\x71\xc3\x06\xce\x9f\x2f\x50\xf0\xf4\
\x38\x04\xe1\x08\x52\xa4\xa7\x6e\x41\x0a\x05\x4a\xe8\x68\xa9\x0e\
\x14\xc7\x31\x5f\x3a\xa3\x34\x10\xa4\x70\x24\xd3\x0d\x5c\x6a\x16\
\x8c\xaa\xcc\x5c\xeb\x2e\x1a\x54\xb2\x8e\x83\xb1\x63\x07\x62\xe6\
\xbe\x86\x26\xae\x16\xb6\x2d\x5b\x39\xfb\xc2\x78\xdc\x67\xce\x14\
\xff\xc4\xab\x84\xb3\xa2\x81\xa7\x82\x3a\x04\x64\x5e\x05\x06\x24\
\x27\x25\x2e\xae\xa4\x2d\x55\x08\xfe\x8e\x0e\x80\x0e\x38\x02\xd4\
\xf3\x37\xa6\xac\xe4\x40\x86\x84\x36\xd4\x5a\xb5\x02\xd5\xed\xe6\
\x44\xa7\x2e\xe5\x3b\x9d\x0b\x02\xa1\x7d\x1e\x25\x6a\xd2\x78\x44\
\x83\x9e\xbc\xaf\xbf\x23\x77\xd9\x72\x9c\xc9\xc7\x10\xb4\x5a\xf4\
\xf1\xcd\x09\x7d\xf4\x11\x82\xee\xbe\x0b\x77\x7a\x3a\x69\xfd\x06\
\xe0\x3a\x56\xb1\x7c\xda\xbf\x6a\x6b\xf0\x46\xe0\x7c\x15\x00\xcf\
\x3e\x7d\x2f\x23\x86\xf9\xe5\x5a\x2a\x15\x4e\x9e\x38\xc1\xf3\x23\
\x46\xb0\x67\xcf\x1e\xea\xd4\xad\xcb\x5b\x6f\xbd\x45\xab\xd6\x81\
\xf9\xdf\x73\x73\x73\xb9\xbe\x55\x11\x0c\x8c\x97\x20\x24\x24\x04\
\x8d\x46\x83\xc9\x64\xf2\x39\x07\x46\x93\x09\xad\x46\x43\x48\x68\
\x28\x92\x24\x11\x1c\x14\x84\x4e\xaf\xc7\xe0\x65\xf6\xd3\x6a\xb5\
\x84\x84\x84\x78\xf2\xf9\xc1\xc1\xe8\x75\x3a\xf4\x06\x03\x26\xa3\
\x11\xcd\x25\xd7\x82\x83\x83\xd1\x6a\xb5\x18\x8d\xc6\x42\x6c\x7f\
\xe0\x29\xf2\x7a\x6b\xfe\x7c\x16\xbc\xfd\x36\xb2\x2c\x13\x6c\x50\
\xa9\x17\xa3\x62\xd2\x41\x8e\x15\x32\x2e\x0a\xe4\x58\x03\x7f\x8d\
\x62\x23\x55\x9e\xe8\xe2\xa2\xd7\x4d\xee\x62\x4f\xfd\x7b\x4f\x88\
\x4c\xf8\x4c\xcf\xb1\xcc\x82\x39\xeb\xc7\x28\x0c\xb8\xcd\x4d\xcf\
\x8e\x6e\x24\x11\xc6\x2d\xd5\xf1\xcd\x76\x0d\x03\x07\x0d\xa2\x7b\
\xf7\xee\x34\x6f\xd1\x02\x4d\x29\x9d\xa4\x6f\xbe\xfe\x9a\x51\x23\
\x47\x92\xd0\x40\x61\xd9\x88\xe2\x0f\x2c\x6f\xfd\xa4\xe5\x9d\x35\
\x5a\x04\x29\x0c\xc9\xd8\xbe\x4a\x9e\xfc\x01\x64\xdb\x5e\x54\x77\
\x06\x0f\x3f\xf2\x08\xb3\x66\x17\xdd\xee\x95\x9b\x9b\xcb\xb0\x67\
\x9f\x65\xe3\x86\x0d\x88\x52\x08\x82\xa1\x75\xc0\x1a\x06\xd5\x9d\
\xe9\x75\x04\x3c\x39\xe4\x2e\x5d\xba\xf0\xec\xb0\x61\xb4\x6b\xdf\
\xbe\xc2\xf6\x7d\xec\xd8\x31\xb6\x6e\xdd\xca\xf6\x6d\xdb\xd8\xba\
\x65\x0b\x19\x19\x05\x05\xe4\x82\x20\x82\x18\xe2\x75\x06\xc2\x11\
\xc4\x70\xff\x72\xcb\xaa\x1b\x55\x75\xf8\x3a\x05\x40\x41\x55\xdd\
\x78\xba\x03\x14\xc0\xed\xfd\x57\xf6\x75\x0b\xa8\xae\x34\xcf\x3a\
\x9a\x9a\x05\xc5\x8a\x82\x84\x24\x06\x33\xcd\x79\x82\x76\xee\x6b\
\x23\xc8\x25\x06\x07\x13\x35\x65\x02\xa1\xbd\x1e\x46\xb1\x58\xc8\
\x9a\x36\x93\xdc\x15\x57\x16\xbe\x56\x06\x4a\x40\xb8\xb6\x0f\x68\
\x93\x9c\x94\x78\xf5\x72\x24\x57\x01\x7f\x3b\x07\x00\xa0\x71\xfc\
\xe0\x9e\x80\xdf\x4f\x82\x00\xbc\x59\xc6\xb6\xc0\x1a\x0b\xdf\x43\
\x53\x2b\x96\xd3\xf7\xdc\x5f\xe6\xfd\x89\x21\x21\xc4\xcc\x79\x95\
\xa0\xbb\xef\xc2\xb1\x77\x1f\x67\xc7\x4f\xc6\x79\xa8\x68\x87\x24\
\xb4\x5f\x1f\xaa\x4d\x7f\x09\x39\xfb\x02\x67\x7a\xf4\xaa\x50\xba\
\x60\x80\x25\xfa\xfa\x2c\x0b\x1c\xb6\x02\x60\xc2\x98\x87\x19\xd0\
\xff\x8e\x72\xad\xf5\xd5\x57\x5f\x31\xf5\xc5\x17\xb1\x5a\x2c\xf4\
\xe8\xd1\x83\x97\xa7\x4d\x2b\x11\xc5\x69\x7e\x8e\x3a\x2f\x2f\x0f\
\x55\x55\xc9\xcd\xc9\x41\x51\x55\xcc\x79\x79\xb8\x65\x19\xab\xc5\
\x82\xcb\xe5\xc2\x66\xb3\xf9\xf2\xf6\x36\x9b\x0d\x97\xcb\x85\xd5\
\x6a\x2d\x32\xd7\x5e\x5e\x04\x05\x05\xd1\xef\xb1\xc7\x48\x4f\x4f\
\xe7\xbb\x6f\xbf\xa5\x46\xb8\xca\xb8\x07\x9c\xdc\xd5\x4a\x46\x73\
\x99\xed\xcb\xb5\x09\xa4\x5f\xf0\xfc\x64\x9b\x05\xcc\x76\xb0\x3a\
\x05\xc2\x8c\x2a\x2d\xeb\x28\x34\xaf\xad\x14\x2b\xe9\x0b\x70\xf8\
\x8c\xc8\xa3\xf3\x0c\xd8\x9c\xd0\xb9\x73\x67\xea\xd4\xad\xcb\x5f\
\x47\x8e\xb0\x7d\xfb\x76\x54\x55\xa5\x69\xac\xc2\xdc\xc7\x9c\x1c\
\x3a\x23\x32\x76\x69\x41\x2d\xac\x4e\xa7\xa3\x45\x8b\x16\xb4\x69\
\xd3\x86\xd6\x6d\xda\x70\x7b\xd7\xae\xc5\xfe\xdd\xa7\x4c\x9e\xcc\
\x67\x4b\x97\x32\xad\x97\x93\x5e\x37\x06\x0e\xff\x6f\x3b\x2a\xd2\
\xff\x6d\x03\x88\x7a\x24\x53\xa7\x42\x14\xb2\x55\x0d\xaa\x7c\xc1\
\x23\x66\xa3\xba\x99\x3c\x65\x0a\x03\x07\x0d\x2a\x72\x9c\x2c\xcb\
\xbc\x3e\x77\x2e\xef\xbf\xf7\x1e\xa2\xa8\x45\xd0\x37\x2f\xb2\x2e\
\xe0\x92\x99\x51\x5d\x19\x28\xce\xe3\x3e\x55\xc3\xf6\x37\xdc\xc0\
\xd0\x67\x9f\xa5\x4b\x97\x2e\x15\xfe\x3a\x4e\x9e\x3c\xc9\xf6\xed\
\xdb\xd9\xbd\x73\x27\xbb\x77\xef\xe6\xc8\x91\xbf\x50\x94\x82\xcf\
\xb9\x28\x19\x50\x85\x60\x04\x31\xd4\x53\x4f\x20\x86\xf9\x77\x0a\
\x02\x40\x71\xa6\x78\x6b\x25\x0a\x43\x10\x43\x79\x5a\x0a\xa3\x87\
\x2b\xb3\x5c\xaf\xa3\x22\x60\xea\x7a\x2b\x31\xb3\x67\x22\x45\x47\
\x63\xfd\xfd\x0f\xce\x8e\x9d\x78\x55\x52\xa7\xfe\x90\x24\x85\x33\
\xc6\x54\x6c\xfa\xe7\xb6\xe4\xa4\xc4\xff\x55\xc2\x76\x2a\x14\x7f\
\x4b\x07\x00\xa0\x71\xfc\xe0\x3f\x01\xbf\xd5\x39\x8d\xe5\x3c\xe6\
\x5b\x77\x22\x94\x32\x0c\xa6\x6b\xda\x84\x5a\x2b\x3e\x23\xa5\x6d\
\xc7\x42\xe4\x3f\x25\x85\xbe\x65\x3c\xd5\xdf\x99\x8f\x36\xae\x16\
\x17\xde\x7e\x97\xec\xb7\xde\x29\x76\x9e\xc8\xd1\x23\x89\x18\x36\
\x04\x57\x4a\x2a\xa7\xef\xef\x59\xa1\xe9\x00\x15\x98\x67\xb8\x8e\
\x5f\xae\x90\x68\xbd\x12\x33\x5e\xee\xcf\xc3\x0f\xdd\x54\xea\x35\
\x72\x73\x73\x99\x3c\x71\x22\xab\x57\xaf\x26\x24\x24\x84\xe9\x33\
\x67\xd2\xad\x5b\xb7\x32\xec\xb6\xec\x30\x9b\xcd\x28\x8a\x42\x6e\
\x6e\x2e\xaa\xaa\x7a\x0a\xfe\x64\x19\xb3\xc5\xe2\xcb\xdf\xe7\xe7\
\xf3\x1d\x76\x3b\x0e\xa7\x13\x9b\xd5\x8a\xdb\xed\xf6\x3d\x37\x2f\
\x37\x17\x45\x55\xc9\xcb\xcd\x45\x56\x14\x2c\x66\x33\x5b\xb7\x6e\
\xa5\x55\x5d\x85\xc4\xa7\x1d\x5c\x30\x0b\x1c\x3c\x2d\x70\x3e\x4f\
\x40\x51\x05\x22\x82\x54\x9a\xc4\x2a\x5c\x17\xab\x94\xb8\x82\xde\
\x1f\x14\xd5\x43\xf0\x73\xf8\x8c\xc8\x6b\xb3\x66\xf1\x48\xaf\x5e\
\xbe\x6b\x27\x52\x53\x99\x35\x6b\x16\x6b\x7e\xfa\x09\x9d\x06\x26\
\x3e\xe8\xe4\x95\xaf\x74\x84\x47\x44\xd1\xae\x7d\x7b\x76\xed\xdc\
\x59\xa8\x5d\x72\xcb\xb6\x6d\xc4\xc4\xf8\x3f\xad\xe4\xe6\xe6\x72\
\x63\xc7\x8e\x08\xb2\x95\x8d\xaf\x58\x31\x05\xb0\xe7\x2e\x19\xee\
\x9e\x61\xe4\x74\x96\x80\x64\x6a\x5f\xa4\x52\x5e\xa5\x43\x75\xa2\
\xca\xb9\xa8\xaa\x1d\x54\x19\x51\x5b\xe3\x32\x51\x9b\x1c\x14\xdb\
\x4e\x54\xd5\xc5\x93\x4f\x3d\xc5\x84\x89\x13\x8b\xe4\x99\x00\xf8\
\x79\xcd\x1a\x46\x8f\x1e\x8d\xc5\x6c\x46\xd4\xd6\x42\xd4\x37\x2b\
\x36\xba\xa1\xba\xcf\x7a\x1c\x01\x39\x07\x80\xeb\xae\xbb\x8e\x81\
\x83\x06\x71\x5f\xb7\x6e\x18\x0c\x15\xd9\xfb\x5f\x00\xab\xd5\xca\
\xfe\xfd\xfb\xd9\xbd\x6b\x17\x7b\xf7\xee\xe5\xe0\x81\x03\x9c\x3a\
\x55\xb8\x1d\x4f\x14\x75\xa8\x52\x14\x92\x21\x70\x34\x2d\x1f\xaa\
\x7c\x11\xd9\xba\x8d\xd0\xd0\x10\x46\x8e\x1a\xc5\xc7\x1f\x7f\xcc\
\xc9\x13\x27\x10\x45\x11\xa3\x2a\xf1\xa0\xaa\x70\x3b\x22\x71\x55\
\xc0\x4c\x48\x11\xe1\x44\x4f\x7f\x99\xe0\x7b\xff\x8b\x72\x31\x87\
\x73\x93\xa7\x62\x5e\xfd\xe3\x55\x5f\x57\x46\xe0\xd9\xa0\xf6\x9c\
\x08\xdc\xe5\xf2\x4d\x72\x52\xe2\x83\x57\x7d\x33\x57\x01\xd7\xfe\
\x9d\x2d\x23\x1a\xc7\x0f\x6e\x07\x6c\x0f\x34\x66\x84\xfd\x08\x77\
\x7b\xc3\x5b\xa5\x41\xd4\xe4\x09\xe4\x2c\xfa\x04\x77\x5a\x29\x9e\
\x2b\x08\x84\xf5\xef\x4b\xd4\xe4\x09\x28\x79\x79\x64\x0e\x1f\x89\
\xed\xcf\xcd\x25\x7b\xaa\x5e\x4f\x9d\xdf\xd6\xa0\x89\xab\x45\xee\
\x8a\x95\x9c\x1b\x37\xa9\xd4\x7b\x0e\x04\x19\x81\x97\x8c\xad\xd8\
\xa1\x09\x7c\xf3\x16\x45\x81\xd9\x33\x07\xd0\xfd\xde\x0e\x25\x9e\
\x7b\xe7\x8e\x1d\x8c\x78\xee\x39\xd2\xd2\xd2\x48\x68\xdb\x96\x79\
\xf3\xe7\x13\x17\x57\xb5\x14\xdf\xca\x82\xef\xbf\xff\x9e\x11\xc3\
\x87\x13\x66\x52\xb9\xbf\xbd\xcc\xef\x49\x12\xa7\xb2\x8a\xfe\xba\
\x44\x06\xab\xdc\xd7\x56\xa6\x7f\x17\xd7\x15\xf9\xfa\x92\x22\x9f\
\x4f\x3f\x50\x7b\xdf\xf7\xdf\x7d\xc7\xf8\xb1\x63\xb0\xd9\x1d\x68\
\x24\x70\xcb\xf0\xc3\x4f\x3f\xd1\xac\x59\x33\x4e\x9e\x3c\xc9\xee\
\x5d\xbb\x48\x4e\x4e\x66\xf4\x98\xc0\x2d\xc8\xf9\xe4\x3f\x4f\xdc\
\xea\x51\xf2\x0b\x84\x4f\xfe\xa7\x61\xe6\xd7\x3a\x44\x6d\x6d\x44\
\x43\xf3\x32\xbd\xb6\x8a\x81\x8a\xea\x4a\x47\x71\x9d\x2a\xa4\x32\
\x08\x20\x88\x06\x6f\x2b\x62\x41\x6d\xb0\xaa\x58\x3c\x4e\x80\x62\
\xa3\xfb\xfd\xf7\x33\x7b\xce\x1c\xbf\xfa\x12\x27\x4f\x9e\x64\xc4\
\xf0\xe1\xec\xdd\xbb\x17\x51\x0a\x42\xd0\xc7\x5f\xd9\x2a\x58\xd4\
\x8e\xe4\x6c\x8f\x23\xe0\x2d\xb4\x0b\x0b\x0b\xe7\xd1\xde\x8f\xd2\
\xb7\x5f\xbf\x4a\xf9\x0e\xe4\xe5\xe5\x71\xf0\xe0\x41\xf6\xef\xdb\
\xc7\xec\x59\xb3\x70\xbb\xdd\x48\xc6\xeb\x11\x34\x01\x05\x6a\x80\
\x7c\xd9\xdf\x2d\xa0\xba\xf8\x6c\xd9\x32\x7e\xf8\xfe\x7b\x3e\xfb\
\xec\x33\xea\xc7\x40\x83\xea\x32\xeb\x0f\x4a\xb8\xbc\xe7\x96\x36\
\x88\x0c\x40\xa2\x59\x15\x30\x17\xc1\xdd\xef\xa3\xda\xb4\xa9\x88\
\xe1\x61\x98\x57\xff\xc8\xb9\xc9\x53\x51\x2e\xe6\xf8\xae\x47\x3c\
\xfb\x0c\x62\x70\x10\x59\xb3\xfc\x96\x89\x95\x0a\xab\x74\xb5\x59\
\xa8\x6f\x14\x68\x88\x13\x68\x96\x9c\x94\x78\xed\xf5\x90\xcb\x80\
\x6b\xff\x8e\x96\x03\x8d\xe3\x07\x2f\x04\x9e\xf4\x77\x3d\x54\x75\
\xb1\xd0\xb2\x95\x50\xb5\x7c\xaa\x4f\xc5\x41\x0c\x0b\xf3\x84\xfc\
\xef\xba\x03\xfb\xae\xdd\x64\x0e\x7d\x0e\x77\x46\xe9\x42\x67\x97\
\x52\x63\x9e\xbe\xbf\x07\x8e\xbd\xfb\x2b\x74\x8f\x76\x41\x62\xbc\
\xf1\x7a\x8e\x48\x7e\x1b\x28\x80\x92\x3b\x01\xb2\xdb\xcd\xdb\x6f\
\xbf\xcd\x82\xb7\x3d\x2c\x89\xc3\x9f\x7b\x8e\x61\xc3\x87\x07\x14\
\x2d\x49\x4e\x4e\x66\xe0\x13\x4f\x10\x1c\x12\x82\xd1\x60\xf0\x91\
\xf5\x18\x8c\x46\x1f\x41\x8f\xc9\x64\xf2\xe4\xf0\x4d\x26\x42\x43\
\x42\xd0\x5f\x32\xce\x68\x34\x62\xd0\xeb\x09\x0a\x0e\x26\xc8\x64\
\xc2\xe0\xcd\xd9\x57\x34\xce\x9d\x3b\xc7\x1d\x5d\x6f\x23\x2f\xaf\
\xa0\xf0\x49\x10\x04\x6e\xb8\xe1\x06\x12\xda\xb6\xa5\x7e\x03\x4f\
\x9b\xd2\xb9\xb3\x67\x39\x70\xe0\x00\xff\x5b\xb7\x0e\xab\xcd\x86\
\x46\x82\xbe\xb7\xb8\x19\x71\x8f\x8b\x20\x7d\xe9\x1c\x81\x27\xdf\
\xd7\xb3\xe1\x90\x84\x4e\xa7\xe3\xfa\xeb\xaf\x27\xa1\x6d\x5b\xda\
\xb5\x6b\x47\x9b\x84\x04\x22\x22\x0a\x28\x47\x0f\x1e\x3c\xc8\xa0\
\x01\x8f\x93\x99\xe9\x39\xf1\x3f\xda\xbb\x37\x33\x5f\x7d\xb5\xc4\
\xeb\x64\x65\x65\xd1\xf5\xd6\x2e\x38\xed\x66\x7e\x7b\xd1\x46\xb5\
\x50\xff\xfb\x74\xc9\x70\xdb\x4b\x46\xce\xe7\x69\x90\x82\x3a\x83\
\x50\x39\x8c\x6d\x97\x43\x55\xac\xa8\xf6\x7d\x28\xde\x13\x77\xdd\
\x7a\xf5\x68\xdb\xb6\x2d\x4d\x9b\x36\x65\xcf\x9e\x3d\xfc\xf4\xe3\
\x8f\x08\x82\x84\x68\x68\x59\xd8\xf8\xa9\x0e\x64\xeb\x4e\x54\x25\
\x8f\x84\x84\x04\xde\x4f\x4c\xf4\x4b\x37\x9d\xcf\x50\x99\xf8\xc1\
\x07\x28\xaa\x8a\xa8\xad\x8b\xa8\x6f\x44\x49\x8a\xef\x54\xc5\x8c\
\xea\x3c\x89\xea\x4e\x47\x55\xdd\x08\x82\xc0\xed\x77\xdc\x41\x8f\
\x9e\x3d\xb9\xed\xb6\xdb\xca\x2c\x6c\x55\x52\x4c\x9f\x36\x8d\x45\
\x8b\x16\x79\x3a\x33\x8c\x09\xc5\x3f\x41\x75\x22\x5b\xb7\xa1\x2a\
\x16\xa6\xbe\xf4\x12\x07\x0e\x1c\xe0\xcb\x95\x2b\xe9\xd0\x58\xe5\
\x83\xc1\x36\x8c\x3a\xc8\xb5\x0a\xfc\xb0\x5b\x62\xf9\x9f\x1a\x0e\
\x9f\x11\x11\x80\x9e\x48\x3c\x89\x74\xcd\x4b\x3f\x35\x35\xaa\x53\
\xed\xb5\x19\x98\x6e\xed\x8c\x3b\x23\x93\xec\x39\xaf\x63\xfb\x73\
\x33\x11\xc3\x86\x10\xda\xb7\x37\x67\x7a\xf5\xc5\xbe\x6d\x47\xb9\
\xd7\xc9\x12\xf4\x3c\x15\xd4\x01\x5b\xe0\x88\xd0\x6b\xc9\x49\x89\
\x13\xca\xbd\xd8\x35\xc2\xdf\xdd\x01\x88\xc6\x43\x0e\xe4\xd7\x5d\
\xbf\xc3\x95\xc1\x0b\x57\x81\xbc\x22\x1f\xfa\xd6\xad\xa8\xf1\xce\
\x7c\x34\x71\xb5\xc8\x59\xf4\x09\x59\x33\x67\xa1\xba\x4b\x4f\xa9\
\x6a\xbc\xb1\x23\xb1\x9f\x2f\x01\xc0\xf2\xeb\x6f\x64\x3c\xe5\x9f\
\x68\xa6\xac\xc8\x15\xb4\x8c\x33\xb5\x21\xb5\x18\xd2\x96\xe2\x9c\
\x80\x93\x27\x4f\x32\xea\xf9\xe7\xd9\xb5\x6b\x17\xb5\x6a\xd5\x62\
\xde\xfc\xf9\xb4\x6d\x17\x50\x18\x03\x80\x23\x87\x0f\xf3\xd0\x83\
\x0f\x62\x2b\x27\x15\xe7\xe5\x08\x0e\x0e\xc6\x70\x99\xa3\xa0\x37\
\x18\x08\x0e\x0a\x22\xc8\x7b\x2d\x5f\xee\xd7\x60\x30\xa0\xd7\xeb\
\x7d\x52\xbf\x46\xa3\x87\x55\x2f\x34\xb4\xc0\x31\x7a\x6e\xd8\x30\
\x9f\x7a\x9a\x24\x89\x74\xe8\xd0\x91\xba\xf5\xea\xd1\xa4\x49\x13\
\x6a\xd4\xac\x49\xcd\x1a\x35\x88\xa9\x5e\x9d\xa4\xa4\x24\x7e\x59\
\xb3\x86\x0d\x1b\x36\x90\x99\x59\xe0\xf0\xd5\x0c\x57\x99\xde\xdb\
\xc9\xcd\xd7\x95\x2c\x85\x64\x71\x08\xb4\x1f\x6f\x44\xd2\x68\xd1\
\xe9\xf4\x98\xcd\x85\x2b\xae\xeb\xd7\xaf\x4f\xdb\x76\xed\x68\xd3\
\xa6\x0d\xed\xda\xb7\x47\xa3\xd1\xd0\xe7\xd1\x47\xc8\xcc\x3c\x87\
\xc1\xa0\xe7\xcf\x4d\x9b\x89\xf0\x43\xf5\x7b\x39\x26\x4d\x9c\xc8\
\xb2\xcf\x3f\xe7\xc9\xdb\x5d\x8c\xe9\x1e\xd8\x31\xfe\x65\xaf\xc4\
\xf0\x45\x7a\x44\x6d\x1d\xc4\x12\x14\x93\x5e\x0d\x78\x8c\xff\x36\
\x14\xd9\x41\x87\x0e\x1d\x18\x33\x76\x6c\xa1\xca\x7e\x55\x55\x79\
\xef\xdd\x77\x99\x3b\x67\x0e\x00\xa2\xae\xa1\xd7\x70\xe7\x0f\x90\
\x91\xed\xfb\x50\xdd\x67\xa9\x59\x33\x96\x0f\x17\x7d\x14\x90\x7d\
\x72\xd7\xce\x9d\xbc\xf0\xc2\x0b\x9c\x48\x4d\xf5\x46\x03\x9a\x79\
\x88\x7b\x4a\xb4\x59\x37\x8a\xeb\x0c\xaa\xeb\x94\xaf\x60\x30\x34\
\x34\x94\x7b\xef\xbb\x8f\x07\x1e\x78\x80\x76\xed\xdb\xfb\x4d\x45\
\x94\x05\x8a\xa2\x30\x73\xfa\x74\x8f\xf1\x17\x8d\x48\xa6\x8e\xc5\
\x3b\x69\xaa\x03\xd9\xba\x03\x55\x31\xf3\xf4\x33\xcf\xf8\x6a\x5c\
\x3a\x34\x56\xf8\x60\xf0\x95\x42\x54\xaa\x0a\xbf\x1f\x90\x98\xfe\
\x95\xce\x43\x42\x85\xc8\x78\x34\xd7\xde\x70\x08\x02\xa1\xbd\x1f\
\x21\x7a\xca\xc4\x42\x02\x6e\x17\x3f\xfc\x98\xac\xe9\x25\x77\x88\
\x03\xa1\x04\x85\x7f\x69\x40\xd3\xe4\xa4\xc4\xca\x6d\x91\xa8\x40\
\x5c\xf3\xf7\xb1\xbc\x68\x1c\x3f\x78\x18\xf0\x76\xa0\x31\xaf\x59\
\xf7\x94\x9f\xbb\xfa\x72\x08\x02\xe1\x4f\x0d\x24\x72\xec\x0b\xa8\
\x0e\x27\xe7\xc6\x4d\x2c\x57\x4e\x2a\x65\x4f\xda\x37\x00\x00\x20\
\x00\x49\x44\x41\x54\xb4\xcf\xa3\x54\x9b\x39\xcd\xf3\x1f\x45\x21\
\xa5\x4d\x07\x94\x9c\x9c\xc0\x4f\x2a\x03\xb2\x04\x3d\x63\x4c\x6d\
\x48\x17\x03\x9f\x9c\xfd\x39\x01\xdf\x7c\xfd\x35\x53\x26\x4f\xc6\
\x62\xb1\x70\xdf\x7d\xf7\x31\x7d\xe6\xcc\x42\xc6\xb3\xa4\xb8\xb4\
\xd7\x3e\xbf\xb0\x2f\x2f\x2f\x0f\x97\xd3\x89\xd5\x66\xf3\x15\xfe\
\xe5\x99\xcd\x38\xbc\x8a\x7c\x79\xb9\xb9\x38\x9c\x4e\xec\x36\x1b\
\x16\xef\xf3\x2d\x97\x28\xf6\xe5\xe6\xe6\xfa\x8a\x05\x2d\x16\x0b\
\x4a\x09\x5b\x38\x3f\x5f\xbe\x9c\x8e\x1d\x3b\x02\x1e\x03\xd0\xb3\
\x47\x0f\x00\x5a\xb6\x6a\xc9\xec\xd9\x73\x98\x39\x63\x06\x1b\x36\
\x6c\x08\xf0\xb7\x82\x86\xd5\x15\x6a\x45\xaa\xc4\x46\xa8\x44\x06\
\xab\x84\x18\x55\xee\x4d\x90\x03\x9e\xb0\xf3\xb1\xf7\x84\xc8\x23\
\x6f\x18\xa8\x57\xaf\x1e\xdf\xaf\x5e\xcd\xc9\x53\xa7\xd8\xb9\x63\
\x07\x3b\xbd\x05\x60\x27\x4f\x14\x26\x69\x09\x09\x09\xa1\x59\xb3\
\x66\xfc\xf5\xd7\x61\x2e\x5e\xcc\x65\xc0\xc0\x81\x4c\x79\xf1\xc5\
\x62\xd7\xd9\xbe\x6d\x1b\x8f\xf6\xea\x45\x54\xb0\xc2\x2f\x53\xec\
\xc5\x46\x29\xc6\x7c\xaa\xe3\xbb\x1d\x1a\x24\x53\x47\x6f\x6f\x7a\
\x39\xa1\xda\x51\xdc\xe7\x3d\xd2\xb8\xaa\x03\x4f\x85\x8a\x06\x41\
\x34\x22\x48\x21\x20\x86\x15\x16\x11\x52\x65\x64\xeb\x9f\xa8\x8a\
\x8d\x3a\x75\xea\xb0\xe6\x97\x5f\xfc\xe6\xd8\x7f\xfd\xf5\x57\x9e\
\x7f\xee\x39\x6c\x36\x5b\x11\xed\x7d\x2a\x8a\x23\x19\xc5\x99\x82\
\x4e\xa7\x63\xfa\xcc\x99\xf4\xec\xe9\x57\x5b\x0c\x9b\xcd\xc6\x9b\
\x6f\xbc\xc1\xa2\x8f\x3e\x42\x51\x14\xef\x7c\x4d\x4b\xc5\xed\xaf\
\xca\xd9\xa8\xae\x34\x54\xf9\x2c\xaa\xe2\x71\xb4\x6a\xd6\xac\x49\
\xd7\xae\x5d\xe9\x72\xeb\xad\xdc\x78\xd3\x4d\x98\x4c\x65\x67\xe2\
\x3c\x7c\xf8\x30\x93\x27\x4e\x64\xd7\xae\x5d\x08\x52\x10\xa2\x21\
\xa1\x58\x01\x26\x55\xc9\x45\xb1\xed\x46\x55\xec\x3c\x35\x78\x30\
\x69\x69\x69\xfc\xb0\x7a\x35\xb7\xc5\x2b\xbc\xf9\x78\x60\x15\xca\
\x1c\xab\xc0\x93\xef\xeb\xd9\x77\x42\xe4\x09\x24\xfa\x96\xb4\x2d\
\xf1\x2a\x43\xdf\x32\x9e\x5a\x2b\x3f\x47\x30\x18\x70\x1d\x4f\xf1\
\x70\xfd\x57\x00\x39\xd0\x2e\x4d\x24\x93\x02\xf3\xfd\x03\xf4\x4e\
\x4e\x4a\x5c\x5e\xee\xc5\xae\x21\xfe\x09\x0e\x80\x06\xd8\x09\xf8\
\xad\x7c\xa9\xa5\x58\x79\xcf\xb2\xbd\x4c\x2c\x56\xc6\x9b\x3a\xa1\
\xad\x1d\x47\xee\xf2\x82\xa6\x03\x29\x22\x9c\x98\xb9\xb3\x30\xdd\
\x7e\x1b\xce\xe4\xa3\x64\x0e\x19\x8e\xf3\xe8\xb1\xb2\x6c\xdf\x03\
\x41\xa0\xd6\xd7\x5f\x60\xb8\xbe\xe0\x03\x97\xf6\xd8\x00\x6c\x1b\
\xfe\x2c\xfb\x9c\x01\x90\x2e\x1a\x19\x63\x6a\x53\x1c\xa3\x15\xa2\
\x28\x30\xfd\xa5\xc7\xe8\xf9\xe0\x4d\x98\xcd\x66\x26\x4f\x9a\xc4\
\x77\xdf\x7e\x8b\xc9\x64\xe2\xe5\x57\x5e\xa1\x87\xd7\x50\x56\x55\
\xc8\xb2\x8c\xc5\x62\xf1\x75\x0c\xe4\xe6\xe6\xfa\x0a\x01\x2d\x66\
\x33\x2e\x97\x0b\xb3\xc5\x42\x97\x2e\x5d\x7c\x1c\xf9\x69\x69\x69\
\x8c\x1a\x31\x8c\x7a\x0d\x1a\x33\xed\x95\x57\xd0\xe9\x74\x64\x67\
\x67\x73\xe2\xc4\x09\x0e\x24\x25\xf1\xc1\xfb\xef\x73\xe6\xcc\x19\
\x44\x11\xee\x6e\x2d\xd3\xbd\xbd\x9b\x8e\x8d\xe5\x62\x25\x7c\x03\
\x41\x51\x61\xd8\x47\x7a\x7e\xdb\x2f\x71\xc7\x9d\x77\xf2\x41\x62\
\x62\xa1\x93\xe2\x85\xec\x6c\x76\xef\xde\xcd\xce\x9d\x3b\xd9\xb3\
\x7b\x37\x7b\xf7\xee\xc5\x6a\xb5\xb2\x78\xc9\x12\x86\x0c\x7e\x8a\
\x7b\xee\xb9\x9b\x39\x6f\xcc\x0f\xb8\x86\xd5\x62\xe1\x9e\xff\xfe\
\x97\x93\x27\x4f\x32\x7f\x80\x83\xbb\xaf\x2f\x3e\x3a\xd1\x65\xaa\
\x91\xcc\x1c\x2d\x52\x70\x57\x0a\xdd\x2a\x14\x3b\xaa\x7c\xc1\xf3\
\xa3\x98\x0b\x94\xea\x04\x03\x82\x26\xd2\xc3\x7d\x7f\x09\xe7\xbe\
\xea\x3e\x87\xe2\x4c\x45\x95\x8b\x6f\x27\x13\x44\x2d\x82\xb6\x81\
\x57\x4a\xd8\x2b\x59\xeb\x38\x80\x2a\x9b\xe9\xdc\xb9\x33\x0b\x3f\
\xfa\xa8\x50\x9b\xe6\xa5\x38\x7c\xf8\x30\x4f\x0d\x1a\xc4\x99\x33\
\x67\x10\xc4\x50\x24\x53\x9b\x42\x46\x5b\x75\x67\xa0\xd8\x0f\xa0\
\xaa\x6e\x7a\x3d\xfa\x28\x2f\xbd\xfc\x72\x40\x1e\x85\xa4\xfd\xfb\
\x99\x34\x69\x12\xfb\xf7\xed\x43\x14\x35\xa0\xad\x87\xa8\xad\x57\
\x7a\xf9\x5f\xf7\x59\x14\x57\x3a\xc8\xe7\x51\x55\xcf\x3d\x48\xa7\
\xd3\xd1\xa1\x43\x07\x3a\x76\xea\x44\x9b\x84\x04\x5a\xb5\x6c\x59\
\x6c\xe7\x86\xd5\x62\xe1\xb7\x75\xeb\xf8\xe6\xeb\xaf\xf9\x7d\x9d\
\x47\x9e\x5c\xd0\x54\x47\x32\x34\x2f\xf6\xe4\xaf\xb8\x4e\xa1\x3a\
\x8e\xa0\xaa\x32\xcf\x8f\x1c\xc9\xfe\xfd\xfb\xf9\x6d\xed\x5a\xba\
\xc6\x2b\xbc\x35\xd0\x8e\xd6\xfb\x92\x92\xd3\x45\x74\x5a\x95\xba\
\xd1\x57\x3a\x87\x59\x79\x02\xdd\x5e\x33\x90\x6b\x11\x58\xac\x6a\
\x89\xa9\x22\xe6\x23\x76\xc5\x52\x8c\xed\xdb\x71\xa6\xc7\xa3\xd8\
\x77\xef\x29\xf7\x7c\x0e\x41\xe2\x19\xd3\x0d\x64\x04\xee\xaa\x58\
\x97\x9c\x94\x78\x7b\xb9\x17\xbb\xc6\xa8\x1a\xef\x60\x39\xd1\x38\
\x7e\xf0\x8d\x40\x40\x6b\xd9\xd7\x99\x4a\x3f\x47\xe9\xa9\x7c\x05\
\xad\x96\x9a\x9f\x2d\xc6\xfa\xfb\x1f\x58\xd7\xae\xc3\xd0\xe1\x06\
\x22\x86\x0d\x41\x53\xa3\x3a\xe6\xef\x56\x73\x6e\xc2\x64\x14\x4b\
\xf1\xf4\xb1\x81\x50\x94\x34\xe6\xf9\x29\x2f\x93\xf3\x69\x60\xae\
\xf7\xf2\x20\x4d\x34\x32\xb6\x04\x4e\x00\xc0\x80\x7e\xed\x59\xb3\
\xfa\x13\x4e\x9d\x3a\x45\xab\xd6\xad\x99\x3f\x7f\x3e\x75\xeb\xd5\
\xbb\x6a\x7b\xbb\xd6\xf0\xe8\xa7\x17\xfe\x6a\x64\x64\x64\xf0\x48\
\xcf\x1e\x9c\x3e\x7d\x86\x1b\x1a\x29\xbc\xd2\xcb\x41\xbd\x98\x8a\
\x63\x27\xb3\x39\xa1\xdf\xdb\x06\x92\x4e\x8a\x8c\x1e\x33\x86\xa1\
\xcf\x3e\xeb\x77\xac\x2c\xcb\xa4\xa4\xa4\xd0\xa8\x51\x23\x52\x53\
\x52\xa8\x5b\xaf\x5e\xb1\xa1\xe5\xfc\xb4\xc6\x3d\x6d\x64\xde\x7c\
\xa2\xf8\x13\x92\xcd\x09\xd7\x8f\x31\x79\xc9\x61\x0a\x47\x81\x14\
\xc7\x61\x14\x67\x41\x54\xc2\x60\x30\xa0\x28\x8a\x4f\x85\x10\x40\
\x13\x52\x40\xf7\x2c\xdb\xf7\xa3\xba\xd2\x88\x89\x89\xe1\x7e\x6f\
\x28\xbc\x76\xed\xda\x48\xa2\x48\x6e\x6e\x2e\x27\x4f\x9e\x64\xff\
\xfe\xfd\xec\xdb\xb7\x8f\xa4\xfd\xfb\x71\x3a\x9d\x48\x86\x56\x08\
\xf9\x9d\x2b\xaa\x1b\xd9\xb6\x03\x55\xce\xe1\xfe\x07\x1e\xe0\x8d\
\x37\xdf\xf4\xfb\x7a\xb3\xb2\xb2\x18\xf2\xcc\x33\xec\xd8\xbe\x1d\
\x41\xd0\x23\x1a\xaf\x2f\x54\xd0\xe7\x29\x0e\xdc\x83\xaa\x98\x69\
\xd6\xac\x19\xf3\xde\x7a\x8b\xc6\x8d\x1b\xfb\xfd\x3b\x28\x8a\xc2\
\x17\x2b\x56\x30\x67\xf6\x6c\x2e\x5c\xb8\x80\x28\x19\x40\xdb\x10\
\x51\x5b\x8b\x52\xdf\x3e\x55\x19\x55\xce\xf2\x14\x0d\x2a\xe7\x51\
\xe4\xc2\xf7\x8d\xda\xb5\x6b\xd3\xb0\x61\x43\x62\x63\x63\xa9\x16\
\x13\x43\x48\x68\x28\xd9\x59\x59\x64\x64\x64\x70\xe0\xc0\x01\x92\
\xff\x4a\xf6\xb5\x02\x0a\x52\x38\xa2\xae\x21\x82\x26\xb0\xa8\x97\
\xaa\xd8\xbc\x8c\x80\xe7\x09\x0a\x0a\x62\xfa\x8c\x19\xac\x5e\xbd\
\x9a\xdf\xd6\xae\xe5\xf6\x96\x32\xf3\x07\x38\x7c\xc6\xff\xaf\x34\
\x91\xfe\x0b\xf4\x44\x06\xab\x7c\x35\xba\xe8\x88\xc0\xa7\xeb\x35\
\x4c\xff\x4a\xc7\x43\x48\x0c\xa9\x02\x51\x00\x41\xa7\xa3\xde\xce\
\xcd\xe4\x7e\xb6\x9c\xac\xd7\xe6\x54\xc8\x9c\x1f\xea\x1b\xf1\x95\
\xae\x76\xa0\x21\x6e\xa0\x65\x72\x52\x62\xe9\xc9\x66\xaa\x18\xfe\
\x11\x0e\x00\x14\x5f\x10\xa8\x41\xe1\x6d\xcb\x0e\xea\x29\xa5\x17\
\x84\xd0\xc4\xc6\x12\xf7\xc3\x37\x48\x11\xde\x1b\x89\xa2\x70\x6e\
\xca\xcb\xe4\x7e\xb6\xac\xac\xdb\xf5\x40\x10\x88\x1c\x33\x8a\x88\
\xa1\x4f\x5f\x71\xe9\xfc\x4b\xaf\x90\xb3\xb8\x08\x85\xc2\x0a\x44\
\xaa\x18\xc4\x38\x53\x1b\x72\xfd\x72\xb9\x7b\x74\xc3\x55\xa7\x27\
\xba\xf1\xf4\x33\xcf\x30\xea\x85\x17\x8a\x25\x9d\xe9\xdd\xab\x17\
\x5b\xb7\x6e\x25\x38\x38\x18\x51\x14\x0b\xc8\x78\x82\x82\xd0\x68\
\xb5\x98\x8c\x46\x9f\x32\x9f\xc1\x60\xf0\xfc\xee\x7d\xcc\x64\x32\
\xa1\xd1\x68\x08\x0e\x0e\x46\x10\x45\x42\x43\x43\x11\x05\x81\xe0\
\x90\x10\x1f\x4b\xa0\x4e\xab\xf5\x8d\xbf\x74\x8e\xfc\xe7\x96\x15\
\x17\x2f\x5e\xf4\xad\x7d\x29\x64\xb7\x9b\x1e\x3d\x1e\x62\xdf\xde\
\x7d\xf4\xba\xd1\xcd\xd4\x87\x9d\xbe\xb6\x3f\x55\x85\x83\xa7\x45\
\x36\x1d\x91\x38\x70\x5a\xe4\x74\x96\x40\x96\x59\x40\x55\x40\x10\
\x3d\x1d\x02\x71\x91\x2a\xb5\xa3\x15\xda\xd4\x53\xe8\xd4\x44\xf6\
\xdb\x76\x97\x96\x2d\x70\xff\x1c\x23\x16\x87\xc8\xd7\xdf\x7e\x47\
\x7c\x7c\xc5\x28\xa4\x2d\x4c\x4c\xe4\xd5\x99\x33\xa9\x13\xed\xb9\
\xb1\x87\x1a\x8b\x77\x5c\x72\xac\x02\x37\x4c\x30\x22\x48\x91\x48\
\xa6\xc2\x84\x37\x8a\xe3\x28\x8a\xf3\x18\xe3\xc6\x8f\xa7\xdf\x63\
\x8f\xf9\x44\x93\x32\x32\x32\xb8\xf3\xf6\xdb\xb1\x5a\x9d\xde\xa8\
\x81\x07\x9e\x76\xb3\xad\xb4\x6a\xdd\x9a\x6f\xbe\xfd\x36\xe0\xba\
\x1b\x37\x6c\x60\xe0\x80\x01\xc8\xb2\x82\x68\x6c\x87\x90\xaf\xb9\
\xae\x3a\x51\x6c\x5b\x51\x64\x2b\xe3\xc6\x8f\xe7\xe9\x67\x9e\xf1\
\x3b\x87\xcb\xe5\x62\xf2\xa4\x49\xac\xfc\xe2\x0b\x04\x41\x44\xd4\
\xb7\x40\xd0\xc6\x16\x0c\x50\x65\x14\xc7\x21\x14\xd7\x19\xb4\x5a\
\x1d\x13\x26\x4e\xe0\xf1\x27\x9e\x08\xe8\x44\xe5\xe6\xe6\xf2\xee\
\x3b\xef\xf0\xc9\xe2\xc5\x38\x1c\x0e\x44\x4d\x10\x68\xea\x23\x6a\
\x63\x29\xeb\x6d\x54\x55\x2c\x9e\x8e\x06\xf9\x22\xaa\x62\x46\x50\
\x2d\x28\x4a\xd1\x75\x19\x82\x20\x79\xc9\x80\xa2\x10\xb4\xd5\x2f\
\x53\x35\x2c\x6a\x72\xa7\xe7\xbb\xeb\x3a\x8d\xaa\xca\xb4\x6f\xdf\
\x9e\xe9\x33\x66\xf0\xd2\xd4\xa9\x6c\xde\xbc\x99\x6e\x6d\x65\x66\
\xf5\x73\xf8\x3e\xc7\x7b\x4f\x88\x0c\xfe\x40\xcf\x45\x8b\x40\xff\
\x2e\x6e\x26\x3e\xe8\xa4\xa8\x3f\x47\x8e\xd5\xa3\x46\x19\xae\x0a\
\x2c\x57\xaf\xbd\x06\x84\xbe\x79\x33\x62\xde\x9c\xc3\xe9\x6e\x0f\
\x55\x88\x3a\x6b\xb2\x14\xc2\xf3\xa6\xb6\x28\x81\xdf\xd3\xd9\xc9\
\x49\x89\xe3\xca\xbd\x58\x15\xc0\x3f\xc9\x01\x08\xc7\xc3\x10\xe8\
\xb7\x6a\xa3\xa9\x9c\xcb\x1b\xd6\x5d\x88\xa5\xe4\x06\x00\x30\xdd\
\xda\x99\x9a\x8b\x3d\x5a\x01\x17\xe6\xbd\x4d\xf6\xbc\x80\x65\x07\
\xc5\x42\x0c\x0b\xa3\xfa\xbc\xb9\x98\x6e\x2b\x9a\x44\x24\x7d\xe0\
\x60\xac\xeb\xfe\x57\xae\x35\x4a\x02\x7f\x4e\x80\xaa\xd8\x50\xed\
\xfb\x51\xe4\x0b\xc4\x54\xaf\xce\x9b\xf3\xe6\xd1\xa9\x53\xa7\x12\
\xcd\xf9\xca\xb4\x69\x1c\x3c\x70\xa0\x50\x6f\xbe\xa2\x28\x98\xcd\
\x66\x64\x59\x2e\x91\xe0\x4e\x79\x60\x0a\x0a\x42\xf2\x3a\x1e\xe2\
\x25\xff\x7e\xff\xc3\x0f\x01\x9f\xf7\xe2\x94\x29\x2c\xfd\xf4\x53\
\x42\x43\x43\xa9\x55\xab\x16\xb5\xe2\xe2\xa8\x55\xab\x16\x67\xce\
\x9c\x61\xed\xaf\xbf\x72\x4b\x33\x8f\x68\x8e\x24\x7a\x4e\xc8\xcb\
\xfe\xd4\xb2\x6c\xa3\x86\x93\xe7\x0b\x7f\x8d\xf2\x15\x05\x81\x2b\
\x6a\x11\x24\x11\x5a\xd7\x53\xb8\xb9\xa9\xcc\xed\x2d\x65\xae\xab\
\x55\x38\x2d\xf5\xfd\x0e\x0d\xa3\x3f\xd5\x11\x1d\x1d\xcd\x84\x89\
\x13\x69\xd3\xa6\x0d\xf5\xea\xd7\x2f\xf3\xdf\x62\xf5\xea\xd5\x8c\
\x18\x3e\x1c\x83\x56\x65\xc5\x48\x3b\x4d\x4b\x28\x3b\xec\x8b\x00\
\x88\x21\x48\x41\x85\xe9\x36\xf2\xc9\x63\x66\xcf\x9d\x7b\x45\x2e\
\xbd\x49\xa3\x46\xb8\x15\x2d\x9a\xa0\xce\x85\x1e\x97\x2d\x9b\x50\
\x95\x3c\xbe\xfd\xee\x3b\x5a\x16\xc3\xfa\xf8\xe5\xca\x95\x8c\x1d\
\x33\xc6\xa3\xde\x67\xec\x88\xe0\xad\x57\x51\x15\x33\x8a\x6d\x2b\
\x02\x2a\xcb\x96\x2f\xa3\xfd\x0d\x37\x04\x9c\x67\xd1\xa2\x45\xcc\
\x98\x3e\x1d\x55\x51\x10\x75\xf5\x11\xf5\x8d\xb9\xf4\x96\xa7\xba\
\x33\x50\x1c\x87\x50\x15\x27\x37\xdf\x72\x0b\xb3\xe7\xcc\x29\x56\
\xab\x22\x2d\x2d\x8d\xf9\xf3\xe6\xf1\xd5\x97\x5f\xa1\x28\x32\xa2\
\x64\x02\x4d\x1d\x44\x6d\x5c\xc5\xb0\x23\xaa\x4e\x54\xc5\x0e\xb8\
\x40\x95\x3d\x73\x0a\x46\xef\xdf\xa0\xf8\xdb\xb5\x2a\xe7\xa2\xba\
\x4e\xa1\xb8\xd3\x41\x95\x89\x8e\x8e\xe6\x85\xd1\xa3\xb9\xaf\x5b\
\x37\x06\x3f\xf9\xa4\xd7\xf8\xbb\x99\xd5\xcf\x59\xc8\xf8\x0f\x7c\
\x57\x8f\xd9\x2e\xf0\xd4\x1d\x2e\x46\x77\x2b\x70\x42\x3e\x5d\xaf\
\xe1\x8e\x56\x32\x35\xc3\x0b\xee\x99\xfd\x17\x78\xf4\x20\xbe\x40\
\x4b\x44\x15\x30\x21\x62\x50\x50\x85\x28\xfd\xc9\x08\x8c\x08\x6a\
\xc7\xb1\xc0\x52\xbf\x27\xf1\xb4\xfd\x5d\xdd\x9b\x58\x25\xe1\xda\
\xbf\x7b\x15\x88\xc6\xf1\x83\xfb\x00\x01\xe3\xe6\x83\x1c\xc7\xe8\
\x59\x06\xb1\x20\x28\x20\xec\x39\x7d\xcf\xfd\x38\x0e\x96\xbd\xb3\
\xe0\xd2\xce\x81\xa2\xa0\xda\x6c\xa4\xb6\xeb\x54\xee\xd4\x42\x49\
\x91\x2a\x06\x31\xde\xd4\x86\x1c\xaf\x13\xa0\xba\xd2\x51\x9d\x87\
\x50\x14\x17\x77\xdd\x75\x17\xaf\xce\x9a\x55\xa8\x15\xad\x22\x90\
\xaf\xbc\x97\x9f\x93\xcf\x2f\xe4\xb3\x59\xad\xb8\xdc\x6e\x2c\x66\
\x33\xb2\x57\xb9\x4f\x55\x55\x0f\xc1\x8f\xd7\x89\x28\xf4\xdc\x4b\
\xd9\x01\xed\x76\x5f\x11\xa1\xdb\xe5\xc2\x62\xb1\x20\xcb\xb2\x6f\
\x8e\xbd\xfb\x03\xb7\x56\x4e\x7d\xf1\x45\xd6\xfc\xf4\x13\xe7\xcf\
\x9f\x47\xbd\x44\x7c\x44\x10\x40\x23\xc1\x2f\x93\x6c\xc4\x46\xaa\
\xac\xd9\xe3\xa9\x8a\x3e\x97\x2b\xa0\xd1\x48\xb4\x6d\xdb\x8e\x6e\
\xdd\xbb\xd3\xbe\x7d\x7b\x6a\xd7\xa9\x53\xa8\x50\xcd\xed\x76\x73\
\xe6\xf4\x69\x0e\x1f\x39\xc2\xe7\x4b\x97\xb2\x7d\xfb\x76\xec\xf6\
\x02\xea\xdd\x16\x71\x0a\x03\xbb\xba\xb8\x37\x41\xf6\x9d\xb8\xf2\
\x6f\xb0\xf9\xf8\x74\xe9\x52\x6e\xba\xf9\xe6\x52\xff\x8d\xd7\xfe\
\xfa\x2b\x43\x87\x0c\x41\x91\xdd\xbc\x3f\xd8\x41\x97\xe6\xa5\x23\
\xb6\xba\xed\x25\x23\x69\x17\x44\x34\xc1\x5d\xe1\x12\x61\x29\xc5\
\x75\x12\xc5\x7e\x88\x69\xaf\xbc\x42\xbf\xc7\x1e\x2b\xf4\x9c\xf8\
\xe6\xcd\xb1\xda\xd5\x2b\x1c\x00\xc5\x75\x1a\xc5\x7e\x80\xfb\xee\
\xbb\x8f\xb7\x16\x2c\x28\x76\xed\xb9\x73\xe6\xf0\xee\x3b\xef\x20\
\x48\x21\x48\xc6\x0e\x3e\xe3\xaa\xba\x33\x91\x6d\x7b\x88\x89\x89\
\xe1\x87\x9f\x7e\x22\x2a\x2a\x70\x85\xfe\xfa\xf5\xeb\x19\x36\xf4\
\x59\xcc\xe6\x3c\xaf\x80\x51\xab\x42\xaf\x05\xd5\x81\x6c\x4f\xf2\
\x86\xc8\x83\x19\x37\x7e\x1c\x7d\xfa\xf6\xf5\xab\x5b\x91\x8f\x13\
\xa9\xa9\xbc\xb3\x60\x01\xdf\x7c\xf3\x0d\x6e\xb7\x1b\x51\xd2\x81\
\x54\x0b\x41\x5b\xdb\xe7\xb0\x54\x0e\x14\x54\xf9\x22\xaa\xfb\x3c\
\xaa\xfb\xac\xaf\xfb\x20\x3a\x3a\x9a\x81\x83\x06\xd1\xbf\x7f\x7f\
\x64\x45\xa1\x7f\xbf\x7e\xec\xdd\xbb\x97\x87\x3b\xb9\x79\xf9\x91\
\x02\xe3\xbf\xe5\x2f\x89\x67\x16\xea\xb1\x39\x61\xc4\x3d\x2e\x86\
\xfe\xa7\xc0\xf8\xcf\xfd\x5e\xcb\xc2\xb5\x5a\xda\xd4\x57\x58\xfe\
\x7c\xc1\x67\xf6\xe5\x95\x3a\x3e\xdf\xa8\x61\x3e\x5a\x9a\xff\x83\
\x4c\xc8\x72\x5d\x5d\x3e\xd1\x37\x28\x6e\xd8\x7f\x92\x93\x12\x7f\
\xa9\x8c\xfd\x54\x06\xfe\x39\xef\x9e\x17\x8d\xe3\x07\xff\x0a\xf8\
\xe5\xb4\xd5\xa2\xf0\x8e\x65\x3b\xb5\x95\x32\x18\x57\x49\x22\x76\
\xe9\xc7\x98\xbf\x5b\x4d\xee\xb2\x2f\xca\xb4\xbf\xb0\x81\x8f\x13\
\x35\x71\x1c\x42\x80\x50\x75\xf6\xdc\x37\xb9\xb0\xe0\xbd\x32\xcd\
\x5f\x56\xa4\x89\x46\xc6\x18\x5b\x71\xce\x79\x0c\xd5\x95\x86\x5e\
\x6f\x60\xf2\x8b\x53\xe8\xdb\xb7\x6f\xa5\xee\xa3\x2a\xc0\xed\x76\
\x93\x99\x99\x49\x46\x7a\x3a\xeb\x7e\xff\x9d\xf7\xde\x79\x87\x07\
\x6f\x70\x33\xad\x97\x93\xa9\x5f\xe8\x58\xb5\x55\xe3\x93\xf5\xcd\
\x87\x20\x08\xd4\xaf\x5f\x9f\xf8\x96\x2d\x69\xd9\xb2\x25\xad\x5b\
\xb7\xa6\x45\x7c\xfc\x15\x3c\x05\x6e\xb7\x9b\x7d\xfb\xf6\xb1\x61\
\xfd\x7a\xd6\xac\x59\xc3\x91\xc3\x9e\x34\x62\x97\xe6\x32\x6f\x3e\
\xe1\x24\x48\xaf\xb2\xfd\x98\x48\xbf\xb7\x0c\xd4\xae\x5d\x9b\xe8\
\xe8\x68\x16\x2f\x59\x52\x28\xaa\x50\x12\xe4\x1b\x7f\xb7\xdb\xcd\
\xcc\xde\x4e\x7a\x74\xf4\xdf\x9a\xba\xf7\x84\x48\xea\x59\x91\xb8\
\x28\x85\x84\xfa\x8a\xcf\x11\x99\xf6\xa5\x8e\xcf\x36\x68\x10\x0d\
\xcd\x11\xb5\x05\x39\xd1\x7c\x23\xfc\xcc\x90\x21\x8c\x1d\x57\x38\
\x12\x7a\x63\xc7\x8e\x64\x66\x66\x23\x05\xdf\x76\xd9\x2a\x0a\xb2\
\x65\x3d\x02\x2e\xfe\xb7\x7e\x7d\xb1\x44\x39\x8a\xa2\xf0\xd4\x93\
\x4f\xf2\xfb\xba\x75\x9e\x2a\xfc\x4b\x2a\xb2\xf3\x6b\x10\x6e\xbe\
\xe5\x16\x16\x7f\xf2\x49\xb1\xc6\xfa\xd8\xb1\x63\x3c\x35\x68\x10\
\xa9\xa9\xa9\x08\x62\x30\xa2\x31\xe1\x0a\x23\xad\xb8\x4e\xa1\x3a\
\x93\x51\x15\x17\x09\x09\x09\xcc\x98\x39\x93\xa6\xd7\x5d\x17\x70\
\x5e\xf0\x44\x04\x16\x7d\xf8\x21\xcb\x97\x2f\xf7\x45\xb6\x44\x4d\
\x35\x04\x6d\x2d\x04\x4d\x0c\x65\xba\xc5\xaa\x0e\x54\xd5\x45\x01\
\x07\x81\xe2\x89\x06\xa8\x2e\x4f\x84\x40\xb5\x82\x62\x43\x95\xf3\
\xbc\x42\x45\x9e\x0f\xa2\x24\x49\xdc\x7c\xf3\xcd\x3c\xd4\xb3\x27\
\x77\xdf\x7d\x37\x5a\xad\x96\xbc\xbc\x3c\x9f\xf1\xef\x7d\x93\x27\
\x7d\x95\xff\xfe\x6e\x3a\x22\x31\x64\xa1\x1e\xbb\x0b\x46\x77\x73\
\xf1\xd4\x1d\x1e\xe3\xaf\xaa\xf0\xca\x57\x9e\xf7\xde\xa0\x85\x37\
\x9f\x70\xd0\x35\xbe\xc0\x79\x7c\xfb\x27\x2d\x0b\xd6\x68\x99\x8b\
\x86\xd6\xd7\x9c\x15\xa0\x62\x90\x2a\x06\x31\x3c\xa8\x1d\xee\xc0\
\xaf\x67\x69\x72\x52\xe2\x63\x81\x06\xfc\xdd\xf0\x4f\x74\x00\x1a\
\x00\x07\x00\xbf\x25\x9c\xe5\x49\x05\x48\xd5\xaa\x51\xe3\x83\x05\
\xa4\x3d\xfa\x58\xa9\x72\x4e\x62\x48\x08\x31\xb3\x67\x12\xf4\xdf\
\xff\x04\x1c\x67\xf9\x65\x2d\x19\xcf\x0c\x2b\xb7\x0a\x61\x69\x71\
\x08\x95\xe9\xa2\xc2\x59\x45\xe6\xba\xeb\xae\xe3\xad\x05\x0b\x68\
\xd4\x28\x20\x03\x16\x49\xfb\xf7\x63\xb6\x58\x10\x04\xc1\x67\xa0\
\xf2\xc5\x74\xf2\x73\xfe\x40\xb9\x73\xf3\xd7\x12\x33\x67\xcc\xe0\
\xc3\x85\x0b\x79\x6b\x80\x83\xcf\x36\x6a\xd8\x9a\x2c\xd1\xb4\x69\
\x13\xc6\x8e\x1b\x8f\xaa\xaa\xa4\xa6\xa6\x72\xe8\xe0\x41\x92\x0e\
\x1c\xe0\x68\x72\x72\x21\x5d\x02\x49\x92\x68\xd2\xa4\x09\xd7\xb7\
\x69\x43\xeb\xd6\xad\x49\x68\xdb\x96\x86\x0d\x1b\x16\xca\x35\x6f\
\xd9\xb2\x85\xa9\x53\xa6\x90\x9c\x9c\x4c\xc7\x26\x32\x8b\x86\x78\
\x52\x0c\x77\x4d\x37\x72\xe6\x82\x96\xbd\xfb\xf7\x97\x9a\xec\xe8\
\x8b\x15\x2b\x98\x34\x71\x22\xb2\x2c\xf3\xd2\xc3\x4e\x7a\xdf\x5c\
\xb4\xf1\xb7\x38\x04\xfa\xbd\xa5\xe7\xe0\xe9\x82\x9b\x5e\xbe\xde\
\x40\x93\x58\x85\x23\x69\x22\xf7\xcf\x36\x80\xa0\x47\x32\xdd\x52\
\x70\x0a\x57\xf2\x90\x2d\x9b\xb8\xe7\xde\x7b\x59\xf0\xce\x3b\x85\
\xe6\xec\xf1\xe0\x83\xec\xde\xbd\x1b\x4d\xf0\xed\x85\x4f\xda\x14\
\xa4\x0e\x7a\xf4\xe8\xc1\x9c\xd7\x8b\x67\x6a\xcb\xcb\xcb\xe3\xc1\
\xfb\xef\xe7\xf8\xf1\xe3\x88\xfa\xa6\xbe\xce\x00\x50\x3c\x44\x36\
\x72\x0e\x63\xc7\x8d\xe3\x99\x21\xc5\x73\x66\xe4\xe4\xe4\xf0\xec\
\xd0\xa1\x6c\xfa\xf3\x4f\x04\x41\x87\x68\x6c\x7d\x25\xad\xb1\xea\
\x40\xb6\x1f\x46\x75\x67\x20\x49\x12\x4f\x0d\x1e\xcc\xb0\x61\xc3\
\x4a\xa4\x67\x61\x36\x9b\x59\xf9\xc5\x17\x2c\x59\xb2\x84\x13\xa9\
\xa9\x00\x88\x92\x1e\xa4\xea\x08\x9a\x1a\xde\x42\xc4\x92\xdd\x6e\
\x15\x47\x12\x8a\xb3\x78\xe5\x3b\x41\x10\x68\xd0\xa0\x01\x6d\x12\
\x12\xb8\xa5\x73\x67\x6e\xbe\xf9\xe6\x42\x91\xba\xec\xec\x6c\xfa\
\xf6\xe9\xc3\x91\xc3\x87\xe9\x73\xb3\x47\x82\x3a\xff\xa3\xb7\x2e\
\xc9\xc3\xf1\xe0\x96\x29\xf4\x19\x91\x15\x98\xbc\xdc\xe3\xe4\x1a\
\x75\xf0\xfe\x53\x0e\x3a\x36\x29\x1c\x39\x9a\xb1\x4a\xc7\x92\x3f\
\xfe\x39\x11\x00\x37\x02\x23\x4d\x6d\x39\x2a\x05\x74\xb2\xcf\xe3\
\x09\xfd\x9f\x0f\x34\xe8\xef\x86\xbf\xff\xbb\x57\x04\x1a\xc7\x0f\
\x7e\x1e\x78\x33\xd0\x98\x81\x8e\x63\x3c\x5c\xc6\x54\x80\xa6\x66\
\x4d\xdc\xe9\xe9\x25\x1e\xaf\x8f\x6f\x41\xf5\x77\xdf\x42\x5b\x27\
\x60\x65\x29\x79\x2b\xbf\xe2\xdc\xc4\x17\x51\x5d\x57\x97\xb9\xf0\
\x52\x28\xc0\x32\x64\x96\x08\x0a\x8a\xaa\x32\x70\xe0\x40\xc6\x8e\
\x1f\x5f\x22\xf6\xb2\xfb\xbb\x77\x67\xff\xbe\x7d\x25\x5e\x4b\x92\
\x24\x5f\xef\x73\x50\x50\x10\x92\x24\xf9\x8a\x02\x01\x82\x43\x42\
\x10\x05\x01\xad\x4e\x87\xd1\x1b\x46\x0f\x09\x0d\x45\x00\x8f\x02\
\xa0\xf7\xb1\x7c\xde\x01\xbd\x5e\x8f\x4e\xaf\xf7\x15\x09\x02\xc4\
\xc4\xc4\xd0\xb9\x73\x67\x02\x61\xe3\x86\x0d\xfc\x95\x9c\x4c\x5c\
\x5c\x9c\xef\xc7\x1f\x97\x41\xdf\x3e\x7d\xd8\xbc\x69\x13\x2d\xeb\
\x28\xec\x3f\x29\xd2\xf5\xf6\xdb\x79\xeb\xed\xb7\x8b\xec\xe1\xb6\
\xdb\xed\x1c\x39\x72\x84\xa4\xa4\x24\x76\xef\xda\xc5\xae\x5d\xbb\
\x48\x4d\x29\xdc\x79\x12\x16\x16\x46\x9b\x84\x04\xda\xb7\x6f\x4f\
\x42\xdb\xb6\xb4\xf2\xe6\xc3\x1f\xef\xdf\x9f\x1d\xdb\xb7\x33\xe9\
\x21\x27\xfd\xbb\xb8\x99\xbc\x5c\xc7\xca\xcd\x9a\x12\xe5\xcc\xf3\
\x71\xf2\xc4\x09\x96\x7c\xf2\x09\x8b\x16\x2d\x42\x12\xe1\x95\x47\
\x9d\xf4\xe8\x50\xb4\xf1\x57\xbd\xad\x87\x6b\xf7\x4b\x1e\x31\x19\
\x4d\x4d\x4f\xef\xba\xfb\x1c\x41\x06\xf8\x68\x88\x9d\x36\xf5\x14\
\x26\x2d\xd3\xf1\xe5\x16\x4d\xe1\x53\xb8\x2a\xe3\x36\xaf\x25\x3e\
\x3e\x9e\xef\xbc\x84\x49\xf9\x98\x32\x69\x12\x9f\x7d\xf6\x19\x92\
\xe9\x86\x82\x02\x3e\x1f\x64\x64\xcb\x06\x04\x5c\xac\xfd\xed\xb7\
\x12\xd5\x36\x1c\x3d\x7a\x94\xfb\xbb\x75\xc3\x6e\x77\x20\x1a\x3b\
\x78\xd5\xea\xbc\x35\x2a\xb6\xcd\x08\x82\xc2\x97\xab\x56\xd1\xba\
\x18\xc5\x49\xf0\x74\x4f\xbc\x32\x6d\x1a\x4b\x3e\xf9\x04\x04\x11\
\x51\x7f\x5d\xa1\xc8\x86\xef\x6f\xe3\x3e\xe7\xad\x0d\xb0\x11\x15\
\x1d\xcd\xa8\x51\xa3\x78\xe4\x91\x47\x4a\x24\x4b\xad\xaa\x2a\x9b\
\x37\x6d\x62\xc5\x8a\x15\xac\xf9\xe9\x27\x5c\xde\xef\xb2\x28\x19\
\x40\x8a\x29\x91\x33\xe0\x89\x70\x9c\x82\xcb\xda\x96\x3b\x76\xec\
\x48\xe7\x2e\x5d\xa8\x59\xb3\x26\xf5\xeb\xd7\xa7\x61\xa3\x46\x3e\
\x27\xfb\x72\x64\x67\x67\xd3\xa7\x77\x6f\xfe\x3a\x72\xe4\x8a\xbc\
\xfe\xcf\x7b\x24\x46\x2d\xd1\xa3\x28\x30\xad\x97\x93\x87\x3b\x79\
\x3e\x23\x2e\x19\xc6\x7e\xaa\xe7\xc7\xdd\x12\xc1\x06\x95\x45\x43\
\x1d\xb4\xae\xeb\xd9\x43\xb6\x59\xe0\x68\x86\xc8\x0d\x8d\x64\x9e\
\xfd\xd0\xf3\xb9\x59\x8e\x96\xa8\x7f\x80\x09\x59\xaa\xaf\xcf\x67\
\xc5\x0b\xa6\x3d\x96\x9c\x94\xb8\xb4\x12\xb6\x53\xa9\xf8\xfb\xbf\
\x7b\x45\xa0\x71\xfc\x60\x11\xf8\x03\xf0\x9b\x38\xd5\xa0\x30\xdf\
\xb2\xf3\xaa\xeb\x5c\x87\xf6\xed\x4d\xf4\xd4\x49\x08\x01\x0c\xaa\
\xea\x76\x93\x35\x6d\x06\x39\x4b\xae\x5e\xdb\x5f\x51\x38\x8b\xca\
\xab\x82\x4c\x92\xaa\x10\x15\x15\xc5\xdc\x37\xde\x28\x95\xb2\x59\
\xe2\x07\x1f\x90\x96\x96\x86\xc5\xcb\x5c\x97\xeb\x15\x31\x32\x5b\
\x2c\x28\xb2\xec\xcb\xc9\xe7\xe7\xf9\xf3\xfb\xf2\x55\x55\xbd\x82\
\xed\xae\xa2\xd0\xac\x59\x33\x7e\xf8\xe9\xa7\x80\x63\xc6\x8d\x1d\
\xcb\xca\x2f\x0a\xa7\x70\x42\x42\x42\x7c\xce\x40\xed\xda\xb5\x69\
\xd0\xa8\x11\x0d\x1a\x34\x60\xec\xe8\xd1\x9c\x3e\x7d\x1a\x80\x5b\
\x6f\xbd\x95\x0f\x16\x2e\xf4\xdb\x87\x5e\x14\xb2\xb3\xb3\xd9\xb5\
\x73\x27\xbb\x76\xed\x62\xe7\xce\x9d\xec\xdb\xbb\x17\xc7\x25\x44\
\x25\x92\x46\x43\x7c\x8b\x16\x34\x6d\xda\x94\xaf\xbf\xfe\x9a\x10\
\xbd\x8b\x0d\xd3\xac\xbc\xf7\x8b\x27\xcc\x7a\x29\x49\xd1\xe5\x90\
\x65\x99\x6d\x5b\xb7\xb2\x76\xed\x5a\xfe\xf7\xfb\xef\xa4\x78\x9d\
\x0d\xa3\x0e\xde\x1e\xe8\xe0\x96\x66\xfe\x73\xfe\xef\xac\xd1\xf2\
\xd6\x4f\x5a\x04\x41\x83\x14\x74\xb3\x4f\x4c\x27\xff\x94\x1e\x6a\
\x82\xe5\xcf\xdb\xa9\x11\xae\xd2\xf3\x75\x3d\xc7\x33\x45\x8f\x58\
\x8e\xa1\x05\x20\x20\x5b\x37\x20\x09\x4e\xf6\x1f\x38\x50\xa8\x97\
\x3e\x5f\x66\x58\xd4\x37\x42\xd4\x35\xbc\x62\x5d\xc5\x79\x12\xc5\
\x71\x88\xdb\xef\xb8\x83\x85\x1f\x7e\x58\xa2\xbf\xe1\x17\x2b\x56\
\x30\x7e\xdc\x38\x04\x29\x08\xc9\xd8\xa9\x20\x12\xe1\x4a\x47\xb6\
\xef\xa3\x4e\xdd\xba\xfc\xf8\xe3\x8f\x25\x3a\xa9\x03\x7c\xfe\xf9\
\xe7\xbc\xf4\xe2\x8b\x9e\xdc\xbd\xae\x0e\xa2\xfe\x3a\xae\xb8\x15\
\xaa\x32\x8a\x2b\x15\xd5\x95\x8a\xaa\xb8\x69\xdc\xa4\x09\x13\x26\
\x4c\xe0\xd6\xdb\x2e\x4f\x6d\xf8\x47\x5e\x5e\x1e\x6b\x7f\xfd\x95\
\x6f\xbf\xf9\x86\x3f\xff\xfc\xd3\x17\x1d\x12\x45\x1d\xaa\x18\x81\
\xa0\x89\xf6\x54\xf5\x17\x55\x33\xa0\xba\x3d\x8e\x88\x3b\x13\x55\
\x3e\xe7\x95\xf0\xf5\xd0\x20\x77\xef\xde\x9d\xee\xf7\xdf\x4f\xc3\
\x86\x57\xfe\x7d\x01\x32\xd2\xd3\xe9\xd7\xb7\x2f\xc7\x8f\x1f\xbf\
\xc2\xf8\x7f\xbf\x43\xe3\x53\x92\x9c\xdd\xcf\x49\xb7\x76\x1e\xe3\
\x6f\x77\xc1\xc8\xc5\x7a\xd6\x25\x49\x44\x04\xa9\x7c\x32\xcc\xe1\
\x2b\x18\xcd\xb8\x28\x30\xf0\x5d\x3d\x67\xb2\x45\x3e\x1f\x61\x67\
\xe8\x42\x3d\xd6\x1c\x81\xaf\xb8\x36\xd4\xd0\x15\x89\xe3\x62\x30\
\xcf\x05\xb5\x43\x0e\x6c\x0a\x7f\x4c\x4e\x4a\xbc\xb7\xb2\xf6\x54\
\x99\xf8\x47\x3a\x00\x00\x8d\xe3\x07\x5f\x07\xec\x05\xff\x9f\xd2\
\x7a\x8a\x85\xf9\xff\xc7\xde\x79\x87\x47\x51\x6f\x6f\xfc\x33\x5b\
\xb3\x9b\x42\x0b\xa4\x11\x4a\x92\x0d\x2d\x10\x48\x28\x57\xbd\x62\
\x57\xec\xd7\x76\x11\x45\x3a\xa1\x5b\x00\xb1\x63\x2f\x28\x48\x51\
\x41\x50\xc1\xee\xb5\xfd\x2c\x28\x82\xbd\x23\x3d\x81\x50\x37\xbd\
\x37\x42\x48\xd9\xbe\x33\xbf\x3f\x66\x77\x92\x90\x64\x53\x28\x42\
\xe4\x7d\x9e\x7d\x0c\xd9\xef\x94\xdd\x8c\x73\xce\x9c\xf3\x9e\xf7\
\xad\xd9\x8e\xae\x0d\x02\x41\xcd\x41\xe5\x6f\xa4\xeb\xa2\x67\x08\
\xb8\xe6\x2a\x9f\xeb\x5c\x85\x45\x14\xcf\x98\x83\x2d\x39\xe5\x84\
\x9f\x83\x2f\xfc\x82\xc8\x32\x95\x48\xb5\x28\x72\xe1\x85\x17\xf2\
\xc2\x92\x25\xcd\x12\xaa\x4e\x06\xbc\x93\x02\x16\x8f\x33\x9f\x97\
\xd0\xe7\x75\xf0\xf3\x3a\xfa\x41\x6d\x82\xe1\x25\x08\xda\x3c\x02\
\x3f\xca\x36\x2e\x17\x1d\x3b\x76\xe4\x9e\xb9\x73\x7d\x1e\x73\xf3\
\xe6\xcd\xa4\x24\x27\x53\x50\x50\x40\x41\x41\x01\x85\x05\x05\x14\
\x16\x16\x52\x51\x51\xd1\x60\xad\xb7\xd7\xef\xe7\xe7\xc7\xa8\x51\
\xa3\x18\x14\x1f\x4f\xff\x01\x03\xe8\xdf\xbf\x7f\x83\x71\xc1\x96\
\xc0\xe9\x74\x92\x9a\x9a\x2a\x2b\xfd\x6d\xdf\xce\xf6\xed\xdb\x39\
\x7c\x58\x36\x93\xb9\xf8\x92\x4b\xf8\xf1\x87\x1f\x58\x31\xc9\xce\
\xe6\x83\x6a\x3e\xf8\x43\xc3\x97\xeb\xd7\x13\x37\x70\xa0\xb2\xbd\
\x24\x49\xec\xd8\xbe\x9d\x2f\xbe\xf8\x82\x6f\x36\x6c\xa0\xbc\xbc\
\x56\x5c\xa7\x6f\x84\xc8\xbf\xfb\xba\xb9\x3a\xc1\x4d\xff\xee\x4d\
\x5f\xd3\x3f\xa6\xca\xbd\x5f\x00\x41\xdd\x05\xb5\xb1\xbe\x8c\xb3\
\x68\x3f\x88\xe8\xc8\x22\xbc\x93\xc4\x27\xf3\x6c\x38\xdd\x70\xc7\
\x4b\x7e\xe4\x94\x09\xa8\x34\x1d\x11\xf4\x71\x9e\x11\xb3\x02\x3e\
\xfc\xe8\xa3\x7a\x6c\xfc\x8a\x8a\x0a\x86\x25\x26\x22\x62\x44\x6d\
\x6c\xcc\xac\x53\xc2\x6d\xf9\x13\xc9\x5d\xcd\x5b\xef\xbc\xc3\xf9\
\xe7\x9f\xdf\xa2\xef\x6d\xce\xec\xd9\x7c\xfd\xd5\x57\xa8\xb4\xdd\
\x3d\x49\x88\x0c\xb7\x6d\x37\x92\xb3\x90\x1b\x6f\xba\x89\xc5\x2d\
\x68\x2b\x78\xf1\xd7\x5f\x7f\x31\x73\xfa\x74\x2a\x2a\x2a\xe4\xef\
\xc0\x10\x0f\x8d\x8d\xc3\x4a\x76\x44\x7b\x1a\x92\x2b\x1f\x49\x92\
\x38\xf7\xbc\xf3\x98\x37\x7f\x3e\x43\x86\x34\x6b\x0f\x5b\x0f\x15\
\x15\x15\x6c\xd8\xb0\x81\x0d\x5f\x7f\xcd\xd6\x2d\x5b\x70\xd5\x91\
\x0b\x57\xa9\x8d\xa0\x0a\x46\xd0\x45\xd4\x33\x34\xaa\x3d\x07\x37\
\x92\xbb\x04\xd1\x59\x0c\xee\x52\x45\x4c\xa8\x6f\xbf\x7e\xfc\xe7\
\x3f\xff\x61\xca\xd4\xa9\x0a\x0f\xa2\xa8\xb0\x90\x5b\x6f\x1d\x4d\
\x4e\x76\x0e\x73\xae\x74\x32\x7b\x54\x6d\xf0\xff\x68\xb3\x86\x47\
\x3f\xd4\xa1\x52\xc1\xd2\xf1\x76\x2e\x8f\x97\x13\x12\xab\x03\xa6\
\xad\x91\x89\xa7\x21\x1d\x24\xde\x9c\x65\x27\x2a\x44\x3e\x46\xee\
\x61\x81\x49\x2b\xe5\xbf\xfd\x08\x93\x9b\xfb\xff\xe3\xe4\x86\x17\
\xfc\x38\x0f\x15\x8f\x71\x66\xb6\xf5\xbc\x70\xa0\x62\x8e\xff\x50\
\x72\x7c\x4b\xa3\x57\x22\x97\xfe\x5b\xef\x2a\x77\x06\xa0\xdd\x26\
\x00\x00\xa6\xb8\xa4\xf9\x80\x4f\x75\x88\x1b\x1d\xb9\x4c\xb5\xa7\
\xb5\xf9\x18\x9d\xef\x9e\xc3\x91\x95\xab\xeb\xf1\x01\x74\x7d\x63\
\x09\x5d\xf9\x12\xda\x28\xdf\x25\x4e\xeb\x1f\x9b\x29\x9e\x73\x0f\
\xee\xf2\xe6\x15\xd2\x4e\x14\xac\xc0\xcb\xb8\xf8\x16\x11\x9d\x4e\
\xc7\x7d\xf7\xdf\xcf\x84\x89\x13\x4f\xa8\x46\xf9\x99\x0a\x8b\xc5\
\x42\x61\x61\x21\xd9\x59\x59\x64\x65\x65\x91\x9e\x9e\xce\xc7\x1f\
\x7d\x88\xdb\x2d\xd6\x9b\x0a\xf0\xa2\x47\xcf\x9e\x0c\x1c\x38\x90\
\x21\x43\x86\x30\x78\xf0\x60\xfa\x0f\x18\xd0\x26\x3b\xd8\xec\xac\
\x2c\x76\xec\xd8\x41\x48\x68\x28\x77\xdc\x7e\x3b\x17\xc7\xb9\xd9\
\x97\xa7\xa2\xd2\x61\x64\x57\xca\x6e\xb4\x5a\x2d\x47\xca\xcb\xf9\
\xf4\xd3\x4f\xf9\xe0\xfd\xf7\x95\x27\x7d\xbd\x16\x46\xf6\x93\xc7\
\x09\xcf\xef\xe7\x26\x38\xb0\x79\x4e\x4b\x46\xb1\x8a\x9b\x5f\xf4\
\xa3\xc6\x43\xea\x16\xd4\x41\xa8\x8d\xc7\x8e\x77\x4a\xb8\xad\x29\
\x48\xae\x62\x4c\x61\x22\x6b\x92\xec\x18\xf4\x30\x79\xa5\x9e\xbd\
\x79\x2a\x40\x85\x4a\x1f\x8d\x68\x37\x33\x6f\xfe\x7c\x66\xcd\x9e\
\x5d\x6f\xeb\xa9\x53\xa6\xf0\xc3\xf7\xdf\xa3\x36\x8e\x68\xd4\x55\
\x4f\x72\x1d\xc6\x6d\xdd\x4e\xf7\xee\xdd\xd9\xf4\xdd\x77\x2d\xe2\
\x38\x54\x56\x56\x72\xc5\xe5\x97\x53\x5c\x54\x54\xdf\x96\x58\x72\
\xc9\x09\x85\x68\x65\xf9\x8a\x15\x5c\x7b\xdd\x75\xcd\xee\xcb\x8b\
\xdc\xdc\x5c\xa6\x4c\x9a\x8c\xd9\x7c\x08\x41\x65\xf4\x90\x03\x1b\
\x0f\x06\x92\x58\x8d\x68\x3f\x84\xe4\x92\x4d\x98\x46\x8e\x1c\xc9\
\xcc\xd9\xb3\x19\xde\xcc\x28\x62\x63\xb0\xd4\xd4\xf0\xe7\x9f\x7f\
\xf2\xcb\x2f\xbf\xf0\xeb\x2f\xbf\x28\xb6\xbe\x6a\xc3\x50\x04\x4d\
\x33\x49\xb8\xe4\xc6\x6d\x4b\x41\x72\x95\x12\xd4\xa1\x03\xaf\xbf\
\xfe\x3a\x43\x87\xc9\x3a\x0d\xd9\x59\x59\x8c\x1f\x37\x8e\x9c\x9c\
\x1c\xe6\x5d\xeb\x24\xe9\xd2\xda\xe0\xff\xc1\xef\x1a\x1e\xfb\x58\
\x87\x56\x0d\x2b\x26\xd5\x92\xfa\xaa\xac\x02\x93\x56\xc9\x12\xbf\
\x3d\x82\x25\xde\x98\x61\xa3\x87\x47\x05\x30\xb3\x44\xc5\xf8\x97\
\xf5\x14\x1f\x15\xb8\x38\xce\xcd\xb2\x09\x76\x9e\xfa\x54\xc7\x47\
\x9b\x35\xdc\x8b\x86\xcb\xcf\x70\x02\xe0\x2a\xbd\x89\x2f\x75\xcd\
\xba\x36\x4e\x34\xa7\xae\x79\xf3\x14\x9c\xce\xdf\x82\x76\x7d\xd7\
\xf7\xb4\x02\xfe\x00\x1a\xaf\xa1\x22\x7f\x01\xcf\x1e\x87\x57\x80\
\xff\x15\x97\xe1\x7f\xf9\x65\x94\xde\xf7\x00\x92\x5b\xa4\xc3\x1d\
\xb7\xd1\xe5\xe1\x07\x7c\x96\xfc\x01\x8e\xac\x5c\x4d\xf9\x92\x65\
\xe0\x6e\xdd\x68\xd6\xf1\xe0\x80\xa7\xe4\x5f\x20\x89\xc4\xc4\xc4\
\xb0\xfc\xa5\x97\x7c\x1a\xa3\xbc\xb9\x6e\x1d\x9b\xff\xfc\x13\x83\
\xd1\x88\x56\xa3\x91\x05\x77\xf4\x7a\xb9\x1f\xaf\xd7\xa3\xf5\x08\
\xf2\x68\x35\x1a\x0c\x46\x23\x6a\x95\x0a\xff\x80\x80\x7a\xa4\x40\
\x6f\x6f\xdd\x2b\x0a\xe4\xed\xfd\x9f\x29\xc4\xc0\xf8\x81\x03\xb9\
\xeb\x9e\x7b\xb8\xe5\x96\x5b\xd8\xbf\x7f\x3f\xfb\xf6\xee\x65\xcf\
\x9e\x3d\xa4\xee\xd9\x43\x46\x46\x46\x7d\xd2\x9f\x46\x43\xff\xfe\
\xfd\x49\x48\x48\x60\xe8\xd0\xa1\x0c\x1b\x3e\x9c\x6e\xdd\x7c\x9a\
\x89\x34\xc0\xf0\xa1\x89\x94\x95\xc9\x15\x81\xf1\x13\x26\x30\x7d\
\xc6\x0c\xd6\xac\x5e\xcd\xfb\xef\xbd\x8b\xdd\x2e\x8f\x6f\x8d\xec\
\xe7\xe6\x86\xe1\x2e\x46\xf6\x6f\x9d\x04\x71\xa5\x55\xe0\xbf\x2f\
\xea\xc9\x2c\x51\x71\xe7\x5d\x77\xb1\xfe\xcb\x2f\xc9\xcc\xca\x96\
\x09\x7b\x0d\x6e\xe6\xa2\x3c\x1e\xe7\x2c\xc4\xa8\x87\xf8\x9e\x6e\
\xb6\x98\xd5\x88\x12\xa8\x74\x51\xa8\xb4\x91\xb8\x6a\x7e\x69\xb4\
\xe5\xb2\x6d\xeb\x56\x46\xff\xf7\xbf\x08\x9a\x2e\xa8\x0d\x8d\x9b\
\x44\x79\xd5\x01\x27\x4c\x9c\xc8\xc2\x47\x1f\x6d\xd1\xf9\x7f\xf7\
\xdd\x77\x4c\x9b\x3a\x55\x6e\x05\x18\xcf\x55\xce\x59\x72\x97\xe3\
\xb6\x6c\x27\x20\xc0\x9f\xaf\x36\x6c\xa0\x47\x8f\x1e\x2d\xfe\x4e\
\x6a\x6a\x6a\xb8\xeb\xce\x3b\xf9\xf1\x87\x1f\x10\x04\x0d\x2a\xbf\
\x78\x9f\xea\x7a\x92\xbb\x02\xd1\x91\x8e\xe4\x92\xb9\x60\x83\x07\
\x0f\x66\xda\xf4\xe9\x5c\x72\xe9\xa5\xad\xbe\x9e\xab\xaa\xaa\x58\
\x70\xef\xbd\x6c\xda\xb8\xd1\xe7\x77\x55\x7b\x70\x17\x6e\xfb\x3e\
\x24\x67\x21\x21\xa1\x61\xbc\xff\xc1\xfb\xf4\xf6\xf0\x28\xb2\xb3\
\xb2\x18\x73\xeb\x68\x8a\x8a\x8a\x1b\x04\xff\xd7\x7f\xd0\xf2\xc2\
\x97\x5a\xfc\xb4\xb0\x3a\xa9\x96\xd4\x57\x5e\x2d\x30\x71\xa5\x9e\
\x03\xf9\x2a\xa2\x43\x44\xd6\xce\xb4\x13\xea\x99\xf7\xf7\xaa\x02\
\x1e\xa9\x11\xb8\x3a\x41\x16\x0d\x5a\xbe\x41\x1e\x0b\xec\x8a\xc0\
\x6b\x68\x69\x59\xc3\xe5\xf4\xc4\x76\x4d\x17\x1e\x31\x34\xcb\xad\
\xf9\xd2\x9c\xba\xe6\xfa\x53\x71\x3e\x7f\x17\xda\x75\x02\x00\x60\
\x8a\x4b\x8a\x41\x6e\x05\x34\xe9\x94\xd1\x45\xb2\xb3\xb2\x66\x5b\
\x9b\x6d\x83\x83\x17\x3e\x84\xf1\xd2\x8b\x91\x1c\x0e\x74\x31\x8d\
\xf7\xe5\xbc\x10\xab\xaa\x28\x99\x7b\x1f\x35\xdf\x7d\xdf\xa6\x63\
\xb5\x05\x12\xf0\x3f\xdc\xbc\x25\x88\xb8\x25\x89\xdb\x6f\xbf\x9d\
\x87\x1e\x79\xa4\xd9\xa7\xd5\x47\x1e\x7e\x98\xf7\xde\x3d\xb9\xbc\
\x17\x3f\x3f\x3f\xb4\x5a\x6d\x6d\x52\xe1\x21\x00\x7a\xc9\x81\x2a\
\xb5\x9a\x00\x7f\x7f\x54\x2a\x95\x52\x72\x0f\xea\xd0\x81\x91\x17\
\x5c\xd0\x2c\x5f\x61\xd5\xca\x95\xbc\xff\xde\x7b\x8a\xa8\x4f\x78\
\x78\x78\xbd\x9f\xbb\x77\xef\xee\x53\x0b\x1e\x60\x7a\x52\x12\x2b\
\x5f\x7d\xb5\xd1\x51\x33\xab\xd5\xca\xde\xd4\x54\x76\xee\xdc\x49\
\x72\x72\x32\xbb\x76\xee\xac\xe7\x0a\x08\xd0\xa3\x47\x0f\x86\x0e\
\x1b\xa6\x24\x04\x4d\xf5\x6d\xbd\x98\x3d\x6b\x16\x1b\xbe\xfe\x9a\
\xae\x5d\x83\xb9\xfa\x9a\x6b\x79\xf7\x9d\x77\x70\xb9\x5c\x04\x07\
\x4a\x8c\x1d\xe9\xe2\x96\x7f\xb9\x08\x6e\x81\xc1\xd0\xb1\x10\x25\
\x98\xf1\x9a\x9e\x9f\xf7\xaa\xb9\x62\xd4\x28\x56\xae\x5a\xc5\x82\
\xf9\xf3\xf9\xf4\xd3\x4f\x9b\x20\xec\x79\xb6\x73\xe6\x81\x33\x07\
\x24\x2b\x12\x3a\x04\x5d\x4f\x54\x5a\x39\xc0\xca\x4c\xfc\x23\x7c\
\xf7\xc3\x0f\x0d\x3e\xd7\xed\x63\xc6\xb0\x79\xf3\x66\xd4\x86\x04\
\x04\x4d\xd7\x86\x3b\x96\x9c\x1e\xa3\x1f\x3b\x6f\xac\x5d\xcb\x45\
\x17\x5f\xdc\x70\x4d\x23\x98\x31\x7d\x3a\x9b\x36\x6e\x6c\xe0\xfa\
\x27\x9b\xfd\x64\x10\x1f\x1f\xcf\xc7\x9f\x7e\xda\xaa\x60\xec\x76\
\xbb\x59\xb2\x78\x31\xaf\xae\x5a\x05\x08\x9e\x89\x83\x9e\x3e\xb7\
\x91\x13\x81\x4c\x24\x57\x09\x20\x5f\x93\x97\x5f\x76\x19\x17\x5d\
\x7c\x31\x83\xe2\xe3\x89\x88\x68\x5c\xe3\xc3\xed\x76\x63\x36\x9b\
\xd9\xb4\x71\x23\x6f\xbf\xf5\x16\x47\x8e\x1c\xf1\x68\x1d\x0c\xf5\
\xa9\xe7\x2f\xb9\x8a\x71\xdb\x0e\x80\x64\x63\xd8\xf0\xe1\xac\x5c\
\xb5\x4a\x69\xd9\x99\xcd\x66\xc6\xdf\x31\x96\xa2\xa2\xe2\x06\x53\
\x1f\xab\xbf\xd3\xf2\xe2\x57\x5a\x02\xfc\x24\x56\x4e\x71\x30\xc2\
\x24\x07\xff\xa2\x0a\x81\xc9\xab\xf4\xa4\x15\xa9\xe8\x1b\x21\xb2\
\x6e\xa6\x9d\xce\x01\xf2\x75\x55\x57\x18\xe8\xa6\x7f\xb9\x78\xe2\
\xbf\x0e\x5e\xfc\x4a\xcb\x1b\x3f\x6a\x09\x47\x60\x31\x1a\xba\x9e\
\xc1\xa1\xe3\xa8\xa0\x65\xba\xff\x70\x2a\x7c\xfb\x27\x94\x03\x03\
\xcc\xa9\x6b\x8a\x4e\xd1\x69\xfd\x2d\x38\x73\xff\x8a\xad\x80\x29\
\x2e\x29\x09\x58\xed\x6b\xcd\x08\xd7\x61\x1e\xb5\xee\x6e\xd3\x17\
\x22\x68\xb5\x44\x7c\xf2\x3f\xf4\xf1\x03\x7d\xae\x73\x1c\x38\x44\
\xd1\xf4\x59\x38\xb3\xb2\x7d\xae\x3b\x91\x28\x45\x62\x11\x6e\x52\
\x10\xe9\xd8\xb1\x23\x8b\x5e\x78\x81\xcb\x2e\xbb\xac\xd5\xfb\xf1\
\x8a\xea\x78\x7b\xf5\xd6\x63\xfa\xef\x5e\x17\xbe\x63\x7b\xf7\x5e\
\xf1\x1e\xa8\xed\xe1\x57\x55\x55\xc9\xbf\xf7\x90\x05\xbd\xc2\x3d\
\x5e\x31\xa0\x06\xfb\xf4\x1c\xaf\x2e\xee\xba\xfb\x6e\xee\xba\xfb\
\x6e\x9f\xe7\xbc\xf2\x95\x57\x58\xb5\x72\x25\x35\x4d\xa8\x84\x09\
\x82\x40\x44\x44\x04\x31\x31\x31\x44\x45\x47\x13\x13\x13\x43\x74\
\x74\x34\xb1\x7d\xfa\xd0\xa1\x83\xec\x7e\x57\x56\x56\xd6\xa4\x87\
\x7c\x63\x28\x2a\x2c\x64\xfb\x8e\x1d\x6c\xdf\xb6\x8d\x1d\xdb\xb7\
\xb3\x7f\xff\xfe\x7a\x4a\x80\x9d\x3a\x77\x66\xd1\xa2\x45\x5c\xda\
\xc4\xdf\x60\xed\xda\xb5\x2c\x79\xe1\x05\x02\x02\xfc\x29\x2d\x2d\
\x23\x38\x50\x62\xf6\x95\x4e\x6e\x1c\xee\x42\x7f\x1c\xca\xab\x2b\
\xbe\xd1\xf2\xca\x46\x2d\x26\x93\x89\xcf\x3c\x86\x4e\x5e\xc5\x3d\
\x99\x08\xd7\x7a\xbb\x5f\xaf\x20\xd0\xe4\x29\x53\x78\xe8\xe1\x87\
\xeb\xbd\x67\x36\x9b\xb9\x6a\xd4\x28\x24\xb4\xa8\x0c\xe7\x36\xda\
\x5f\x97\x5c\x65\xb8\xad\x3b\xe8\xd8\xb1\x23\x5f\x7e\xf5\x55\xb3\
\xda\x00\x00\x25\x25\x25\x5c\x74\xc1\x05\xd8\x6c\x0e\xd4\xfe\xe7\
\x2b\xe4\x45\x99\x5b\xb0\x15\xc9\x5d\xc1\xb4\xe9\xd3\xb9\xef\xfe\
\xfb\x5b\xfd\x79\x3e\xff\xec\x33\xee\x5b\x70\x1f\x4e\xa7\xc3\x43\
\x78\xec\x4f\xc3\xca\xc8\x31\x9f\x41\xac\x41\x72\xe6\x80\xab\x04\
\x51\xac\x15\xcb\x09\x0a\x0a\x22\x32\x32\x92\x8e\x9d\x3a\x61\x34\
\x18\xa8\xb1\x58\xa8\xae\xae\xc6\x7c\xe8\x90\x72\x2d\x0b\x82\x1a\
\x41\xdb\x1d\x95\xce\xd4\xa4\x8a\xa0\xe4\x3e\x22\x73\x10\xdc\xe5\
\x68\xb5\x5a\xee\xbe\xe7\x1e\x92\xa6\x4d\x43\xad\x96\xd7\x1f\x3c\
\x70\x80\xdb\xc6\x8c\xe1\xc8\x91\x23\x0d\x82\xbf\x57\xc8\xe7\x58\
\x46\x7f\xdd\xbe\xfe\xa0\x9e\x22\x6b\x67\xd8\x09\xf4\xc8\x43\xff\
\x75\x48\xcd\xcc\xd7\x75\xf2\x88\xe8\xf9\x2e\x1e\xba\xd1\xc1\x13\
\x9f\xe8\xf8\xe0\x0f\x4d\xbb\x08\xfe\x12\xf0\x98\x61\x10\x5b\x9b\
\x6b\xb5\xc0\x68\x73\xea\x9a\xb6\x89\xbd\x9c\x41\x38\x73\xff\x92\
\xad\x84\x29\x2e\xe9\x6b\xc0\x27\x23\x6f\x9a\x3d\x8d\xff\x38\x72\
\xdb\xb4\x7f\x6d\x64\x77\xba\x7f\xfd\x39\xaa\x26\xc6\xc9\xaa\x3e\
\xfd\x9c\xd2\x87\x16\x22\xd5\x51\x81\x3b\xd9\xf8\xd5\x43\xf4\xab\
\x12\x45\xce\x39\xf7\x5c\x96\xbc\xf8\x62\xb3\x52\xa7\xa7\x33\xea\
\x4e\x11\x08\x82\xd0\x62\x1b\xe2\x23\xe5\xe5\xe4\xe6\xe6\x2a\xaf\
\xbc\xdc\x5c\x72\x72\x73\xc9\xce\xca\x22\x3f\x3f\xbf\x51\xdb\xe0\
\xc8\xc8\x48\x45\xd4\x27\x2e\x2e\x8e\x81\x83\x06\x29\x49\x41\x6b\
\x60\xa9\xa9\x51\x26\x00\x76\x78\xa6\x01\xd6\x7f\xf5\x95\x52\xba\
\x3d\x16\x4f\x3d\xf9\x24\x6f\xae\x5b\x87\x24\x89\x4c\xbc\xd0\xc9\
\xac\x51\x2e\x02\xfc\x8e\xdf\x74\x68\xdd\x4f\x1a\x9e\xff\x42\x87\
\x4a\xad\x66\xe9\xb2\xe5\x5c\x7d\xcd\x35\x1c\x3d\x7a\x94\x11\xc3\
\x86\xe1\x74\x4a\xa8\x03\x2e\xa4\xb9\x60\xd7\x00\x92\x1b\xd1\xf2\
\x0b\x7a\xbd\x96\xdf\xff\xfc\xa3\x81\x5a\xe4\x8a\xe5\xcb\x59\xb6\
\x74\x29\x82\x26\x18\xb5\x21\x81\xc6\x6e\x37\xa2\xfd\x10\xa2\x23\
\x93\xbe\x7d\xfb\xf2\xc9\xa7\x9f\xb6\x88\xc9\xbf\x7c\xd9\x32\x96\
\x2f\x5b\xd6\x80\x10\x28\x89\x56\x44\xeb\x66\x90\x5c\xbc\xf9\xf6\
\xdb\x2d\x26\x18\xd6\xc5\xae\x5d\xbb\x48\x9a\x32\x95\xc3\x87\xcb\
\x10\xd4\x9d\x50\x1b\x00\x74\x53\x67\x00\x00\x20\x00\x49\x44\x41\
\x54\x06\x37\xeb\xb4\xe7\x39\xba\xac\xc8\xe7\xae\x40\x72\x1f\x05\
\xa9\x0a\x44\x3b\x92\x54\xbf\xc5\x27\xa8\xfc\x3c\x9a\xfe\xc1\xa8\
\xb4\xa1\x8d\xef\x5b\x72\xc9\xec\x7f\x67\x9e\xec\x15\x00\x5c\x78\
\xd1\x45\x3c\xb2\x70\x61\xbd\xeb\x66\xef\xde\xbd\x8c\x1b\x3b\x96\
\xa3\x15\x47\x78\xea\xd6\x5a\xb1\x27\x49\x82\xe7\xbf\xd0\xb2\xf6\
\x27\x2d\x9d\xfc\xe5\xe0\xef\x25\x85\xd6\xed\xeb\x8f\x30\xc9\xd2\
\xd6\xde\x36\xd2\xcf\x7b\xd5\xdc\xb5\x4e\x16\x06\x4a\xba\xd4\xc9\
\xdc\x6b\x9c\x3c\xfe\xb1\x1c\xfc\x7b\x21\xf0\x3c\x9a\xd3\x42\xfa\
\xf7\x78\xf0\xa9\x2e\x92\xd7\xf5\xbe\xf5\x4d\x80\xb7\xcd\xa9\x6b\
\xc6\x9f\x8a\xf3\xf9\xbb\x71\x66\xff\x35\x5b\x01\x53\x5c\x52\x28\
\xb0\x07\x68\xf2\x71\x4e\x83\xc8\x8b\x96\x9d\x98\xdc\x55\x6d\x3a\
\x86\xff\x15\x97\x11\xba\xba\xbe\x30\x8a\xe4\x74\x52\xf6\xd8\x53\
\xc7\x6f\x1c\xd4\x0a\x58\x81\x55\xb8\xf8\x06\x11\xb5\x5a\xcd\xfc\
\x7b\xef\x65\x6a\x52\x52\xa3\x65\x6c\xbb\xdd\x8e\xcd\x66\x43\x10\
\x04\xc5\x5c\xe7\x9f\x04\x87\xc3\x41\x46\x46\x06\x19\xe9\xe9\xa4\
\xa5\xa5\x91\x9e\x9e\xce\x81\x03\x07\xc8\x48\x4f\xaf\xd7\xdf\x07\
\xe8\xdd\xbb\x37\xf1\x83\x07\x33\xc4\x23\xec\xd3\x7f\xc0\x80\x56\
\xf7\x7d\xdd\x6e\xb7\xf2\xf4\x76\x2c\x96\x2d\x5d\xca\x8a\xe5\xcb\
\xe9\x1c\x00\x2f\xdc\x61\xe7\xdf\x7d\x6b\x8f\xef\x74\x43\x72\x96\
\x8a\xdd\xd9\x6a\xd2\x8b\x05\x8a\x8e\x08\x54\xd4\x08\xb8\xeb\xe4\
\x06\x7e\x5a\x58\x37\xd3\xd6\xa4\xd9\xd0\xe6\x43\x6a\x66\xbf\xa1\
\xc7\xe6\x52\xf3\xc6\xba\x37\x39\xff\xfc\xf3\x95\x91\x48\x95\x5f\
\x3f\xa5\xb4\xdf\x1a\x78\x8d\x81\x66\xcf\x99\xc3\xdc\x79\xf3\x1a\
\x7c\xd6\x89\x13\x26\xf0\xfb\x6f\xbf\xf9\xa8\x32\x48\xb8\xad\x3b\
\x91\x5c\x65\x9c\x7f\xfe\xf9\xbc\xbe\x76\x6d\xb3\x63\x96\x96\x9a\
\x1a\x2e\xbc\xe0\x02\xca\x0e\x1f\x46\x6d\x3c\xaf\x1e\x71\xcf\x3b\
\x1a\xd8\xb9\x73\x67\xbe\xfe\xe6\x1b\x42\x42\x42\x5a\xfd\x99\x8a\
\x0a\x0b\x99\x3a\x65\x0a\x7b\xf7\xee\x45\x50\x19\x50\x19\x86\x34\
\x6f\xbe\xd3\x14\x24\x37\xb2\x79\x9c\xba\x81\x30\x52\xfd\x75\x0e\
\x24\xd7\x61\x44\x77\xa9\xdc\x56\xf0\x24\x0e\xe7\x8f\x1c\xc9\x8c\
\x99\x33\x1b\x8c\x82\x26\x27\x27\x33\x6e\xec\x58\x2c\x35\xd5\xf5\
\xc6\xf9\x24\x09\x25\x68\x77\x0e\x90\x78\x6b\x96\x9d\x58\xcf\x38\
\x5f\xdd\xbe\xfe\xc5\x71\xb2\x2b\xa4\x9f\xe7\xab\xf6\x6a\x03\xb8\
\xdc\x30\xef\x5a\x27\x93\x2f\x76\xf2\xd0\x07\x3a\x3e\xdb\x2a\x07\
\xff\xc5\x68\x69\x7d\xfa\x7b\x7a\xe1\xa0\x3a\x88\xf9\xc6\x04\x5c\
\xbe\xc3\x5e\x16\xb2\xd3\xdf\xc9\x9d\x0f\x3f\x4d\xf0\x8f\x49\x00\
\x00\x4c\x71\x49\xd7\x01\x3e\xed\xc8\xc2\x45\x2b\x2f\x5b\xb6\x61\
\x90\xda\x46\xce\x0b\x5e\xf8\x10\x1d\x26\xc9\xc9\xa3\xab\xa8\x98\
\xa2\xa4\x19\xd8\x77\xa7\xb6\x69\x5f\x6d\xc1\x21\x24\x9e\x11\xdc\
\xe4\x4b\x22\xbd\x7a\xf7\x66\xf9\xf2\xe5\x3e\x85\x64\xfe\xf8\xfd\
\x77\xee\x18\x3b\xb6\xc1\xef\xbd\x24\x3e\x6f\x6f\xbe\x2e\xb1\xcf\
\xeb\xbe\x57\xef\x77\x06\x03\x3a\xad\x16\xc1\x63\xbe\x03\xb5\xaa\
\x80\x2a\x0f\x39\x10\xc0\xdf\x68\x44\xad\xd1\x28\xce\x7e\x80\xdc\
\xe3\x57\xab\x15\x32\x21\xd4\x92\x06\x43\x42\x42\x9a\x0d\x08\x19\
\x19\x19\x1c\x3d\x7a\x94\x88\x88\x08\x82\x83\x83\x9b\x95\x86\x6d\
\x09\xea\x8a\xfa\xec\xdf\xbb\x97\xe4\xe4\x64\x0e\x1e\x3c\x58\x2f\
\x29\xd0\xeb\xf5\x0c\x1c\x34\x88\xc4\xc4\x44\x12\x12\x13\x49\x48\
\x48\x68\xf3\x28\xe5\xa6\x4d\x9b\x98\x31\x6d\x1a\xc1\x41\x12\xef\
\xdf\x65\x53\xfc\xd8\x53\xb2\x55\xbc\xff\x9b\x86\xef\xf6\x68\x14\
\xe6\xbe\x17\x5e\x32\xa5\xd7\x70\x28\xe9\x52\x27\xf3\xae\xf5\xcd\
\x63\xd9\x91\xa1\x62\xfc\x2b\x7e\xf8\xfb\x77\xe0\xdb\x1f\x7e\xa0\
\xa6\xba\x9a\x4b\x2f\xb9\x04\x51\x52\xa3\x36\xfe\xbb\xf1\x51\x38\
\x5f\x90\x1c\x88\x96\x3f\xd0\x68\xe0\x9b\x4d\x9b\x1a\x54\x36\x8e\
\x94\x97\x73\xf3\x4d\x37\x91\x99\x99\xe9\x31\xe4\x89\x6d\x64\x1f\
\x2e\xdc\xd6\xad\x48\xee\x2a\xae\xba\xfa\x6a\x96\x2e\x5b\xd6\xec\
\xdf\xfc\x9d\xb7\xdf\xe6\xd1\x85\x0b\x1b\x54\x01\x00\x44\xdb\x5e\
\x44\x67\x1e\xc3\x87\x0f\xe7\xbd\x0f\x3e\x68\x32\xe1\xf2\x05\xab\
\xd5\xca\x82\x7b\xef\xe5\xeb\xaf\xbe\x42\x10\xd4\xa8\xfc\x06\x79\
\xa4\x7d\x4f\x00\x24\x07\x92\x58\x8d\x24\x56\x83\xbb\x5a\xae\x1a\
\x88\xb5\x0f\x1d\x9d\x3a\x75\xe6\xfa\xff\x5c\xcf\x98\xdb\x6e\x6b\
\xd4\xaa\x78\xd7\xae\x5d\x8c\xbf\xe3\x8e\x06\xc1\xdf\x2d\xc2\x23\
\x1f\xea\xf8\xf4\x2f\x0d\x21\x1d\x24\xde\xb9\xb3\xfe\x75\xe4\xed\
\xeb\x7b\x49\x7d\x5e\x1b\xe0\x2f\xb6\x69\xb8\xff\x3d\x1d\xa2\x04\
\x0b\x6f\x76\x70\xeb\x79\x2e\xee\x7b\x57\xc7\xfa\x1d\x1a\xa2\x11\
\x58\xd4\x0e\x82\x7f\xb5\xa0\x61\xb6\x71\x18\xc5\x2a\x9f\x0f\x38\
\x22\x70\xbe\x39\x75\xcd\x9f\xa7\xe8\xb4\xfe\x76\xfc\xa3\x12\x00\
\x00\x53\x5c\xd2\x4b\xc0\x6c\x5f\x6b\xfe\xed\x2a\xe5\x41\x6b\xea\
\x71\xf3\x01\x0a\xc6\x8c\xc3\xba\xf9\xaf\xb6\x9d\x68\x2b\x21\x01\
\x1f\xe1\xe6\x4d\x41\xc4\x25\x49\xdc\x7c\xf3\xcd\x3c\xf6\xf8\xe3\
\xcd\x96\x54\xb7\x6d\xdd\xca\x63\x1e\x16\xb6\x57\xb0\x07\x6a\xe7\
\xf3\x4f\x85\x7b\x9f\x2f\x7c\xb5\x61\x03\xfd\xfb\xf7\xf7\xb9\xe6\
\xf9\x45\x8b\x3c\x04\x2e\xd0\x68\x34\x84\x86\x86\x12\x1e\x1e\x4e\
\x58\x78\x38\x61\x61\x61\x44\x46\x46\xd2\x3b\x2a\x8a\xa8\xa8\xa8\
\x56\xb3\xf2\xeb\xc2\x4b\xfa\xdb\xb5\x6b\x17\x29\x29\x29\x6c\xdb\
\xba\x95\xd2\xd2\xd2\x7a\x6b\x7a\xf4\xec\x29\x27\x04\x09\x09\x5c\
\x76\xf9\xe5\x2d\x3a\x9e\xc3\xe1\x60\xe4\x79\xe7\x71\xf8\x70\x29\
\x1f\xdc\x6d\x23\xbe\xa7\x48\x41\xb9\xc0\x93\x9f\xea\xf8\x31\x55\
\xbe\x4b\x77\xe8\x10\xc4\x39\xe7\x9e\xc7\xbf\xfe\xf5\x2f\xe2\x06\
\x0e\x94\x3d\xe3\xbb\x76\x25\x2b\x2b\x8b\x51\x97\x5d\x46\x97\x40\
\x37\x1b\x1f\xb2\xe1\xaf\x6f\xbe\x5d\xb0\xee\x27\x0d\xcf\x7d\xae\
\xe3\xe6\x9b\x6f\xe6\xf9\xc5\x8b\x79\xf6\x99\x67\x78\x6d\xcd\x1a\
\x04\x4d\x88\x5c\xf2\x6e\x25\xbc\xe2\x3e\xe7\x9c\x73\x0e\xef\xbe\
\xff\x7e\x83\x91\xd2\x82\x82\x02\x6e\xba\xf1\x46\x8a\x8b\x8a\x50\
\xe9\x7a\xa1\xd2\xf7\x69\xb8\x13\xc9\x2e\xf7\xf0\x45\x0b\x97\x5c\
\x7a\x29\x2b\x57\xad\xf2\x99\x04\xd8\x6c\x36\xce\x3b\xe7\x1c\x2a\
\x2a\x8e\xa2\xf6\xbf\xe0\x98\x52\xba\x88\xdb\xb2\x05\xc9\x5d\xc9\
\xac\xd9\xb3\x99\x37\x7f\x7e\xab\x3f\x13\xc8\x9a\x0b\x2f\xad\x58\
\xc1\xb2\xa5\xb2\xa8\xa8\x4a\x6f\x42\xa5\xf3\x6d\x16\x23\x89\x16\
\x44\xdb\xde\x46\xde\x70\x21\x49\x76\x90\x1c\x70\x8c\x04\xb9\x20\
\x08\xc4\xc5\xc5\x71\xfe\xc8\x91\x9c\x3f\x72\x24\x43\x13\x13\x9b\
\x54\x1d\xdc\xfc\xe7\x9f\x4c\x9e\x34\x11\x97\xd3\xc1\x4b\x93\x6c\
\xca\x38\x9f\x5b\x44\x09\xda\xdd\xbb\x48\xac\x9d\x59\x1b\xfc\xff\
\x3a\xa4\x66\xc6\xeb\x7a\x2c\x76\xb8\xe9\x5f\x2e\x9e\x1c\x5d\x6b\
\x06\xe4\x1d\x0f\x54\x09\xf0\xd4\x18\x07\xd7\x0f\x75\x71\xff\x7b\
\xf2\x7e\xfa\x22\xf0\xdc\x19\xce\xf6\xf7\xe2\x09\xc3\x40\x36\xfb\
\x98\xee\xf0\x2e\x33\xa7\xae\x69\xd9\x48\x4a\x3b\xc1\x3f\x31\x01\
\xd0\x01\xdb\x00\x9f\x33\x20\x53\xed\x69\xdc\x78\x9c\x7c\x80\x9c\
\x8b\x47\xe1\x2e\x3b\xf9\xd2\xd1\x65\x1e\xa2\x5f\x32\x22\x81\x81\
\x81\x3c\xf3\xec\xb3\x5c\x7d\xcd\x35\x27\xfc\x38\x5e\xe2\x9f\x24\
\x49\x54\x55\xc9\x4f\x2c\x75\x93\x06\xaf\x40\x8f\xdb\xe5\xa2\xc6\
\x93\x34\xd8\xac\x56\x1c\x1e\x39\x54\x2f\x09\xd0\xe1\x21\xf9\x41\
\xfd\x44\xc3\xab\x28\xe8\x55\x10\x04\x78\x78\xe1\x42\x22\x23\x7d\
\x4b\x28\x7f\xff\xdd\x77\x7c\xfd\xf5\xd7\x14\x14\x14\x90\x97\x9b\
\x4b\x49\x49\x49\x83\xf2\xbd\x17\x01\x01\x01\x44\x47\x47\x13\x1d\
\x13\x43\x4c\x4c\x0c\x71\x71\x71\xc4\x0d\x1c\x48\xc7\x8e\x0d\xe7\
\xd5\x5b\x82\x9c\xec\x6c\xb6\x7b\x04\x7d\xb6\x6d\xdd\x4a\x7a\x7a\
\xba\xf2\xde\x9a\xd7\x5e\x6b\x92\xec\x57\x17\x9b\x36\x6e\x64\xc6\
\xf4\xe9\x8c\x3d\xdf\xc5\x23\x37\x3b\xf8\x65\x9f\x9a\xf9\x6f\xeb\
\xa9\xb4\xca\x6d\x87\x39\x77\xde\xc9\x55\x57\x5f\xdd\xa8\x3c\xf3\
\x82\xf9\xf3\xf9\xe4\x93\x4f\x78\x7e\xac\x83\xeb\x87\xd5\x97\xfd\
\x2d\xaf\x16\x78\xff\x77\x0d\xa6\x30\x91\x0b\xfa\xbb\x95\x72\xaf\
\x5b\x84\x2b\x9f\x31\x90\x57\xae\xe6\xf7\x3f\x37\xd3\xa1\x43\x07\
\xae\xbb\xf6\x5a\xd2\xcc\x66\x54\xfa\x58\x54\xba\xd6\xda\x0f\x4b\
\x88\xd6\x6d\x88\xae\x23\xdc\xbb\x60\x01\x33\x66\xce\x6c\xb0\x22\
\x3b\x2b\x8b\xb1\xb7\xdf\x4e\x7e\x7e\xbe\x47\x56\x78\x20\x0d\x38\
\x07\x92\x0d\xb7\x65\x1b\x92\x68\x61\xd8\xf0\xe1\xbc\xba\x7a\xb5\
\x4f\x17\xca\x97\x56\xac\x60\xe9\x8b\x2f\xca\x63\x89\xfa\xfa\x4f\
\xca\x92\x68\x41\xb4\xfe\x05\x92\x8b\x37\xd6\xad\xe3\xc2\x0b\x2f\
\x6c\xe5\x67\xaa\xc5\x37\x1b\x36\x30\x6f\xee\x5c\xb9\x55\xa6\x0d\
\x43\xed\x37\x80\x5a\xa3\x9e\x86\x90\x93\x8f\x86\xa2\x52\x9d\x3b\
\x77\x26\x28\x28\x08\x83\xd1\x28\x4b\x5d\x0b\x02\xd7\x5c\x7b\x2d\
\x37\xde\x78\x63\x8b\xf8\x2c\x4d\x05\x7f\xa7\x5b\x56\xf1\xfb\x6e\
\xb7\x9a\x1e\xc1\x12\xef\xcc\xb1\x29\xe3\x7c\x75\xfb\xfa\x77\x8c\
\x94\x49\x7d\xde\xfc\x6c\xcd\xf7\x5a\x96\xac\xd7\xa2\x51\xcb\x2d\
\xa7\xcb\x06\xb9\xb9\x73\xad\xac\x06\xd8\x9e\x82\xff\x67\xba\x48\
\xd6\x34\xdf\xf7\xff\x1d\xb8\xc0\x9c\xba\xe6\xd4\x9a\xb0\xfc\xcd\
\xf8\xc7\x25\x00\xa0\xa8\x04\xee\xc0\xc7\x68\xa0\x1a\x89\xe7\x2c\
\xc9\xc4\x35\xf2\x3f\x72\x4b\xe0\x7f\xc5\x65\x18\xce\xf9\x17\x65\
\x8f\x3d\xd9\xc6\xb3\x6c\x19\xfe\x40\x64\x89\x20\x52\x25\x89\x0c\
\x1d\x36\x8c\xa5\xcb\x96\x35\x3a\x82\x24\x7a\xd8\xf8\xde\xb2\x7c\
\x7b\x86\xdb\xe5\xa2\xb0\xa8\x48\x49\x08\x72\x73\x73\xc9\xcc\xcc\
\x24\x23\x3d\x9d\x8c\xcc\x4c\x2c\x8d\x4c\x05\x44\x46\x46\x32\x28\
\x3e\x9e\x41\x9e\x92\xfe\x80\xb8\xb8\x66\x47\x04\x1b\xc3\x91\xf2\
\x72\x76\xec\xd8\xc1\xf6\xed\xdb\x19\x37\x7e\x3c\xe1\xe1\xe1\xcd\
\x6e\xb3\xe0\xde\x7b\xf9\xe4\xe3\x8f\xf9\xee\x11\x2b\xfb\xf2\x54\
\xdc\xf3\xa6\x1e\x51\x82\xe9\x33\x66\x70\xcf\xdc\xb9\x4d\xfe\xbd\
\xca\xcb\xcb\x39\xf7\x5f\xc3\x09\x0e\x70\xf2\xfd\x23\x56\xe5\xa9\
\x4e\x92\xe0\xbd\xdf\x35\x2c\xfd\x4a\x47\xb5\xa7\x6d\x60\xd4\xc3\
\x84\x0b\x9d\x4c\xbf\xcc\x89\x5e\x0b\x6b\x7f\xd2\xb2\xe8\x73\x2d\
\xf7\xdd\x7f\x3f\xd3\xa6\x4f\xe7\xc0\x81\x03\x5c\x35\x6a\x14\x40\
\x03\xf7\xbf\x16\x41\xb4\x21\xda\x64\x02\xde\xca\x57\x5f\xe5\xf2\
\xcb\x2f\x6f\xb0\xa4\xa8\xb0\x90\x71\x77\xdc\x41\x5a\x5a\x1a\x2a\
\x75\x47\x54\x86\x78\x10\x8e\x29\xc9\x4a\x76\x99\x13\xe0\xae\xa4\
\x67\xaf\x5e\xbc\xfa\xea\xab\x4d\xba\xf2\x1d\x29\x2f\xe7\xdc\x73\
\xcf\xc5\xe1\x90\xe4\x2a\xc0\x31\xb7\x33\xc9\x55\x82\xdb\xba\x8b\
\xa0\xa0\x20\xbe\xf8\xf2\x4b\x7a\xf6\xea\xd5\xba\xcf\x54\x07\x7b\
\xf7\xee\x65\xea\x94\x29\x14\x15\x16\x22\xa8\x3b\xa0\x36\x0c\xa9\
\x33\x81\x50\x1f\xa2\x33\x1f\xd1\x96\xca\xcc\x59\xb3\x48\x9a\x36\
\x0d\xa8\xf5\xbe\x68\x2b\xbe\xff\xee\x3b\x66\xcf\x9a\x85\x0a\x27\
\x2b\x26\xda\x14\x6b\x67\xa7\x1b\x25\x68\x9b\xc2\x64\x46\x7f\xb7\
\x0e\x72\xf0\xaf\xdb\xd7\x9f\x76\x99\x4c\xea\xf3\x62\xd9\xd7\x5a\
\x56\x7d\xab\x55\xdc\xfe\xce\xef\x57\x1b\xfc\xe3\x51\xf1\x38\x9a\
\x76\x11\xfc\xf7\xa8\x3b\x72\xbf\x71\x30\xa2\xef\x50\x57\x0e\xc4\
\x9b\x53\xd7\xe4\x9d\xa2\xd3\x3a\x6d\xf0\x8f\x4c\x00\x00\x4c\x71\
\x49\x13\x80\x75\xbe\xd6\x74\x96\x1c\xbc\x5c\xb3\x8d\x4e\x52\xcb\
\x5d\xff\xea\xa2\xc3\xb8\xdb\x39\xfa\xde\xff\x4e\x8a\xd8\x8f\x0d\
\x99\xe8\xb7\x01\x11\xb5\x4a\xc5\xec\x3b\xef\x64\xf6\x9c\x39\x4d\
\xde\x64\xf6\xec\xde\xcd\xf5\x75\x54\xd2\x02\x03\x03\x95\x5e\x7e\
\x50\x50\x90\xd2\xeb\x0f\xf4\xfc\xec\xa7\xd7\x13\x10\x18\x88\x5e\
\xaf\xc7\x60\x30\xe0\xef\xef\x8f\x4e\xa7\xc3\xe8\xef\x8f\xbf\xd1\
\x88\x4e\xa7\xc3\x3f\x20\x00\xa3\xc1\x80\x4e\xaf\x27\x20\x20\x00\
\x83\xc1\x80\x4e\xa7\x6b\xb5\x75\xed\xa9\x46\x71\x71\x31\x19\x19\
\x19\x1c\x3c\x70\x80\xd4\xd4\x54\xf6\x36\xe2\xe4\xa7\xd1\x68\x64\
\x95\xbf\x84\x04\x12\x13\x13\x19\x36\x7c\x78\xab\xc6\x01\x5b\x83\
\x9b\x6f\xbc\x11\xf3\xfe\x9d\xac\x9b\x69\x63\xcc\x72\x3f\x5c\x6e\
\x81\x17\x16\x2f\xe6\xc6\x9b\x6e\xf2\xb9\xdd\x87\xff\xfb\x1f\x0f\
\xdc\x7f\x3f\xf7\x5e\xe7\x64\xca\x25\xf2\xcd\xdd\xea\x80\xf9\x6f\
\xcb\x66\x2d\x06\x3f\x3f\x26\x4d\x99\x42\x79\x79\x39\x5f\x7c\xf6\
\x19\x16\xab\x95\xd8\x70\x91\xd7\xa6\xd9\x11\x25\xb8\xe8\x31\x03\
\xe7\x9c\x7b\x2e\xef\xbd\xff\x3e\xd5\xd5\xd5\xcc\xbd\xfb\x6e\x7e\
\xfc\xf1\x47\x44\x51\x6c\x53\x25\x40\x72\x97\x23\x5a\x77\xa0\xd3\
\xe9\x58\xbb\x6e\x2d\xe7\x9c\xdb\x50\x0a\xb8\xaa\xaa\x8a\xbb\xef\
\xba\x8b\x9f\x7e\xfc\x11\x95\x4a\x87\xa0\x1f\xd8\x50\x78\xa7\x8e\
\xda\x9d\x5e\xaf\xe7\xd1\xc7\x1e\xe3\xd6\x31\x63\x1a\x3d\xe6\xdd\
\x77\xdd\xc5\x97\x5f\x7c\x81\xda\x90\xd8\xa8\x80\x8f\x97\xa4\x18\
\x1d\x1d\xcd\xa7\x9f\x7d\xd6\xe2\xc9\x91\xc6\x50\x56\x56\xc6\xf4\
\xa4\x24\x76\xee\xdc\x29\x3b\x24\x1a\x12\x14\x73\xa2\xfa\xe7\xef\
\xc2\x5d\xf3\x33\x11\x11\x61\xfc\xfc\xeb\xaf\xc7\xcd\x49\xf1\x5a\
\x3b\x6b\x54\x6e\x56\x4f\xb5\x29\x42\x3e\x56\x07\x4c\x7f\x4d\xcf\
\x5f\x87\xd4\xc4\x86\x8b\xbc\x35\xab\x76\x96\xff\xf3\x6d\x1a\x1e\
\xf0\xf4\xf5\xeb\x0a\x03\x49\x12\x3c\xfb\xb9\x8e\xb7\x7e\xd6\x28\
\xc2\x40\xf1\xbd\xdc\xcc\x59\xab\xe7\xb7\xfd\x6a\x06\xa3\xe2\x29\
\x34\xb4\x3e\xf5\x3d\xfd\x70\x58\xd0\x33\xc7\x7f\x28\x47\x9a\x9f\
\xe2\xb8\xd2\x9c\xba\x66\xe3\xa9\x38\xa7\xd3\x0d\xff\xd8\x04\x00\
\xc0\x14\x97\xf4\x16\x30\xce\xd7\x9a\x38\x77\x05\xcf\x5a\x92\xd1\
\xb4\xc1\x3a\xf8\x64\x21\xcd\x43\xf4\xcb\x95\x44\x22\x22\x22\x58\
\xbe\x62\x05\x09\x89\x89\x3e\xb7\xd9\xb2\x65\x0b\xf7\xce\x9b\x87\
\xc3\xe1\xc0\x6a\xb5\x2a\xc4\xb1\x93\x05\xbd\x5e\xdf\x30\xb9\xf0\
\x24\x14\x7e\x7e\x7e\x04\x04\x06\xca\x09\x85\xd1\x88\xbf\xbf\x3f\
\xb3\x66\xcf\x6e\xf6\x89\x7b\xeb\xd6\xad\xfc\xfc\xd3\x4f\x72\x7f\
\x3f\x2c\x8c\xf0\x88\x08\xc2\xc3\xc3\xdb\x34\x9e\x77\x2c\x6c\x36\
\x1b\xfb\xf7\xef\x67\xe7\x8e\x1d\x6c\xdb\xba\x95\x6d\xdb\xb7\x73\
\xe4\x18\x89\xe6\x5e\xbd\x7b\x33\x6c\xd8\x30\x86\x0d\x1f\xce\xb0\
\xa1\x43\x8f\xeb\x89\xb2\x2e\xae\xb8\xec\x12\xca\x8b\xd2\x08\x34\
\x40\x56\x89\xd0\x62\x8b\x5b\xaf\x68\xd0\xa6\x87\xac\xf4\xea\x26\
\x61\x77\xc2\xd4\xd5\xb2\xa6\x7b\x5c\x5c\x1c\x2f\xbf\xf2\x0a\x3d\
\x7a\xca\x82\x36\xa5\xa5\xa5\x2c\x7c\xe4\x11\x36\x6d\xdc\x48\xaf\
\x6e\x12\x1f\xcf\xb5\x71\xfd\xf3\x7e\x54\x39\x83\x48\xd9\xb3\x47\
\xd9\xe7\xb6\xad\x5b\x99\x34\x69\x12\x35\xd5\xd5\x72\xb9\x5b\x3f\
\xa0\xc9\x19\xf5\xc6\x20\xb9\x0a\x71\xdb\xf6\xa0\xd5\x68\x58\xbe\
\x62\x05\xa3\xae\xbc\xb2\xc1\x1a\xb7\xdb\xcd\xb2\xa5\x4b\x59\xf9\
\xca\x2b\x48\x92\x24\x4f\x08\xe8\x62\x8f\x39\x8e\x84\xe8\xc8\x40\
\xb4\xa7\x03\x12\x23\x47\x8e\xe4\x99\xe7\x9e\x6b\x50\x51\xf9\xf5\
\xd7\x5f\x99\x30\x6e\x1c\x82\x36\x1c\xb5\x5f\xe3\x3a\x1c\x5e\xbf\
\x80\xe1\xc3\x87\xb3\xee\xad\xb7\x5a\x6d\xaf\x5c\x17\x0e\x87\x83\
\x07\x1f\x78\x80\xff\xfb\xf4\x53\x10\xd4\xa8\xfd\xe2\x10\x34\x0d\
\x47\x6b\xbd\x4a\x87\xad\xf1\x3b\x68\x0c\xeb\xbf\xfc\x92\x79\x73\
\xe7\x36\x08\xfe\x35\x76\x81\x19\xaf\xe9\xd8\x62\x56\x37\x98\xe5\
\xf7\xf6\xf5\x01\x1e\xbd\xc5\xc1\x6d\x75\xac\x7e\x1f\xfb\x48\x96\
\xf2\xf5\x6a\x03\xc4\x86\x89\x8a\x0f\x40\x7b\x0a\xfe\x2e\x54\x2c\
\x30\x0e\x66\xbf\xba\xd9\x7b\xc3\xf3\xe6\xd4\x35\xf7\x9d\x8a\x73\
\x3a\x1d\xf1\x4f\x4f\x00\x8c\xc0\x16\x20\xce\xd7\xba\xab\x9d\xf9\
\xcc\xb6\x1d\x3a\x35\x27\xe5\x03\x12\xf0\x09\x6e\xd6\x09\x22\x4e\
\x49\xe2\xda\xeb\xae\xe3\xa9\xa7\x9f\x6e\xf3\x13\xb7\x77\xae\xde\
\x6a\xb5\xe2\x70\x38\xa8\xaa\xaa\x52\x7a\xfa\xd5\x9e\x9f\x2d\x56\
\x2b\x96\x9a\x1a\x9c\x4e\x27\xd5\xd5\xd5\x8a\x58\x4f\xe5\xd1\xa3\
\x38\x9c\x4e\x6c\x56\x2b\xd5\x35\x35\xf2\xda\x9a\x1a\x2c\x56\x2b\
\x4e\xcf\xbe\xec\x76\x3b\x0e\x47\xcb\xaa\x27\x07\x0e\x1d\x6a\xd6\
\x82\x78\xd5\xca\x95\xbc\xf0\xfc\xf3\x0d\x7e\x6f\x34\x1a\x15\x95\
\xbf\xde\x51\x51\xf4\xea\xd5\x8b\xe8\xe8\x68\x7a\xf5\xee\x4d\x78\
\x78\x78\x9b\x7c\x0e\x24\x49\x22\x23\x23\x83\xad\x5b\xb6\xb0\x7b\
\xf7\x6e\x52\x92\x93\x31\x1f\x53\x25\x08\x0e\x0e\x66\xf8\x88\x11\
\xdc\x3e\x76\x2c\xe7\x9c\x73\xac\x9e\x7e\xcb\x71\xf3\x8d\x37\xca\
\x4f\x95\xc0\xd0\x61\xc3\xf8\xf0\xa3\x8f\x5a\x74\xce\x97\x5d\x7c\
\x21\xa5\x45\x99\x6c\x7b\x56\x16\x96\x79\xf2\x13\x1d\xef\xfe\xa6\
\xe1\x9c\x73\xce\xe1\xf5\xb5\x6b\x1b\x04\x3a\x49\x92\x98\x3f\x6f\
\x1e\x9f\xfd\xdf\xff\x71\xf3\xbf\x5c\x14\x1f\x15\xf8\x6d\xbf\x9a\
\x94\x3d\x7b\xea\x5d\x43\x66\xb3\x99\xa4\x29\x53\xc8\xce\xce\x96\
\x35\xf2\xfd\x06\x36\xaa\xe9\xdf\x14\x24\x57\x11\xa2\x6d\x0f\x92\
\x24\x72\xd7\xdd\x77\x37\x59\x99\xfa\xe3\xf7\xdf\x99\x37\x77\x2e\
\x25\x25\x25\x08\x6a\x7f\x54\xfa\xb8\x06\xc7\x91\xdc\xe5\x88\xb6\
\x54\x24\xd1\x8a\xc1\x68\x64\xce\x9c\x39\x4c\x9a\x3c\x59\xb9\x56\
\xdc\x6e\x37\xe7\x9d\x73\x0e\xa5\x65\xe5\xa8\xfd\x2f\xa4\xf1\xde\
\xbc\x88\xdb\x9a\x8c\xe4\x2a\x65\xf8\xf0\xe1\xbc\xbc\x72\x65\x9b\
\xab\x39\x99\x99\x99\x7c\xff\xdd\x77\x2c\x5f\xb6\xcc\x43\x8e\x15\
\x50\x1b\x06\x35\x48\x02\x64\x79\xe2\x6d\x04\x06\x06\x72\xd1\xc5\
\x17\x63\x32\x99\x18\x3f\x61\x42\xab\x0c\xa4\xbe\xf8\xfc\x73\xe6\
\xcd\x9d\x8b\x51\x2f\xb1\x76\x86\x55\x11\xf2\xa9\xab\xdf\x9f\x18\
\x25\xb2\x3a\xa9\x36\xf8\x7b\xfb\xfa\x2a\x01\x9e\xb9\xcd\xc1\x0d\
\xc3\xe5\xe0\xef\x72\xa3\x90\xfb\x3a\xf9\x4b\xac\x9b\x65\xa7\x57\
\xd7\xda\xe0\xff\x2f\x54\x3c\x8a\xe6\x0c\xb7\xf7\xa9\xc5\x4a\xbf\
\x58\xd6\x6b\x1b\x57\x63\xac\x83\xbf\x90\x59\xff\x8d\x7b\x66\xff\
\x03\xf0\x8f\x4e\x00\x40\x91\x0a\xde\x05\xf8\xfc\x3f\xf3\x4e\xdb\
\x41\xae\x74\xfe\x7d\x86\x50\x87\x91\x78\x1e\x37\x3b\x11\x31\x1a\
\x8d\x3c\xfe\xe4\x93\xdc\xd4\x4c\x89\xf8\x74\x41\x55\x55\x15\x4e\
\xa7\x13\x8b\xc5\x82\xc5\x93\x2c\x54\xd7\xd4\x28\x04\xc1\xca\xca\
\x4a\x6e\xbe\xf9\xe6\x66\xf7\x53\x5d\x5d\x4d\x66\x46\x06\xf9\xf9\
\xf9\xb5\xaf\xbc\x3c\xf2\xf2\xf2\x28\x28\x28\xe0\xe8\xd1\xa3\x0d\
\xb6\xf1\xf3\xf3\x23\x3a\x3a\x9a\xb8\x81\x03\xe9\xdf\xbf\x3f\x71\
\x03\x07\xd2\xaf\x5f\xbf\x36\xe9\x1d\xd8\x6c\x36\xf6\xa6\xa6\x92\
\xb2\x7b\x37\xbb\x53\x52\xd8\xbd\x7b\x37\x59\x99\x99\x2c\x5e\xb2\
\xa4\xd9\x72\xbd\x2f\xcc\x9b\x3b\x97\xcf\xfe\xef\xff\x00\xf8\xf4\
\xb3\xcf\x5a\xec\x34\x37\x78\xe0\x00\x42\x03\xab\x58\x7f\x9f\x8d\
\xe4\x2c\x15\xa3\x97\xfa\xd1\xa3\x47\x24\xeb\xbf\xde\xd0\x64\x52\
\x68\xb5\x5a\x19\x3e\x34\x11\x8b\xc5\xc2\xe0\x5e\x22\xbb\x32\x55\
\xbc\xf5\xf6\xdb\x0c\x1c\x34\xa8\x1e\x11\xb2\xaa\xaa\x8a\x87\x1f\
\x7c\x90\xf5\xeb\xd7\x03\xc8\x4f\xd8\xfa\x3e\x2d\x14\xc5\x91\x15\
\xec\x24\x7b\x0a\xa2\xdb\xce\xf0\xe1\xc3\x79\xfa\xd9\x67\x1b\x95\
\x41\x2e\x2f\x2f\xe7\x91\x87\x1f\xe6\x9b\x0d\x1b\x00\x50\x69\x23\
\xe5\x51\xc1\xba\x33\xf3\x92\x1b\xd1\x61\x46\x74\xe6\x80\x24\x11\
\x11\x11\xc1\x5d\xf7\xdc\xc3\x0d\xff\xf9\x0f\x6a\x8d\x86\x27\x9f\
\x78\x82\x75\x6b\xd7\x36\x63\xa6\x23\xe2\xb6\xee\x46\x72\x15\x63\
\x34\x1a\xb9\xe6\xda\x6b\xb9\xfc\xf2\xcb\x49\x1c\x3a\xb4\xc9\x0a\
\x52\x55\x55\x15\x19\x19\x19\x1c\xd8\xbf\x9f\xed\xdb\xb6\xb1\x6d\
\xfb\x76\x72\xb2\x6b\x55\x3c\x55\x9a\x4e\xa0\x09\x47\xa5\x09\x6b\
\x58\x25\x91\x1c\xb8\x6a\x7e\xf5\xd8\xf8\x4a\xf8\xf9\xf9\xb1\x27\
\x35\xb5\x49\x76\xff\xb1\xf8\xf0\x7f\xff\xe3\xa1\x07\x1f\xc4\xa8\
\x93\x58\x3b\xb3\x36\xf8\x97\x57\x0b\x24\xad\xd6\xb3\x27\x47\xd5\
\x40\xc8\x67\xe9\x57\x5a\x5e\xfd\x4e\x26\xf5\x2d\x19\x67\x67\xd4\
\xe0\x86\x3c\x81\x90\x0e\x12\x6f\xcc\xb4\x13\xda\x41\x52\x92\x88\
\xf6\x16\xfc\xbf\xd1\x86\xb3\xc2\xaf\x91\x49\x93\xfa\x28\x01\x86\
\xb4\x57\x97\xbf\x96\xe2\x1f\x9f\x00\x00\x98\xe2\x92\x6e\x04\x3e\
\xf5\xb5\x46\x83\xc4\x22\xcb\x2e\xfa\xbb\x1b\x06\x99\x93\x8d\x3f\
\x3d\x44\xbf\x4a\x49\x24\x3e\x3e\x9e\xe5\x2b\x56\x28\xa5\xdd\xb3\
\xa8\x45\x65\x65\x25\x69\x69\x69\x8a\xb0\x4f\xba\x47\xd8\x27\x2b\
\x2b\xab\x5e\xbb\x43\xad\x56\xd3\xa7\x4f\x1f\x12\x12\x13\x19\x36\
\x6c\x18\x43\x87\x0d\x23\x2c\x2c\xac\x4d\xc7\xac\xaa\xaa\x42\xad\
\x52\xb5\xd8\x8b\xbe\x31\x78\x7b\xf9\x43\x87\x0d\xe3\xa3\x8f\x3f\
\x6e\xf1\x76\xc3\x13\x87\x10\xa0\x2e\x67\xd3\x43\x56\x66\xbe\xae\
\xe7\x87\x3d\x6a\xd6\xbd\xf5\x96\x4f\x8f\x04\xab\xd5\xca\x80\x26\
\x0c\xa0\xf4\x7a\x3d\x61\xe1\xe1\x84\x74\xeb\x46\x48\x68\x28\x61\
\x61\x61\x1c\x2e\x2b\x63\xd3\xa6\x4d\x54\x55\x55\x21\x08\x1a\x04\
\x5d\x6f\x54\xda\x9e\xbe\xdb\x02\x92\x5d\x26\xc8\x49\x36\xb9\xfc\
\xee\x3a\x82\x56\xab\x25\x69\xda\x34\x66\xcc\x98\xd1\xe8\x77\xb5\
\xf1\x9b\x6f\x58\xf8\xc8\x23\x94\x95\x95\x21\xa8\xf4\xa8\x74\xb1\
\x08\xda\xfa\xe5\x7e\x49\xac\x42\xb4\x1d\x40\x72\xcb\xad\x99\x1e\
\x3d\x7b\x32\x65\xca\x14\xba\x85\x84\x30\x3d\x29\xa9\xe9\x11\xc3\
\x3a\x10\x9d\xf9\xe0\xcc\x44\x74\xd7\x12\x41\x83\x83\x83\xe9\xda\
\xb5\xab\xc2\x0f\x38\x52\x51\xc1\xe1\xb2\x32\xc5\xa6\xd9\x0b\x41\
\x50\x83\xaa\x23\x82\xa6\x2b\x2a\x4d\x08\x34\x32\x53\x2e\x89\x95\
\x48\x8e\x1c\x24\x57\x21\x92\x24\xd2\xa9\x53\x67\x96\x2e\x7d\x91\
\x88\xc8\xc8\x66\x7d\x20\xbc\x78\xef\xdd\x77\x79\xe4\xe1\x87\xe9\
\x14\x20\xb0\x26\xc9\xca\xa0\x3a\xc1\x7f\xdc\xcb\x7a\xcc\x85\x2a\
\x2e\x1a\x20\x0b\xf9\x18\x74\x72\x5f\xff\x99\xcf\x74\xbc\xfd\x8b\
\xdc\xd7\x5f\x3e\xd1\xce\x85\x03\x6a\x79\x02\x33\x5e\xd3\xb3\xf9\
\x90\x5a\x19\x0f\xec\xec\x0f\x93\x56\xea\xd9\x9d\xa3\x62\x24\x2a\
\x1e\x68\x47\xc1\x3f\x55\xdd\x91\x07\x8c\x83\x9b\x13\xfb\x11\x81\
\x4b\xcc\xa9\x6b\x7e\x3e\x35\x67\x75\xfa\xe2\x6c\x02\xe0\x81\x29\
\x2e\x69\x29\xe0\x53\x5c\xbe\x93\xe4\x60\x99\x65\x07\xdd\xc4\x53\
\x23\xe7\x6b\x07\x56\xe3\x62\x3d\x22\x2a\x95\x8a\x69\xd3\xa7\x73\
\xcf\xdc\xb9\x4d\xaa\xcf\xfd\xf6\xdb\x6f\x3c\xf4\xc0\x03\xca\xd3\
\x5f\x5d\x65\x3f\xff\x80\x00\xd4\x2a\x55\x3d\x53\x1d\xbd\x5e\x8f\
\xde\xf3\xbe\x57\x78\x47\x5d\x47\xa0\xc7\xe0\xe7\x87\xd6\x53\x6a\
\xf5\xde\x1c\x75\x1e\x07\x40\x00\xa3\xc1\x80\x46\xab\xad\x27\x08\
\x54\xef\x98\x6d\x64\x3e\xdb\xed\x76\x34\x1a\xcd\x71\xb1\xa6\xeb\
\xc2\x62\xb1\xb0\x7f\xdf\x3e\xf6\xec\xd9\xa3\x38\xf9\xa5\xa5\xa5\
\xd5\xb3\xf8\x0d\x0b\x0b\x23\x31\x31\x91\xc1\xc7\x69\xed\xdb\x16\
\x1c\x3e\x7c\x98\xf3\xce\x39\x87\xa7\x9e\x7e\x9a\x9b\x6f\xb9\xa5\
\xc5\xdb\x5d\x7b\xf5\x55\x1c\x3c\xb0\x8f\x9f\x1f\xb3\x72\xf1\xe3\
\x06\xba\xf7\x88\xe2\xfb\x1f\x7f\xf4\xb9\x8d\xdb\xed\xe6\xa7\x1f\
\x7f\x64\x5a\xd2\x54\xbc\x1f\xff\x92\x4b\x2f\xa5\xa2\xa2\x82\x92\
\xe2\x62\x8a\x8b\x8b\x9b\x6f\xdb\x08\x5a\x54\xba\x9e\x9e\x44\xa0\
\xe1\xb5\x28\xb9\x8f\x20\x3a\x32\x51\xfb\xf5\x07\xc1\x4f\x36\x14\
\x72\x1c\x42\x14\x9d\x74\xec\xd4\x89\xa4\xa4\x24\x6e\xbb\xfd\xf6\
\x06\x84\xbc\xca\xca\x4a\x16\xbf\xf0\x02\xef\xbf\xf7\x1e\xa2\x28\
\x22\xa8\x3b\xa2\xd2\xf7\x45\x38\xa6\x8f\x2b\xb9\xcb\x3d\xfa\xf8\
\xb2\x83\xa7\xd1\xdf\x1f\x4b\x4d\x8d\x6c\xaa\x63\x6c\x48\x3c\x6c\
\x0c\xb2\x64\xef\x61\x8f\x6c\xaf\x05\x24\x3b\x92\x28\x57\x82\x05\
\x41\x8d\xa0\xd2\x21\x61\x40\x50\x19\x41\x15\x80\xa0\xee\xe0\x21\
\xfc\x35\x42\xe8\x13\x6d\x88\xae\x42\x24\x67\x81\x2c\xee\x03\xc4\
\xc6\xc6\x32\x25\x29\x89\xeb\xaf\xbf\xbe\x55\x53\x37\xeb\xd6\xae\
\xe5\xc9\x27\x9e\xa0\x53\x80\xc0\xdb\xb3\xac\x8a\x8a\x5f\x51\x85\
\xc0\xa4\x95\x7a\xd2\x8b\x55\x5c\x1c\xe7\x66\xc5\x24\x59\xc8\xc7\
\x2d\xc2\xa3\x1f\xe9\xf8\x78\xb3\x06\x7f\xbd\x6c\xf8\xe3\xe5\x09\
\x54\x59\x05\x92\xd6\xe8\xd9\x99\xa1\xa2\x57\x37\x89\xb7\x66\xd9\
\xd0\x69\x60\xda\x6a\x39\xf8\x5f\x8c\x8a\xfb\xd0\x9c\xe1\xa6\xbe\
\xb5\x28\x56\xf9\x71\xa7\x71\x28\x95\xcd\x8b\x59\xcd\x33\xa7\xae\
\x79\xf1\x54\x9c\xd3\xe9\x8e\xb3\x09\x80\x07\xa6\xb8\x24\x0d\xf0\
\x1d\x70\xa1\xaf\x75\x51\x62\x35\x8b\x2d\x3b\xdb\xac\x14\xd8\x52\
\x64\x20\xf1\xb4\xe0\x26\x47\x12\x09\x0d\x0d\x65\xc9\xd2\xa5\xcd\
\xf6\x99\x7f\xfb\xed\x37\x1e\xbc\xff\x7e\xc5\xb8\x47\x92\x24\xc5\
\x88\xe7\xef\x84\xd7\x06\xf8\xf6\xb1\x63\x59\x70\x5f\xf3\x7c\x9b\
\xd5\xaf\xbe\xca\xe2\xc5\x8b\x09\x0f\x0b\xa3\x7b\xf7\xee\x44\x74\
\xef\x4e\x77\xef\x2b\x32\x92\xee\xdd\xbb\x13\x16\x16\xd6\xa6\xde\
\xbe\x17\x95\x95\x95\xec\xdc\xb9\x93\x6d\x5b\xb7\xb2\x63\xfb\x76\
\x76\xef\xde\xad\xe8\x19\x80\x5c\x25\xe8\xd7\xaf\x1f\xf1\xf1\xf1\
\xc4\x7b\x92\x82\xa8\xa8\xa8\x13\xa2\x32\xd8\x18\x1e\x7f\xec\x31\
\xee\x5d\xb0\x00\xa3\xb1\xc9\xc9\xd4\x06\x78\xea\x89\x27\x58\xbb\
\x76\x2d\x37\x0c\x77\xf1\xd9\x56\x0d\x93\x26\x4f\xe6\xe1\x47\x1e\
\x69\xd1\xb6\xd7\x5c\x75\x15\xfb\xf6\xed\x43\xa5\x12\x38\x78\xc8\
\x5c\xaf\x34\x7d\xa4\xbc\x9c\xd2\xd2\x52\x0a\x8b\x8a\x94\xa4\xa0\
\xb8\xa8\x88\xec\x9c\x1c\xf6\xef\xdb\xc7\xe1\xc3\xe5\x80\x04\x82\
\x06\x95\x36\x02\x41\x1b\x59\x4f\x8e\x17\x24\x5c\xd5\xbf\x00\x6e\
\x79\x9a\x40\x1b\x29\x2b\x06\xda\xd3\x90\x5c\xf9\x48\x92\x48\x40\
\x40\x00\xd7\x5d\x77\x1d\xb7\x8c\x1e\x4d\x7c\x7c\x7c\xbd\x73\xdb\
\xbb\x77\x2f\x8f\x3d\xfa\x28\x3b\xb6\x6f\x07\x3c\xed\x07\x5d\x0c\
\xa8\x8e\xe1\x34\xb8\x2b\x10\x1d\xd9\xe0\x2e\x41\x92\xe4\x40\xa9\
\x09\xb8\xa8\xc5\x6d\x8a\xb6\x43\x94\x13\x08\x57\x99\xfc\xf2\xa8\
\xf8\xe9\x74\x3a\xae\x18\x35\x8a\xd1\xa3\x47\x73\xee\x79\xe7\xb5\
\x7a\xaf\xaf\xae\x5a\xc5\xf3\x8b\x16\x35\x1a\xfc\xef\x78\x49\x36\
\xef\xb9\x36\xd1\xc5\xa2\xb1\xb2\x90\x8f\xd3\x0d\x0f\x78\xfa\xfa\
\x81\x06\x89\x37\x66\xd8\x1b\x6d\x15\x98\xc2\x44\xde\x9e\x2d\xeb\
\x6e\x78\x2b\x08\xed\x2d\xf8\x5b\x05\x35\x73\x8d\x89\x64\xa9\x9a\
\xad\xc4\x7d\x62\x4e\x5d\xd3\xf2\x2c\xbb\x9d\xe3\x6c\x02\x50\x07\
\xa6\xb8\xa4\xce\xc8\x7c\x00\x9f\xa2\xe8\x23\x5c\x65\x2c\xb4\xa6\
\xa2\x3a\x09\x93\x01\x12\xf0\x7f\xb8\x79\xc3\x43\xf4\xbb\xe2\x8a\
\x2b\x78\x76\xd1\xa2\x36\x0b\xd5\x78\xe1\x72\xb9\x14\x45\x3f\x2f\
\x91\x0f\x6a\xc5\x7b\xea\x8a\xfb\xd4\x15\xf2\xb1\xd7\x11\xed\xb1\
\xd4\xd4\xe0\xf2\x90\xe0\xaa\x3c\xa2\x3e\x75\xf7\x6b\xb7\xd9\x6a\
\xd7\x7a\x1c\xfe\xc0\xe3\xfe\x27\x49\x5c\x79\xd5\x55\x8c\x1b\xdf\
\xbc\xc7\xc6\xa6\x8d\x1b\x79\xe7\x9d\x77\xe4\xde\x7e\x7e\x3e\x2e\
\x57\x43\x8e\x8e\x9f\x9f\x1f\xbd\x7b\xf7\xa6\x77\x54\x14\xd1\xd1\
\xd1\xf4\xee\xdd\x9b\x18\x93\x89\xd8\xd8\xd8\x66\xc9\x84\x4d\x7d\
\x3f\x07\xf6\xef\x27\xc5\x43\xf8\x4b\x49\x4e\x26\x3d\x3d\xbd\x5e\
\xeb\xa0\xa5\xec\xfc\xb6\xc0\xe9\x74\xb6\x5a\x9f\xc1\x6c\x36\x33\
\xea\xf2\xcb\x95\x4a\xc6\x73\x8b\x16\xf1\xdf\xd1\xa3\x95\xf7\x4b\
\x4b\x4b\x95\x29\x8c\x63\x71\xe7\xec\xd9\x7c\xf5\xd5\x57\x74\xed\
\x1a\xcc\x96\x6d\xdb\x5b\x75\xdc\x82\x82\x02\x5e\x7e\xe9\x25\x3e\
\xfd\xe4\x13\x9c\x9e\xbf\xb1\xa0\xee\x8c\x4a\x17\xe9\x91\xcb\x55\
\x21\xda\xf7\x23\x3a\x72\x3c\xef\x75\x42\xe5\xd7\x17\x41\x15\x24\
\x3f\x2d\x3b\x32\x90\xdc\x85\xca\x13\x77\x4c\x4c\x0c\x97\x5c\x7a\
\x29\x17\x5d\x7c\x31\x89\x09\x09\xa8\x35\x1a\x24\x49\xe2\x9b\x0d\
\x1b\x58\xf4\xdc\x73\xe4\xe6\xe6\x22\x08\x2a\x04\x6d\x0f\x59\x89\
\xef\xd8\x27\x3c\xc9\x81\xe8\xcc\x47\x72\xe6\xa1\xd2\xc7\x22\x68\
\x1a\xd1\xff\x97\x9c\x88\xf6\x34\x40\x04\x95\x3f\x82\xca\x00\x82\
\x41\x36\xe7\x69\x2a\x61\x90\xdc\x48\x92\x15\x44\xab\xfc\x5f\x77\
\x35\x92\x78\x14\xc9\x5d\xc5\xb1\x6a\x7e\x1d\x3a\x74\xa0\xff\x80\
\x01\xf4\xed\xdb\x97\xbb\xee\xbe\xbb\xd5\xe3\x86\xaf\xbc\xfc\x32\
\x4b\x16\x2f\x26\xa4\xa3\xc0\x3b\xb3\x2d\xf4\xec\x2a\xef\x3f\xbb\
\x4c\x60\xfc\x4b\x7e\x14\x56\x08\xdc\x30\xdc\xc5\xd3\x63\x6a\x83\
\xbf\xb7\xaf\xdf\xc9\x5f\xe2\xed\xd9\xb5\x9a\xff\xa5\x95\x02\x13\
\x57\xca\x81\x7e\x50\x4f\x91\x37\x66\xd8\x71\xb9\x6b\x83\xff\x35\
\xa8\x98\xd3\x8e\x82\xbf\x88\xc0\x13\x86\x81\x6c\x69\xde\xe1\x2f\
\x15\x38\xe7\x9f\xa2\xf3\xdf\x12\x9c\x4d\x00\x8e\x81\x29\x2e\x69\
\x10\xb0\x19\x1f\x22\x41\x00\x37\x39\x72\x99\x62\x4f\x3b\xa1\xc7\
\x2e\xf7\x10\xfd\x76\x20\x62\xf0\xf3\xe3\xe1\x85\x0b\x19\x73\xdb\
\x6d\x27\xf4\x18\x67\x1a\x44\x51\xa4\xa8\xa8\x88\xbc\xbc\x3c\xf2\
\x72\x73\xc9\xcb\xcb\x23\x37\x27\x47\x31\xee\x39\xb6\xc2\xa1\xd6\
\x68\x30\xc5\xc4\x30\x60\xc0\x00\xfa\x0f\x18\x20\xbb\xf9\x0d\x1c\
\xd8\xa6\x72\x7e\x4d\x4d\x0d\x7b\xf6\xec\x21\x25\x39\x99\xdd\xbb\
\x77\x33\x6e\xfc\x78\x46\x8c\x18\x71\xa2\x3e\xda\x09\xc1\x43\x0f\
\x3e\xc8\x07\xef\xbf\x0f\xc0\xab\x6b\xd6\xd4\x13\xe0\xb9\x6a\xd4\
\x28\x0e\x1c\x38\x40\xa7\xce\x9d\x09\xe9\xd6\x8d\xd0\xb0\x30\xc2\
\xc3\xc2\x08\x09\x0d\x65\xd7\xae\x5d\xfc\xfc\xd3\x4f\x0c\x19\x32\
\x84\xb7\xdf\x7d\x17\xff\x36\x70\x18\x8e\x94\x97\xf3\xe1\x87\x1f\
\xf2\xde\x7b\xef\x91\x9f\xe7\xd1\x50\x11\xb4\x9e\xfe\xb8\x01\xd1\
\x6e\xae\xb7\x5e\x7e\x92\x37\xc9\xbd\x73\xc9\x85\xe8\x2a\xf2\x38\
\xde\xd5\xf2\x6a\x02\x03\x03\x49\x48\x48\x60\xf0\x90\x21\xc4\x0f\
\x1e\x4c\x6c\x6c\x2c\x1b\x37\x6e\x64\xf5\xaa\x55\x94\x96\x96\x22\
\xa8\xb4\x08\x9a\x1e\xa8\x74\xbd\x1a\x69\x3f\x48\x20\x39\x7d\x06\
\x74\xb7\x7d\x1f\x52\x63\x64\x5e\x41\x83\x7c\x3b\x54\x01\x6e\x90\
\x1a\x27\x86\xab\x54\x2a\xa2\xa2\xa2\x88\xec\xd1\x83\xae\x5d\xbb\
\x22\x8a\x22\xd9\xd9\xd9\xa4\x99\xcd\x1c\x39\x72\x04\xb5\x46\xc3\
\xfe\x03\x07\x5a\x65\x12\xe5\x95\xb2\x0e\xe9\x08\xef\xcc\xb1\x2a\
\x12\xbe\x59\x25\x02\xe3\x5e\xf6\xa3\xf8\xa8\xc0\x98\xf3\x5c\x3c\
\x7a\x8b\xac\xe2\x67\x75\xa0\xb0\xf7\x43\x3a\x48\xbc\x3d\xdb\x46\
\xaf\x6e\xf2\x36\x85\x15\x02\xe3\x3c\xd5\x82\x11\x26\x37\x2b\xa7\
\x38\xa8\xb6\xc1\xf8\x97\xfd\xc8\x2a\x15\xb8\x06\x15\x77\xa2\x69\
\x57\x37\xfe\x55\x7a\x13\x5f\xea\x9a\xb5\x92\x2e\x07\x12\xcd\xa9\
\x6b\xb2\x4e\xfe\x19\x9d\x39\x68\x4f\xd7\xc1\x09\x83\x29\x2e\xe9\
\x66\xa0\x59\x36\xd6\x89\x9c\x0c\xd8\x82\xc8\x62\x41\xa4\x42\x12\
\xe9\xdf\xbf\x3f\xcb\x56\xac\x20\x26\xa6\x71\xf9\xca\xbc\xbc\x3c\
\x3e\xfd\xe4\x13\x79\xd6\x5e\xaf\x57\x4c\x74\xd4\x1e\xd3\x9d\xba\
\x3d\xf9\xc0\xc0\x40\x04\x41\x50\x0c\x77\x8c\x46\x23\x1a\x8d\x46\
\x99\xcd\x3f\xd3\x51\x54\x54\x44\x66\x46\x06\x66\xb3\x99\x43\x07\
\x0f\xb2\x27\x35\x95\x7d\xfb\xf6\xe1\xae\x53\x35\x50\x6b\x34\xf4\
\xeb\xd7\x8f\x21\x43\x86\x90\x90\x90\xc0\x90\x21\x43\xda\x0d\x89\
\xd2\x62\xb1\x70\xcb\x4d\x37\xb1\x7f\xff\x7e\x96\xaf\x58\xc1\xb5\
\x75\xc4\x9e\x6e\xb8\xfe\x7a\x72\x73\x73\x29\x3f\x46\xcf\xa0\x31\
\x04\x04\x04\x10\x12\x12\x42\x78\x78\x38\xa1\x61\x61\x84\x84\x84\
\xc8\x09\x43\x78\xb8\xfc\x73\x68\x68\x93\xb2\xbc\xa2\x28\xf2\xf3\
\x4f\x3f\xf1\xd1\x87\x1f\xf2\xd3\x4f\x3f\x29\x55\x01\x90\x05\x95\
\x1e\x7c\xe8\x21\x56\xad\x5a\x45\x69\x49\x09\xa0\x42\xa5\x0d\x43\
\xd0\x45\xc9\xfd\x75\x00\xc9\x86\xe8\x2a\x45\x72\x95\x82\xbb\xbc\
\x81\x85\x6e\x60\x60\x20\xa1\xa1\xa1\xf5\x78\x1b\x82\x4a\x87\xa0\
\xed\x25\x27\x02\xad\xbc\x8d\x89\xce\x5c\x24\xfb\x01\xa5\x6d\xd0\
\xb5\x6b\x57\xdc\x6e\x37\x0e\x87\x7c\xde\x46\xa3\x2c\x7c\x15\x10\
\x18\x48\x78\x78\x38\x3d\x7a\xf4\xa0\x47\x8f\x1e\xc4\xc6\xc6\x32\
\x20\x2e\xae\xc9\x36\xcd\x91\xf2\x72\xf2\xf2\xf2\x7c\x9a\x6f\xd5\
\x85\x24\x49\xbc\xf0\xfc\xf3\xbc\xba\x6a\x15\x91\xc1\xf0\xc6\x8c\
\xda\xe0\x5f\xd7\xb9\x6f\xd2\x45\x4e\x16\x5c\xef\x44\x10\xe4\xbe\
\xfe\xd4\xd5\x7a\x76\x65\xaa\xe8\x11\x2c\xb1\x6e\xa6\x8d\xee\x5d\
\x6a\xab\x05\x77\xac\x90\x13\x86\x0b\xfa\xbb\x59\x3e\xd1\xce\x51\
\x8b\xfc\xbb\x9c\xc3\x02\xd7\xa1\x66\x36\xea\x76\x75\xd3\xff\x5c\
\x17\xc9\xea\xe6\x65\x7e\x5d\xc0\x65\x67\x49\x7f\x0d\xd1\x9e\xae\
\x85\x13\x0a\x53\x5c\xd2\xd3\xc0\x83\xbe\xd6\xa8\x91\x78\xc2\xba\
\x9b\x04\x57\xf3\x37\xd8\xa6\xe0\x00\x56\xe3\xe6\x4b\xe4\x9b\xde\
\xa4\xc9\x93\x59\x70\xdf\x7d\x3e\xcb\xd8\x7f\xfd\xf5\x17\xb7\xdd\
\x7a\x6b\x9b\x8f\x59\x17\x1a\x8d\x06\x83\xc1\x80\x46\xa3\xc1\x68\
\x34\xd6\x23\x09\x7a\xcb\x98\x5e\x02\xa1\xc1\x68\x44\xab\xd1\xc8\
\x0a\x82\x1e\xa1\x1f\x3f\x3f\x3f\x79\x1f\x75\x12\x90\x58\x93\x89\
\x41\xc7\xf4\x75\x1b\x43\x51\x61\x21\x3f\xfc\xf0\x03\x61\x61\x61\
\x8a\x71\xcf\xf1\xb6\x3a\x40\x16\x6b\x39\xb0\x7f\x3f\x7b\x52\x53\
\xd9\xb5\x73\x27\xdb\xb7\x6d\x23\x27\x27\xa7\xde\x9a\x2e\x5d\xba\
\x90\x90\x90\x40\x42\x62\x22\x89\x89\x89\x6d\xae\x12\x9c\x0e\x28\
\x2f\x2f\x67\xc2\xf8\xf1\x8c\xbe\xf5\x56\x6e\xbf\xfd\xf6\x06\xef\
\x3b\x1c\x0e\x8a\x8b\x8b\x29\x2d\x29\xa1\xa0\xb0\x90\x92\xe2\x62\
\x7e\xfb\xf5\x57\xb6\x6d\xfd\x8b\xee\x91\x3d\x71\x38\x9d\x14\x16\
\x14\x28\xed\x9b\xa6\xa0\xd7\xeb\x09\x0d\x0b\x23\x2c\x34\x54\x99\
\x12\x08\x0b\x0b\x93\x13\x86\x6e\xdd\x08\x0b\x0f\x47\xa7\xd3\xb1\
\xf1\x9b\x6f\xf8\xe2\xf3\xcf\xd9\xb2\x65\x0b\x92\x24\xb1\x6c\xf9\
\x72\x2e\xbb\xfc\x72\xde\x7a\xf3\x4d\x56\xbf\xba\x9a\xa3\x47\x65\
\x79\x6d\x41\xd3\x15\x95\xb6\x87\x67\x74\xcf\x7b\x2b\x92\x90\xdc\
\x55\x48\x62\x85\x5c\x19\x70\x57\x21\x49\x16\xc5\x1e\xb7\x2e\xd4\
\x1a\x3d\x82\xe1\xc2\x36\x7d\x67\x92\xfb\x28\xa2\x2d\x19\x49\xb4\
\x31\x20\x2e\x8e\x35\xaf\xbd\xd6\xe6\x49\x90\x36\x1d\x5f\x92\x58\
\xf8\xf0\xc3\xbc\xf7\xde\x7b\xf4\x08\x96\x9f\xfc\xbd\xfa\xfd\x7b\
\xf3\x54\x4c\x5e\x29\x07\xff\xa9\x97\x3a\x99\xef\x71\x78\x2c\xaf\
\x16\x98\xf2\xaa\x9e\xbd\xb9\x2a\x4c\xa1\x22\xaf\xcf\xb0\x2b\xdb\
\x1c\x2a\x50\x31\x71\xa5\x9e\xb2\x2a\x81\xcb\xe3\xdd\xbc\x38\xde\
\x4e\xc9\x51\x81\x09\x2f\xcb\xc1\x7f\x34\x6a\xa6\xf8\xf0\x2f\x38\
\x13\xb1\x59\x13\xcc\x93\x86\x38\xa4\xe6\xc3\xd8\x0c\x73\xea\x9a\
\x57\x4f\xc5\x39\x9d\x69\x38\x9b\x00\xf8\x80\x29\x2e\xe9\x63\xc0\
\xe7\x80\xba\x41\x72\xf3\x82\x65\x27\xd1\x62\xeb\xdb\x4a\x19\x48\
\x3c\x2b\xb8\xc9\x92\x44\xba\x76\xed\xca\x0b\x4b\x96\x30\x72\xe4\
\xc8\x66\xb7\xab\xac\xac\x64\xdb\xd6\xad\xb8\x45\x51\xe9\xd1\xd7\
\xed\xdb\x7b\xfb\xf3\x5e\xf3\x1e\xa7\xd3\x89\xd5\xf3\x9e\xd7\x90\
\xa7\xc6\x62\xc1\xed\x72\x29\xc2\x3f\xa2\x24\x51\xed\xe1\x00\x78\
\x49\x84\x36\x9b\xad\xde\xd3\x5c\x4b\xd1\xd2\x5e\xf9\x27\x1f\x7f\
\xcc\x82\x7b\xef\xad\xf7\x3b\x83\xc1\x40\x58\x58\x18\x11\x11\x11\
\x84\x85\x87\xd3\xab\x57\x2f\xa2\x3c\x3d\xfe\x5e\xbd\x7a\xb5\xd9\
\xc7\xa0\xb8\xb8\x98\x6d\xdb\xb6\xb1\x7d\xdb\x36\x76\xee\xd8\xc1\
\xfe\xfd\xfb\x1b\x48\xff\x0e\x18\x30\x80\xc4\xc4\x44\xae\xbd\xfe\
\xfa\x06\xc4\xb4\xd3\x1d\x96\x9a\x1a\x0e\x1c\x3c\x48\x42\x42\x42\
\x9b\xf7\x51\x59\x59\x49\x71\x71\x31\x85\x85\x85\x94\x94\x94\x50\
\x52\x5c\x4c\x61\x41\x01\x25\x25\x25\x14\x97\x94\x50\x58\x50\xc0\
\xe1\xc3\x87\x7d\x2a\x48\x6a\x34\x1a\xba\x79\xda\x0d\x9d\x3b\x75\
\xa2\xc6\x62\xa1\x73\xe7\xce\x8c\x1a\x35\x8a\xb0\xf0\x70\x3a\x76\
\xec\xc8\xb7\x1b\x37\xf2\xf6\xdb\xef\x50\x54\x54\x28\x6f\x24\xf8\
\xc9\x55\x01\x6d\x18\x82\xaa\x09\x51\x2b\xd1\x86\x24\xd5\x80\x68\
\xaf\x75\xd5\x13\xb4\xcd\xba\xf3\xf9\x84\xe4\xc0\x6d\x4d\x41\x72\
\x97\xa3\x52\xa9\x19\x14\x3f\x88\xa1\x43\x87\x62\x32\x99\x88\x31\
\x99\x88\x8e\x8e\x3e\x2e\xe9\xe0\x26\x0f\xeb\x23\xf8\xd7\xb5\xed\
\xad\x2b\xe1\x5b\x7c\x54\x60\xf2\x2a\xb9\x87\xdf\xbf\xbb\xdc\xd7\
\xf7\xca\xfe\xa6\x64\xab\x98\xb6\x5a\x4e\x18\xae\x1b\xea\xe2\xb9\
\xdb\x1d\xe4\x95\xd7\x56\x03\xda\x63\xf0\x3f\xa0\x0e\xe2\x3e\xe3\
\x10\x1c\xcd\x33\x19\x56\x9a\x53\xd7\xcc\x3a\x15\xe7\x74\x26\xe2\
\x6c\x02\xe0\x03\x1e\xa5\xc0\x9f\x80\xe1\xbe\xd6\x75\x92\x1c\x2c\
\xb5\xec\x20\xa4\x85\xe3\x81\x12\xf0\x39\x6e\x5e\xf3\x10\xfd\x2e\
\xbc\xe8\x22\x5e\x58\xbc\xb8\xcd\x5e\xf2\x27\x1b\xf5\x92\x0b\x0f\
\xa1\xcf\x9b\x5c\xb8\x9c\x4e\x2c\x56\x6b\x3d\x12\x61\xdf\xbe\x7d\
\xe9\xd1\xc3\x27\x8f\x12\x90\xfd\x09\x7e\xff\xfd\x77\x0a\xf2\xf3\
\xc9\x2f\x28\xa0\xa0\xa0\x80\x82\xfc\xfc\x26\x27\x17\xd4\x6a\x35\
\x11\xdd\xbb\x63\x32\x99\xe8\xdf\xbf\xbf\xd2\xdf\x0f\x0d\x6d\x28\
\xc5\xda\x1c\x2c\x16\x0b\xbb\x77\xef\x66\xd7\xce\x9d\xec\xf4\xbc\
\xbc\xd2\xbf\x4f\x3e\xfd\x74\xa3\x4f\xd2\xa7\x2b\xb6\x6c\xd9\x82\
\xd1\x60\x20\x24\x34\x94\x2e\x5d\xba\x9c\xb0\xf1\xc9\xc6\xe0\x76\
\xbb\x29\x2b\x2b\xa3\xa8\xa8\x88\xe2\xe2\x62\x39\x49\xf0\x54\x15\
\x8a\x4b\x4a\x28\x2a\x2c\xa4\xb8\xb8\x58\xb9\x16\x1a\x83\x20\x08\
\xcc\x9e\x33\x87\x7e\xfd\xfa\xf1\xce\x3b\xef\xf0\xd7\xe6\xcd\x75\
\x4a\xfb\x46\x04\x4d\x37\x04\x4d\x57\x8f\x2a\xe0\xc9\xa6\xaa\x49\
\x88\xf6\x43\x88\x8e\xac\x46\xdf\x0d\x09\x09\x21\x2a\x3a\x9a\xd8\
\xd8\x58\x62\x62\x62\x88\x8e\x89\x21\x36\x36\x96\xce\x9d\x3b\xb7\
\xe9\x68\x6e\xb7\x9b\x7b\xe7\xcf\xe7\xf3\xcf\x3e\xc3\x14\x26\xf1\
\xe6\x2c\x1b\xc1\x81\xf2\x67\xdf\x9a\xa6\x66\xc6\x6b\x3a\xaa\x6d\
\x02\x0b\xae\x77\x32\xf9\x62\x39\xf8\x17\x94\x0b\x8c\x7f\x45\xee\
\xeb\x0f\xe9\x25\xf2\xda\xf4\x5a\xe5\xbf\x6d\xe9\x2a\xa6\xaf\x91\
\x13\x06\x2f\x4f\x20\xe7\x70\x6d\xf0\x1f\x87\x9a\x3b\xda\x59\xf0\
\xcf\x55\x19\x99\x6f\x4c\x68\xc9\xb8\xdf\xb7\xc8\x3a\xff\xff\x28\
\x87\xbf\xd6\xe0\x6c\x02\xd0\x0c\x4c\x71\x49\xa1\xc8\x72\xc1\x3e\
\x23\x5a\x77\xd1\xc2\x12\xcb\x4e\x82\x24\xdf\x4f\xcc\x15\x48\xbc\
\x80\x9b\xad\x88\xe8\x74\x3a\x1e\x78\xf0\x41\xc6\x8d\x1f\xdf\xe8\
\x48\x60\x26\x1c\xb6\x00\x00\x20\x00\x49\x44\x41\x54\xdb\x91\x23\
\x47\xa8\xa9\xa9\x41\xab\xd5\x62\x30\x18\x94\xfe\x7d\x7b\x47\x55\
\x55\x15\x05\xf9\xf9\x8a\x8b\x9f\xd9\x6c\x26\x33\x33\x93\xf4\xb4\
\x34\x2a\x2a\x1a\xba\x33\x06\x07\x07\x33\x28\x3e\x9e\xa1\x43\x87\
\x92\x90\x98\xc8\xa0\x41\x83\xda\x54\xce\xcf\xcc\xcc\x64\xd7\xce\
\x9d\x0c\x1b\x3e\xbc\x59\x0b\xe2\xd3\x09\x89\x09\x09\x4a\xf2\xa2\
\x52\xa9\x08\x0e\x0e\x26\x34\x2c\x8c\xae\x5d\xbb\x12\xd2\xad\x1b\
\xdd\x42\x42\xe8\xda\xb5\x2b\x61\x61\x61\x74\x0b\x09\xa1\x5b\xb7\
\x6e\x74\xe9\xd2\xe5\xb8\xc6\x28\x9b\x83\xd5\x6a\x6d\x98\x24\x94\
\x94\x50\x5c\x5c\x4c\x51\x61\x21\x63\x6e\xbf\x5d\x51\xb2\x2c\x2c\
\x2c\xe4\xf3\xcf\x3e\x63\xfd\xfa\xf5\x1c\xd8\xbf\xbf\xce\x5e\xd4\
\x08\xea\x8e\x08\x9a\x4e\x08\xaa\x8e\xf2\x1c\x7e\xf3\x37\xfd\x36\
\x41\x96\x2f\xde\x8b\x24\xb9\xe8\xdb\xb7\x2f\x61\xe1\xe1\xa4\x99\
\xcd\xe4\xe7\xe7\x37\x5a\xf1\xe8\xd0\xa1\x03\xb1\x7d\xfa\x70\xd1\
\x45\x17\xb5\x78\x32\xc4\xed\x76\x33\x6f\xee\x5c\xbe\xfc\xe2\x0b\
\x4c\x61\x32\x79\xcf\xfb\x14\xff\xd7\x21\x35\xd3\xd6\xc8\xb6\xbd\
\x8f\xdd\xe2\x60\x8c\x47\xbf\xbf\x6e\x5f\xff\x58\xe5\xbf\x3f\x0e\
\xaa\x99\xf9\x9a\xbc\xcd\xd4\x4b\x9d\xcc\xbb\xc6\x89\xb9\x50\xae\
\x20\x94\x56\x09\x4c\x46\xcd\xad\xed\x2c\xf8\x97\x09\x7a\xe6\xfa\
\x27\x52\xda\x84\x13\x63\x1d\xec\x06\xce\x3b\xcb\xf8\xf7\x8d\xb3\
\x09\x40\x0b\x60\x8a\x4b\x8a\x43\x9e\x0c\xf0\x29\x17\xdc\xdf\x7d\
\x94\x67\xac\x29\xe8\x9b\xd0\x08\xd8\x8a\xc8\x0b\x1e\xa2\x9f\x29\
\x36\x96\xe5\x2b\x56\xd0\xb7\x09\xab\x53\x80\xb5\x6b\xd7\xf2\xd4\
\x13\x4f\x34\xf8\x7d\x40\x40\x00\x1a\x8d\x46\x71\xe8\xf3\xf3\xf3\
\x53\xfa\xf3\x81\x41\x41\xf2\x7b\x46\xa3\x22\xf4\xe3\x4d\x1c\x02\
\x83\x82\xd0\x78\x84\x7e\xbc\x4e\x80\x01\xfe\xfe\xa8\x35\x1a\x02\
\x03\x03\x15\x32\xa1\xf2\x9e\x47\x1c\xe8\x74\xc2\x91\x23\x47\xe4\
\xfe\xbe\x47\xd4\x67\x77\x4a\x0a\xb9\xb9\xb9\xf5\xd6\x68\x34\x1a\
\xe2\xe2\xe2\x94\xfe\x7e\x42\x62\x22\x21\x21\x8d\x8c\x86\xb5\x13\
\x7c\xf4\xe1\x87\x94\x78\x9e\xbe\x8b\x8a\x8b\x95\x9f\x0f\x1f\x3e\
\x5c\x4f\xec\xa8\x2e\xd4\x1a\x0d\x5d\x83\x83\x09\xf1\x24\x04\xdd\
\x3c\x3d\xfc\xae\x5d\xbb\xd2\x2d\x24\x84\x10\x4f\xd2\x70\xaa\xab\
\x52\x79\x79\x79\x7c\xfb\xed\xb7\xfc\xf6\xcb\x2f\xfc\xf1\xc7\x1f\
\x0d\x46\x40\x05\x95\x01\x54\x81\x08\xaa\x00\x59\x7b\x40\xe5\x11\
\xeb\x69\x3e\x20\x34\x0b\x49\xac\x46\xb4\x26\x23\x89\x35\xc4\xc7\
\xc7\xb3\x6a\xf5\x6a\x3a\x75\xea\x44\x7a\x7a\x3a\xe6\x43\x87\x30\
\x9b\xcd\x98\x0f\x1d\xe2\x90\xd9\x4c\x6e\x4e\x0e\xa2\x28\x72\xdb\
\x6d\xb7\xf1\xd4\x33\xcf\x34\xbb\x6f\xa7\xd3\xc9\x9d\x73\xe6\xb0\
\x69\xe3\x46\x06\x44\x4a\xbc\x3e\xbd\x36\xf8\xff\x98\xaa\xe6\x9e\
\x37\xf5\x38\x5c\xf0\xd4\x18\x07\x37\x8d\x90\x3f\x73\x5d\x22\x60\
\x5d\xf1\x1f\xef\x36\x73\xd6\xca\x56\xbf\x77\x5d\xe5\x64\xe6\x15\
\xce\x7a\xeb\xdb\x63\xf0\xaf\x11\x34\xcc\x33\x26\x90\xdd\xfc\xac\
\x7f\x01\x30\xe2\x9f\x68\xef\xdb\x5a\x9c\x4d\x00\x5a\x08\x53\x5c\
\xd2\x28\x60\x3d\xf8\x56\xcd\x1c\xe6\x3a\xcc\x42\x6b\x2a\x1a\x6a\
\x9f\x1a\x1c\xc0\xeb\xb8\xf9\xcc\x43\xf4\xbb\x7d\xec\x58\x1e\x7a\
\xf8\xe1\x66\x9f\x52\xbf\xfd\xf6\x5b\xd6\xbd\xf1\x06\x6e\x51\x54\
\xe6\xf5\x6b\xaa\xab\x15\x13\x1f\xb7\xdb\xad\xcc\xe0\x9f\x2c\x08\
\x82\x40\x40\x40\x80\x52\x85\x30\x18\x0c\x68\xb5\x5a\x02\x02\x03\
\x79\x6e\xd1\x22\x7a\xf7\x6e\xde\x32\x36\x39\x39\x99\x47\x17\x2e\
\x24\x3c\x3c\xbc\xfe\xcb\xe3\xe6\xd7\xb5\x6b\xd7\xe3\x3a\xc7\x8a\
\x8a\x0a\x76\xed\xdc\xc9\xb6\x6d\xdb\xd8\xba\x75\x2b\xbb\x53\x52\
\x1a\x04\x8e\xf0\xf0\x70\x12\x13\x13\x15\x7b\xdf\xfe\xfd\xfb\xb7\
\x58\x97\xfd\x4c\x85\xcb\xe5\xa2\xcc\x23\xe8\x53\xec\x79\x1a\x2f\
\x2e\x2e\x56\x9e\xcc\x8b\x8b\x8a\x28\x2a\x2e\xc6\x52\x53\xd3\xe4\
\x3e\xbc\x3d\xfd\x90\x90\x10\x42\x42\x43\xe9\xda\xb5\x2b\xa1\xa1\
\xa1\x74\xf5\x24\x0d\xa1\x21\x21\x74\x0b\x09\x39\x21\xe4\xcd\x63\
\x61\xb3\x5a\xd9\xf4\xed\xb7\xfc\xfa\xf3\xcf\xa4\xa6\xa6\x92\x9b\
\x9b\x5b\x4f\xac\xa9\x3e\x54\x20\xe8\x10\x54\x7a\x79\x0c\x50\xd0\
\x22\x08\x1a\x40\x0b\x82\x0a\xd9\x24\x48\x68\x44\xb3\xdf\x7b\x9d\
\xb8\x64\x4d\x5d\xc9\x26\xcb\x05\x23\x57\x96\x5e\x5d\xb3\xa6\x51\
\x5e\x85\xd3\xe9\x24\x3d\x3d\x1d\xa3\xc1\xd0\xec\x44\x89\xd3\xe9\
\x64\xe6\x8c\x19\xfc\xf0\xfd\xf7\x0c\xea\x29\xb1\x76\x86\x4d\x29\
\xe1\x7b\x03\xb9\x28\xc2\xf3\x63\x1d\x5c\x3b\x54\x3e\x9f\x94\x6c\
\x15\x53\x5f\xd5\x73\xd4\x22\x8b\xff\x3c\x7b\xbb\x43\x09\xfe\xeb\
\xb7\x6b\x58\xf0\xae\x6c\xf5\xfb\xc0\x0d\x0e\x26\x5c\xe8\xe2\x40\
\xbe\x8a\x09\xaf\xc8\xc1\x7f\x0e\x1a\xae\x6b\x37\x53\xfe\x32\xec\
\x82\x9a\x07\x0d\xf1\xec\x6b\xde\xdd\xcf\x82\xfc\xe4\x9f\x7c\x0a\
\x4e\xeb\x8c\xc7\xd9\x04\xa0\x15\x30\xc5\x25\x4d\x00\xd6\x35\xb7\
\xee\x02\x57\x09\x0b\xac\xfb\x50\x21\x91\xe5\xb1\xee\xcd\x94\x44\
\x3a\x75\xec\xc8\xa2\x17\x5e\xe0\xd2\xcb\x2e\x3b\xa1\xe7\xe5\x15\
\xe3\x51\xfe\xeb\xe9\xcb\x3b\x9d\x4e\xa5\x57\xef\x75\xfc\xf3\x8a\
\x00\xd9\x6c\x36\x1c\x1e\x02\xa1\xf2\xf2\x08\xf9\xd8\xec\x76\x1c\
\x76\x7b\xfd\xb5\x0e\x07\x56\x9b\x0d\xa7\xc7\x4e\xd8\xe9\x74\xf2\
\xd9\x17\x5f\x10\x15\xd5\x3c\x09\xeb\xb7\xdf\x7e\x63\xfe\xdc\xb9\
\x94\x96\x96\x36\xfa\xbe\x56\xab\xa5\x57\xef\xde\x44\xf5\xee\x4d\
\x54\x74\xb4\x42\xfa\x8b\x89\x89\x69\x13\x09\xcb\x6e\xb7\x93\x92\
\x92\xc2\xce\x1d\x3b\x48\x49\x4e\x66\xd7\xae\x5d\x94\x94\x94\xd4\
\x5b\xe3\xe7\xe7\xc7\xb4\xe9\xd3\xb9\xeb\x6e\x9f\xea\xcf\xff\x08\
\xd4\xd4\xd4\x50\x54\x54\x44\x51\x9d\x32\xbd\x52\xb2\x2f\x2a\xa2\
\xa8\xa8\x88\xd2\xb2\xb2\x7a\xa3\x95\xc7\x42\xa7\xd3\x29\x55\x03\
\xa5\xfd\x10\x12\xc2\xf9\x23\x47\x32\x60\xc0\x80\x13\x76\xae\x15\
\x15\x15\x1c\xd8\xbf\x9f\x2d\x5b\xb7\xb2\x77\xcf\x1e\xb2\xb3\xb3\
\x29\x2e\x29\x51\x12\xe3\x13\x09\xbd\x9f\x1f\x3d\x7a\xf4\xe0\xc5\
\xa5\x4b\xdb\xfc\x19\xac\x56\x2b\xb3\x66\xcc\xe0\xe7\x9f\x7f\x6e\
\x60\xdb\xeb\x0d\xe4\x2a\x15\xbc\x34\xc9\xce\xc5\x71\xf2\xf9\xd7\
\xe5\x02\xdc\x72\x8e\x8b\xc7\xff\x2b\x8b\xff\x00\x7c\xf0\x87\x86\
\x27\xea\x58\xfd\xde\x7a\x9e\x4b\x26\x0e\xbe\xe2\x47\xb5\x1d\xee\
\x44\xc3\xb5\xed\x2c\xf8\xbb\x50\xb1\xd0\x38\x88\x5d\xea\xc6\xc7\
\x50\xeb\x2d\x85\x6b\xcd\xa9\x6b\x36\x9e\x82\xd3\x6a\x17\x38\x9b\
\x00\xb4\x12\xa6\xb8\xa4\x07\x81\xa7\x9b\x5b\x77\x95\xb3\x80\x1e\
\xb6\x7d\xac\xf6\x10\xfd\xce\xfb\xf7\xbf\x59\xbc\x64\x49\xa3\xa5\
\xe8\x8a\x8a\x0a\xfe\xf8\xfd\x77\x02\x02\x03\x09\xf0\xf7\x27\x20\
\x20\x00\xff\x80\x00\x82\x82\x82\x4e\xcb\x32\x7c\x5b\x61\xb5\x5a\
\xc9\xcd\xc9\x21\x27\x27\x87\x9c\xdc\x5c\xe5\xe7\xec\xac\x2c\xb2\
\x73\x72\x1a\x0d\x30\x91\x91\x91\xc4\x0d\x1c\x28\x13\xfe\xe2\xe2\
\x18\x38\x68\x50\x93\xee\x6d\xbe\x50\x54\x58\xc8\xae\x5d\xbb\x48\
\x49\x49\x61\xd7\xae\x5d\xa4\xee\xd9\xc3\x82\xfb\xee\x63\xfc\x84\
\x09\x27\xe0\x93\x9d\x1a\xdc\xb7\x60\x01\xa9\x7b\xf6\x10\x12\x1a\
\xaa\x08\xfa\x78\xfb\xfa\xe1\xe1\xe1\x84\x86\x86\xb6\xca\x6e\xb6\
\x35\x10\x45\x91\xc3\x87\x0f\x2b\x24\xbf\xba\x84\xbf\x92\xe2\x62\
\x45\x36\xf8\x58\x47\xc6\xc7\x1e\x7f\xbc\x59\xf5\x47\xa7\xd3\x89\
\xdd\x6e\x3f\xee\x73\x77\x38\x1c\xec\x4d\x4d\x65\xf7\xee\xdd\xa4\
\xa7\xa7\x93\x91\x9e\x4e\x5e\x5e\x1e\xc5\xc5\xc5\x8d\x8e\x38\x0a\
\x82\x40\xa7\x4e\x9d\x64\x2b\xe9\xee\xdd\xe9\xd5\xab\x17\x7d\xfa\
\xf6\x65\xe0\xc0\x81\x74\xef\xde\xfd\xb8\x75\x32\xac\x56\x2b\x53\
\x26\x4d\x62\xf3\xe6\xcd\x8c\x30\x89\xbc\x3a\xd5\x86\xd1\xb3\xcb\
\xcf\xb6\x6a\x78\xf0\x7d\x1d\x3a\x0d\x2c\x9d\x50\x1b\xfc\x7f\xdb\
\xaf\x66\xf6\x1b\x72\x5f\x7f\xdc\x05\x2e\x1e\xbc\x41\x16\xff\x01\
\x58\xf7\x93\x86\xe7\x3e\xd7\xa1\x56\xc1\xa2\xdb\xe5\x6a\x81\x37\
\xf8\x5b\xec\x70\x17\x1a\xae\x6a\x67\xc1\x5f\x56\xf9\x8b\x63\x8b\
\xa6\x45\xf6\xcd\xe3\xcd\xa9\x6b\xde\x3e\xd9\xe7\xd4\x9e\x70\x36\
\x01\x68\x03\x4c\x71\x49\xaf\x00\x33\x9b\x5c\x20\x39\x70\xdb\x52\
\x91\x5c\xa5\x68\x34\x1a\xe6\xcd\x9f\xcf\xd4\xa4\xa4\x26\x03\xf9\
\x8e\xed\xdb\xb9\xc5\x87\x1d\xae\xd1\x68\x94\x85\x49\x3c\x89\x41\
\x60\x40\x00\x01\x01\x01\x04\x7a\x12\x84\xba\x2f\xaf\x80\x49\x60\
\x60\xa0\xbc\xc6\xb3\x4d\x40\x40\xc0\x69\x3d\xe7\xee\x72\xb9\xc8\
\xcc\xcc\x24\x23\x3d\x9d\x43\x87\x0e\x91\x9e\x9e\xce\xc1\x83\x07\
\x49\x33\x9b\x1b\x3c\xd9\x99\x4c\x26\xc5\xc5\x6f\xe8\xb0\x61\x74\
\xef\xde\xac\x0a\x58\x03\xb8\x5d\x2e\x9c\x2e\xd7\x69\xfd\x9d\x1c\
\x8b\x09\xe3\xc6\xf1\xeb\xaf\xbf\xfa\x5c\x63\xf4\xf7\x27\x2c\x34\
\x54\x99\xd7\xef\x16\x12\x22\x6b\x2c\x78\x66\xf7\x43\x3d\x93\x02\
\x27\x0b\x76\xbb\x5d\x4e\x0c\x3c\xd5\x83\x81\x03\x07\xd2\xab\x99\
\x36\xd1\xf7\xdf\x7d\x47\xd2\xd4\xa9\x84\x86\x86\x2a\x2c\xfb\xa8\
\xe8\x68\x4c\x26\x13\x26\x93\xa9\x49\x01\xa2\xd6\xa0\xa8\xa8\x88\
\x34\xb3\x99\x43\x66\x33\x69\x66\x33\xe9\xe9\xe9\x1c\x3a\x78\xb0\
\x51\x0b\x69\xf0\xb0\xff\xa3\xa2\x88\xed\xd3\x87\xa8\xa8\x28\x4c\
\xb1\xb1\x44\x47\x47\xb7\xb8\x5d\x55\x55\x55\xc5\xb4\xa9\x53\xf9\
\xeb\xaf\xbf\x18\x61\x12\x59\x9d\x64\x53\xc8\x7b\x1f\xfc\xae\xe1\
\xb1\x8f\x75\xf8\x69\x61\x75\x92\x5d\x31\xef\xf9\x6e\xb7\x9a\xbb\
\xdf\x94\xfb\xfa\x33\x2e\x77\x72\xf7\xd5\xb5\x84\xe2\x57\x36\x6a\
\x59\xf1\x8d\x6c\xf5\xeb\xad\x16\x6c\x4d\x53\x31\x63\x8d\x1c\xfc\
\x17\xa0\xe1\x92\x76\x18\xfc\x17\xfb\xf5\xe3\x27\x6d\x8b\xf8\x3b\
\x67\x0d\x7e\xda\x80\xb3\x09\x40\x1b\x60\x8a\x4b\x52\x21\xdb\x07\
\xff\xe7\xd8\xf7\x24\x57\x19\xa2\x3d\x15\x49\xb4\xd3\xab\x77\x6f\
\x56\xbc\xf4\x12\x71\x71\x71\x3e\xf7\x97\x9d\x95\xc5\xeb\xaf\xbf\
\x8e\xc5\x62\xa1\xba\xaa\x8a\xaa\xaa\x2a\x6a\x2c\x16\x2c\x35\x35\
\xd4\x78\x5e\xbe\xc6\xaa\x5a\x0a\xb5\x46\xa3\x54\x18\x82\x82\x82\
\x94\xc4\x20\xc0\x93\x34\x78\x93\x8c\xc0\xa0\x20\x82\x3c\xff\xee\
\x12\x1c\xcc\xf0\xe1\x3e\xa7\x20\x15\x54\x56\x56\x52\x58\x50\x40\
\x78\x44\x44\x93\x7e\xf4\xad\x85\xcd\x66\x63\xff\xfe\xfd\xa4\xee\
\xd9\x43\x6a\x6a\x2a\xc9\xc9\xc9\xa4\x99\xcd\xf5\xc8\x6d\x21\x21\
\x21\x24\x0e\x1d\xca\x90\x21\x43\x18\x92\x90\x40\x5c\x5c\x5c\x9b\
\xfc\x00\x4e\x77\xb8\x5c\x2e\xa5\x8f\x5f\x58\x50\x50\xef\xe7\x22\
\x6f\x4f\xbf\xa8\xa8\x59\xed\x06\xad\x56\xab\x54\x0e\xc2\x42\x43\
\x65\x0b\x60\x8f\xda\x5f\xa8\x47\xdc\xa7\x6b\x70\xf0\x29\xe3\x48\
\x6c\xda\xb4\x89\x97\x57\xac\x20\x33\x33\xb3\x51\x4e\x4b\xa7\xce\
\x9d\x89\x35\x99\x94\x31\xbc\x3e\x7d\xfa\xd0\x3b\x2a\xaa\x4d\xe3\
\x9f\xc7\xa2\xb4\xb4\x94\xb4\xb4\x34\xd2\xcc\x66\x85\xe4\x67\x36\
\x9b\x9b\x54\x4f\x1c\x3f\x61\x02\x8f\x3e\xf6\x98\xcf\x7d\x56\x55\
\x55\x31\x6e\xec\x58\x52\x52\x52\xf8\x77\x5f\x37\x2f\x4f\xae\x65\
\xee\xbf\xf5\xb3\x86\x67\x3e\xd3\x11\xe0\x27\xb1\x3a\xc9\xce\xd0\
\x68\x99\x2b\x54\xb7\xaf\x3f\xff\x5a\x27\x53\x3d\xf3\xff\x92\x04\
\x8b\xd7\x6b\x79\xfd\x07\x2d\x7e\x5a\x58\x35\xd5\xce\xb9\x7d\xdc\
\xca\xd4\x80\xc3\xd9\x3e\x83\xbf\x04\xbc\xec\xd7\x87\x0d\xc7\x58\
\x42\x37\x81\x65\xe6\xd4\x35\xf7\x9c\xe4\x53\x6a\x97\x38\x9b\x00\
\xb4\x11\xa6\xb8\x24\x1d\xb0\x09\xc5\x3d\x50\xf4\xcc\x13\x67\x03\
\xf0\xdf\xd1\xa3\x59\xb8\x70\xe1\x71\xf9\xc4\x1f\x0b\x4b\x4d\x0d\
\xd5\x35\x35\x72\x62\x60\xb1\x50\x55\x55\x45\x75\x55\x15\x16\x8b\
\x45\x49\x14\x6a\x6a\x6a\xa8\xaa\xac\xa4\xc6\x62\xa1\xa6\xba\x5a\
\x49\x24\x2a\x2b\x2b\x95\xf7\x2d\x16\x0b\x56\xab\xb5\x45\xc7\x8c\
\x88\x88\xe0\xb7\x3f\xfe\x68\xd1\xda\xf5\xeb\xd7\x73\xd7\x9c\x39\
\x80\x3c\xa9\xe0\x25\xf9\x45\x78\x4a\xac\xe1\x1e\x61\x9f\x5e\xbd\
\x7b\x1f\x97\xc0\x4a\x65\x65\x25\xc9\xc9\xc9\xec\xd8\xbe\x9d\x5d\
\xbb\x76\xb1\x73\xe7\xce\x7a\x44\x36\xad\x56\x4b\x5c\x5c\x1c\x43\
\x12\x12\x48\x48\x48\x60\xe8\xb0\x61\x74\xeb\xd6\xad\xcd\xc7\x3b\
\xd3\x70\xf8\xf0\x61\x8a\x3c\x25\xf9\x82\xc2\x42\x25\x31\xf0\xfe\
\xb7\xa8\xa8\xa8\xd9\x84\x52\xa5\x52\x29\x84\xbf\xd0\xb0\x30\x42\
\x43\x43\x09\x09\x09\x21\x22\x22\x42\x49\x1c\x42\xc3\xc2\x4e\x68\
\xa2\x25\x49\x12\xf9\xf9\xf9\xa4\xa7\xa7\x93\x66\x36\x93\x96\x96\
\x86\xd9\x6c\x26\x3d\x2d\xad\xd1\x27\xf5\xc0\xc0\xc0\x7a\x49\x81\
\xf7\x49\x3d\x22\x22\xe2\xb8\x47\x1c\x2b\x2a\x2a\x38\xe4\x49\x06\
\xd2\x3d\xe7\x91\x66\x36\x73\xd7\xdd\x77\x73\xeb\x98\x31\x3e\xb7\
\x9b\x38\x7e\x3c\x29\x29\x29\x0d\x98\xfb\x6b\xbe\xd7\xb2\x64\xbd\
\x96\x00\x3f\x89\xb5\x33\x6b\x9d\xfb\x3e\xf8\x5d\xc3\xe3\x9f\xe8\
\x90\xa4\xfa\x23\x80\x92\x04\x8f\x7f\xac\xe3\x83\x3f\x34\xf5\x12\
\x06\x6f\xf0\x77\x39\xe1\x21\x34\xfc\xbb\x1d\x06\xff\x57\xfc\x62\
\xf9\x5a\x1b\xd1\x92\xe5\xef\x9a\x53\xd7\xdc\x71\x92\x4f\xa9\xdd\
\xe2\x6c\x02\x70\x1c\xf0\x0a\x05\x49\x62\xcd\x70\xd1\x96\x82\xe4\
\xae\x22\x28\x28\x88\xa7\x9f\x79\x86\xab\xaf\xb9\xe6\xef\x3e\x3d\
\x9f\x10\x45\x91\xea\xea\x6a\xaa\xab\xab\x6b\x13\x03\x4f\x82\x51\
\x55\x55\x45\x4d\x75\x35\x16\x8b\x05\xad\x56\xcb\xe4\x29\x53\x5a\
\xb4\xcf\x3f\xff\xf8\x83\x8f\x3e\xfa\x88\x82\x82\x02\x79\x24\xad\
\xa8\xa8\x51\x27\x3f\x80\xce\x9d\x3b\x2b\x64\xbf\xa8\xa8\x28\xfa\
\xf5\xef\x4f\xff\xfe\xfd\x09\x0e\x6e\x51\xaf\xaf\x1e\xdc\x6e\x37\
\x87\x0e\x1d\x62\xc7\xf6\xed\x6c\xdf\xbe\x9d\x5d\x3b\x77\xd6\x1b\
\x0d\xbc\xf6\xba\xeb\x58\xbe\x62\x45\xab\xf7\xfb\x77\xa1\xb8\xb8\
\x18\x9d\x56\x4b\xa7\x36\x8a\xcd\xb4\x04\x16\x8b\x45\x21\xfe\x79\
\x27\x03\x0a\xbd\xc9\x82\x67\x56\xbf\xac\xac\xac\xc9\x31\x42\x2f\
\x3a\x75\xee\x4c\x58\x68\x28\x13\x26\x4d\xe2\x66\x1f\x6d\xac\xe3\
\x45\x69\x69\xa9\x32\x8e\x97\x91\x91\xc1\xa1\x83\x07\xc9\xc8\xc8\
\xa0\xb8\xb8\xb8\xc1\x5a\x83\xc1\xa0\x94\xef\xa3\xa3\xa3\x65\x97\
\x48\x93\x89\xc8\xc8\xc8\x93\x5a\xd5\x28\x2f\x2f\xe7\xb6\x31\x63\
\x38\x74\xf0\x60\x83\xe0\xbf\x7c\x83\x96\x95\x9b\xb4\x74\xf2\x97\
\x78\x6b\xb6\x9d\x3e\x1e\xe7\xbe\xd7\x7f\xd0\xf2\xc2\x97\x5a\x54\
\x02\x2c\x1a\xeb\xe0\x3a\xcf\x14\x80\x5b\x84\xfb\xde\xd3\xb1\x7e\
\xbb\x86\x4e\xfe\x12\x6b\xa6\xd9\x19\xd4\x53\xe4\xc7\x54\x35\x77\
\xae\xd5\x23\xb9\x61\x21\x1a\xce\xf9\x67\x07\xff\xcf\x81\x9b\xce\
\x0a\xfd\xb4\x1d\x67\x13\x80\xe3\x44\xef\x5e\xa6\xb9\x02\xee\x25\
\x92\xe4\x66\xe8\xb0\x61\x2c\x5f\xb1\xc2\xa7\xa6\xf8\x9a\xd5\xab\
\xd1\x68\xb5\x04\x06\x04\xe0\x67\x30\x60\xf0\xf3\x53\xc8\x7f\x7e\
\x9e\x31\xbb\xc0\xc0\xc0\x76\x21\xfa\x23\x49\x12\x65\x65\x65\xe4\
\xe7\xe7\x53\x54\x58\x48\x41\x41\x01\x99\x19\x19\x64\x64\x66\x92\
\x99\x99\x49\x51\x61\x61\x83\x6d\xba\x75\xeb\x46\xff\xfe\xfd\xe9\
\x3f\x60\x00\x09\x09\x09\xc4\x0f\x1e\xdc\xa6\x9e\x75\x49\x49\x09\
\x3b\xb6\x6f\x67\xc7\x8e\x1d\x0c\x1b\x36\x8c\x2b\x46\x8d\x3a\x11\
\x1f\xe9\x94\x60\xe2\xf8\xf1\xfc\xf2\xcb\x2f\x0a\xb3\xbe\x9b\xa7\
\x3c\xef\x9d\xd9\xaf\x2b\xe8\x13\x16\x16\x76\xd2\x78\x0c\x2e\x97\
\x8b\xd2\xd2\x52\x39\x39\xf0\xd1\x72\x70\x38\x1c\xdc\xff\xc0\x03\
\x24\x4d\x9b\xe6\x73\x7f\x66\xb3\x99\x2f\x3e\xff\x5c\xee\xed\x7b\
\x7a\xea\xc7\x4b\xb4\xab\xac\xac\x54\x2a\x06\x66\x4f\xd5\x20\x3d\
\x2d\x8d\xbc\xbc\xbc\x06\xc9\x8b\x46\xa3\x21\x3a\x26\x86\x18\xcf\
\xcb\x64\x32\x11\x15\x1d\x4d\x74\x74\x74\x9b\x25\xa6\xbd\xa8\x1b\
\xfc\x8f\x1d\xdb\x5b\xbc\x5e\xcb\x6b\xdf\x6b\x09\x0e\x92\x58\x37\
\xa3\xd6\xb6\x77\xc5\x37\x5a\x5e\xd9\x28\xf7\xf5\x97\x8e\xb7\x73\
\x79\xbc\xcc\x05\x70\xba\xe1\x9e\x37\xf5\x7c\xb7\x5b\x5d\x6f\x9b\
\x1f\x53\xd5\xcc\x79\x43\x8f\x20\xc1\x23\xd2\x3f\x3e\xf8\x7f\x8b\
\xcc\xf8\x77\x9c\xdc\xb3\x6a\xdf\x38\x9b\x00\xb4\x11\xbd\x7b\xf6\
\x0c\x06\xde\x00\xae\x53\xab\xd5\xdc\x75\xf7\xdd\xcc\x98\x39\xd3\
\xa7\x0c\xab\xd5\x6a\x65\x40\xbf\x7e\x2d\x3e\x86\xd7\xa8\x27\x28\
\x28\x08\x83\xc1\x80\x9f\xc1\x80\xbf\xd1\x48\x60\x50\x10\x06\x3f\
\x3f\xfc\x0c\x06\x85\xf8\x67\xf4\x08\xf8\x04\x04\x06\xe2\x6f\x34\
\x2a\xeb\x83\x82\x82\x30\x7a\x7e\x36\x1a\x8d\x8a\x3b\xe0\xe9\x00\
\x8b\xc5\xa2\x58\xa9\xa6\xa6\xa6\x2a\x7d\xfe\x63\xcb\xd3\x91\x91\
\x91\x0c\x1e\x3c\x98\xc1\x43\x86\x30\x6c\xd8\x30\xfa\xf5\xeb\xd7\
\xae\x67\xf8\x97\x2c\x5e\xcc\xae\x5d\xbb\x14\x61\x1f\x5f\x73\xfa\
\x20\x9b\x36\x29\x89\x81\x47\xf9\xef\xd8\x24\x21\xb8\x4b\x97\x93\
\xf6\x9d\x95\x97\x97\xa3\x56\xab\x9b\x9d\xce\xf8\xe8\xc3\x0f\xb9\
\xff\xbe\xfb\x94\x7f\xab\x54\x2a\xba\x47\x46\x2a\x64\xbf\x98\x98\
\x18\xe5\xa9\xdd\x60\x30\x1c\xd7\x39\x59\xad\x56\x59\x45\xb2\x4e\
\xc5\x20\x3d\x3d\x9d\xcc\xac\xac\x06\xd3\x26\x6a\xb5\x9a\x1e\x3d\
\x7a\xc8\x49\x81\x27\x31\x19\x38\x68\x50\x93\x6e\x9c\xc7\xa2\xa8\
\xb0\x90\x5b\x6f\xbd\x95\x9c\xec\x6c\xae\x4d\x74\xb1\x68\xac\x3c\
\xb6\x27\x49\xf0\xf8\x27\x3a\x3e\xf8\x5d\x43\x48\x07\x89\x77\xee\
\xb4\xd1\x33\x58\x42\x92\x60\xd1\x17\x3a\xd6\xfd\xa4\xc1\x4f\x2b\
\x93\xfa\x46\xf6\x97\x83\xbf\xd5\x01\x73\xd6\xea\xf9\x6d\xbf\xba\
\xde\x36\x9b\x92\xd5\xcc\x7d\x4b\x8f\x5a\x82\xa7\x24\x0d\x83\xff\
\xd9\xc1\xff\x57\x64\x89\xdf\x93\x2b\x82\xf2\x0f\xc0\xe9\x11\x09\
\xce\x30\xf4\xee\xd9\xf3\x52\x41\x10\xde\x91\x24\x29\x34\x32\x32\
\x92\xa5\xcb\x96\x91\x90\x98\xd8\xec\x76\x56\xab\x95\x0d\x1b\x36\
\x60\xb3\xd9\xb0\x59\xad\x4a\xf9\xdd\x66\xb3\x61\xf5\xf4\xf4\xad\
\x56\x2b\x36\xbb\x9d\x6a\x0f\x11\xd0\x66\xb5\x62\xb5\x5a\x4f\x08\
\x09\xd0\x0b\xbd\x5e\x8f\xd1\x68\xc4\x68\x34\x12\x10\x18\x88\xc1\
\xcf\x8f\xcb\xaf\xb8\xa2\xc5\x92\xa6\xa5\xa5\xa5\x3c\xfe\xd8\x63\
\x8a\xa0\x4f\x98\xa7\xcf\x1f\x1e\x11\xd1\x66\x8d\xf4\xba\xc8\xc9\
\xc9\x21\x25\x39\x99\x6d\x1e\xe3\x9e\x03\x07\x0e\xd4\x93\x63\x35\
\x1a\x8d\xc4\x0f\x1e\xcc\xb0\x61\xc3\x48\x1c\x3a\x94\x84\x84\x84\
\x36\xf9\xd9\x9f\x29\xf0\xce\xe9\xd7\x15\xf3\x69\xed\x9c\xbe\x4a\
\xa5\xa2\x4b\x97\x2e\x8a\xd5\x6f\x88\xc7\xb0\xa7\x5b\xb7\x6e\xf2\
\x74\xc0\x49\x14\xf4\xf1\x22\x2f\x2f\x8f\xad\x5b\xb6\x28\xbd\xfd\
\x43\x07\x0f\x36\x2a\xb5\x2b\x08\x02\xe1\xe1\xe1\x98\x62\x63\x95\
\x6a\x41\xac\xc9\x44\x74\x4c\xcc\x71\xff\x9d\x5d\x2e\x17\x59\x59\
\x59\xb5\x7d\x7d\x4f\xc5\x20\x3d\x3d\xbd\x9e\xc8\xd0\xe8\x5b\x6f\
\xe5\xd9\xe7\x9e\x6b\x76\x7f\x75\x83\xff\x0d\xc3\x5d\x3c\x3d\x46\
\x0e\xfe\x6e\x11\x9e\xfc\x44\xee\xdf\xf7\x08\x96\x58\x3b\xd3\x46\
\x64\x17\x09\xb7\x08\x4f\x7c\xa2\xe3\x7f\x9e\xbe\xfe\xca\x29\x0e\
\x46\x98\xe4\xe0\x5f\x65\x15\x98\xf5\x86\x8e\x2d\x66\x35\x3d\x82\
\x25\xde\x99\x63\x23\xb4\xa3\xa4\x10\x04\xb5\xb4\xcf\xe0\x2f\x22\
\xb0\xcc\xaf\x2f\xdf\x69\x5b\x44\xea\xdc\x8a\x6c\xed\x5b\x79\x92\
\x4f\xeb\x1f\x81\xb3\x09\x40\x2b\xd0\xbb\x67\x4f\x1d\xf0\x2c\x30\
\x17\xe4\xde\xf2\xd3\xcf\x3c\x73\xd2\x66\xaf\x8f\x85\xcd\x66\xc3\
\x6a\xb5\x2a\xfd\x7a\xab\xe7\xdf\x95\x95\x95\xd8\x3d\x3f\x7b\x49\
\x82\x56\xab\x15\x9b\xcd\x46\xe5\xd1\xa3\xd8\xec\x76\x79\xbb\xba\
\x09\x87\x67\x3b\xab\xd5\x8a\xcb\xe5\x62\x6a\x52\x12\x0f\x3c\xe8\
\xd3\xfd\x58\x41\x5a\x5a\x1a\x97\x5f\x7a\x69\xa3\xef\xe9\xf5\x7a\
\xc2\xc3\xc3\x65\x41\x9f\x3a\xe3\x53\x26\x93\xa9\xcd\xdf\x53\x4d\
\x4d\x0d\x3b\x77\xee\x54\x4a\xfa\xbb\x76\xee\xac\xc7\x16\x57\xa9\
\x54\xf4\xeb\xd7\x8f\xff\x8e\x1e\xcd\x1d\xe3\xc6\xb5\xe9\x18\x67\
\x3a\x7c\xcd\xe9\x7b\xfb\xfa\x8d\xcd\xe9\x1f\x0b\x9d\x4e\xa7\x24\
\x06\xa1\x1e\xf5\x3f\xaf\x0a\x60\x68\x48\x08\xbd\xa3\xa2\xda\xc4\
\xd3\x68\x0a\x76\xbb\x5d\xe9\xed\xd7\x65\xe3\x67\x67\x67\x37\x2a\
\xec\x13\x16\x16\xa6\xb8\xf5\xf5\xe9\xd3\xe7\x84\xb9\xf6\x89\xa2\
\x48\x41\x41\x01\x66\xcf\x08\xea\xc0\x41\x83\x18\x31\x62\x84\xcf\
\x6d\xb2\xb3\xb2\xb8\x6d\xcc\x18\x0a\x0b\x0b\x15\x23\x1e\x41\xf0\
\xf4\xef\xdf\xd5\xb1\x7e\x87\xa6\x5e\x20\xaf\xfb\xfb\x20\xa3\xc4\
\xeb\xd3\x6b\x89\x80\x95\x16\x81\xc9\xaf\xea\xd9\x9d\xad\xc2\x14\
\x26\xf2\xe6\x4c\x3b\xc1\x41\xb5\xc1\xdf\x0f\x78\x52\xd2\x32\xa8\
\x9d\xdd\xb2\x5d\xa8\x58\xe2\xd7\x97\x9f\x5b\x36\xea\x77\x36\xf8\
\x9f\x60\xb4\xaf\xab\xe9\x24\xa2\x77\xcf\x9e\xb1\xc0\x87\xc0\x60\
\xa3\xbf\x3f\x4f\x3d\xf5\x14\xff\xb9\xe1\x86\xbf\xfb\xb4\x4e\x08\
\xdc\x6e\x37\x2e\x97\xab\xc5\xfd\x58\xb7\xdb\x4d\x4e\x4e\x0e\xb9\
\x1e\x31\x9f\xdc\xdc\x5c\xe5\x95\x97\x9b\xdb\xa8\x61\x0f\x40\x68\
\x68\x28\x03\x07\x0e\x24\x7e\xf0\x60\xe2\xe3\xe3\x89\x1f\x3c\xb8\
\x4d\x49\x81\xdb\xed\x66\xff\xfe\xfd\x72\x42\xe0\x21\xfe\x15\x15\
\x15\x31\x7d\xc6\x0c\x16\xd4\x29\x31\x9f\xee\x78\x75\xd5\x2a\x52\
\x92\x93\x95\xf9\xfc\x88\x88\x08\x25\xd0\x9e\x68\x86\xbd\x17\x36\
\x9b\x4d\x56\xfc\x2b\x2d\xa5\xd8\x43\xfc\xab\xa7\xfe\xe7\xa9\x30\
\x34\x35\x4a\x98\x34\x6d\x1a\xf7\x3f\xf0\xc0\x09\x3f\xaf\x63\xe1\
\x74\x3a\xc9\x48\x4f\x97\x93\x03\xb3\x59\xd1\x86\xc8\x48\x4f\x6f\
\x94\x58\x1a\x12\x12\x22\x93\xfd\x3c\x55\x83\xe8\xe8\x68\x4c\xb1\
\xb1\x27\xad\xa2\x91\x9d\x95\xc5\x98\x5b\x6f\xa5\xa8\xa8\xa8\x5e\
\xf0\x77\xba\x61\xc1\x3b\x7a\x36\xec\x52\x63\x0a\x13\x79\x6b\x96\
\x9d\x2e\x81\x12\x4e\x37\xdc\xb9\x56\xcf\x8f\xa9\x6a\x3a\xf9\x4b\
\xbc\x3d\xbb\x96\x0b\x50\x5e\x2d\x30\xee\x65\xd9\xea\x77\x50\x4f\
\x91\xd5\x49\xb2\xd5\xaf\x57\xf5\xcf\x0f\x58\x24\x69\xe9\xdb\xce\
\x6e\xd7\x2e\x54\x3c\x65\x18\xd0\x52\x91\x9f\xb3\xc1\xff\x24\xa0\
\x7d\x5d\x51\x27\x09\xbd\x7b\xf6\x4c\x12\x04\x61\xb9\x24\x49\x7e\
\x83\x07\x0f\x66\xd9\xf2\xe5\x3e\xf5\xbf\x8b\x8a\x8a\xa8\xa8\xa8\
\x50\x82\x9b\xbf\xbf\x3f\x6a\xb5\x5a\x31\xee\x69\xef\xa8\xaa\xaa\
\x52\x4a\xab\xde\x32\x6b\x9a\xd9\xdc\x80\x98\x25\x08\x02\x51\x51\
\x51\x8c\x18\x31\x82\x61\xc3\x87\x33\x7c\xc4\x08\x9f\x04\x4a\x5f\
\xc8\xcf\xcf\x57\x4a\xc7\x67\x0a\xc6\x8c\x1e\xcd\x96\x2d\x5b\x9a\
\x7c\xbf\x4b\x97\x2e\x32\xf9\x2f\x34\x94\xb0\xd0\x50\xc2\x23\x22\
\xea\xcd\xeb\x87\x87\x87\x9f\xb4\xeb\xa9\xbc\xbc\xbc\x1e\xe9\xaf\
\xa4\xa4\x84\x92\x92\x12\xce\x3d\xf7\xdc\x66\x27\x5c\x72\xb2\xb3\
\x99\x35\x73\x66\x3d\x11\x9d\x98\x98\x18\x7a\xf6\xe8\x71\xdc\x3c\
\x04\xb7\xcb\x45\x96\x87\x37\xe2\xbd\xb6\xbc\x4f\xed\x0e\x47\x43\
\x3e\x58\x70\x70\x30\x26\x93\x89\xd8\x3e\x7d\x4e\x88\x9d\x2f\xc0\
\xc1\x03\x07\x18\x3f\xee\x0e\x4a\x4a\x4a\x99\x7c\xb1\x93\x7b\xaf\
\x73\x2a\xc1\xdf\x1b\xe4\xfb\x45\x88\xac\x9d\x29\x07\x72\xab\x03\
\x66\xbd\xae\xe7\x8f\x83\xf5\xfb\xfa\x00\x45\x15\x02\xe3\x5e\xf2\
\x23\xbb\x4c\x20\x31\x4a\x0e\xfe\x81\x06\x49\x11\x0b\x32\x0a\xed\
\x33\xf8\xdb\x04\x35\x8f\x1b\x06\x92\xdc\xbc\xbc\x2f\x9c\x0d\xfe\
\x27\x0d\xed\xeb\xaa\x3a\xc1\xe8\xdd\xb3\x67\x67\x64\xa2\xdf\x7f\
\x54\x2a\x15\xd3\x67\xcc\xe0\x9e\x7b\xee\x69\xf6\x26\xb6\xf0\x91\
\x47\x78\xf7\x9d\x77\x7c\xae\xf1\x0a\xe5\x78\x93\x03\xad\x4e\x87\
\xc1\x73\x33\xf7\x96\x33\xbd\x0e\x7f\x1a\xad\x16\xa3\x87\x14\x15\
\x18\x14\x84\x20\x08\x8a\x63\x9f\xda\xe3\xee\x07\x10\x18\x10\x80\
\xa0\x52\xd5\xbe\xa7\x52\xe1\xef\x49\x42\xbc\x92\xc2\xe1\xe1\xe1\
\xad\x7a\x2a\x72\x3a\x9d\xc7\xcd\x90\xf6\xa2\xa6\xa6\x86\xbd\x7b\
\xf7\xb2\x67\xf7\x6e\xf6\xec\xd9\x43\xea\x9e\x3d\x64\x64\x64\xd4\
\x5b\x13\x11\x11\xc1\xb0\xe1\xc3\x49\x48\x48\x60\xf0\xe0\xc1\xed\
\x9a\xf0\xb7\x6f\xdf\x3e\x72\x73\x73\xeb\xcd\xe7\xd7\xfd\xb9\x25\
\x5a\x0d\x41\x41\x41\x8a\xea\x5f\x78\x44\x84\x42\xfa\xf3\x26\x08\
\x21\x21\x21\x27\x4c\x94\xa9\xa5\xf8\xe5\x97\x5f\x98\x32\x69\x52\
\x83\x12\xbe\x46\xa3\x51\x58\xf7\x75\xd5\xfe\xa2\xa2\xa2\x8e\xbb\
\xda\xe1\x76\xbb\xc9\xcf\xcf\xe7\xd0\xc1\x83\x0a\xc7\xc0\x6c\x36\
\x93\x91\x9e\xee\x53\x5c\xe8\xf2\x2b\xae\x60\xe2\xa4\x49\x2d\x3e\
\xce\xc1\x03\x07\xb8\x6d\xcc\x18\x8e\x1c\x39\xc2\xd4\x4b\x9d\xcc\
\xbf\x56\xae\x94\xd4\x25\xef\xd5\xd5\xfc\xaf\xb2\x0a\x4c\x7f\x4d\
\xcf\xf6\x74\x15\x3d\x82\x25\xde\x9a\x6d\x23\xbc\x93\x1c\xfc\xb3\
\xcb\x04\x26\xbe\xe2\x47\x7e\xb9\xc0\xb9\x7d\xdc\xac\x9c\x22\x0b\
\x06\xbd\xf3\xab\x86\xa7\x3e\xd5\xd1\x41\x80\xe7\x25\x2d\x51\xed\
\xec\x36\x7d\x54\xd0\xf2\xa8\x61\x10\x07\xd5\x2d\x6a\xdb\x9c\x0d\
\xfe\x27\x11\xed\xeb\xca\x3a\x81\xe8\xdd\xb3\xe7\xc5\x82\x20\xbc\
\x27\x49\x52\x68\x68\x58\x18\x4b\x97\x2d\x6b\xb6\x27\xe8\xc5\x87\
\xff\xfb\x1f\x3f\xfe\xf0\x03\x80\x62\xa0\xe3\x74\xb9\xb0\x7a\x6e\
\x44\x55\x55\x55\x48\x92\xa4\x98\xec\x9c\x0a\x57\x3f\x2f\x16\x2f\
\x59\xc2\x8d\x1e\x1f\xf6\xe6\x50\x51\x51\x41\xe2\x90\x21\x74\xeb\
\xd6\x8d\x88\x88\x08\x22\xba\x77\xa7\xbb\xf7\x15\x19\x49\x44\x44\
\x04\x3d\x7a\xf4\x38\xae\x71\xc5\x8a\x8a\x0a\x92\x77\xed\x52\x08\
\x7f\x29\x29\x29\xf5\xc8\x58\x7e\x7e\x7e\x0c\x88\x8b\x23\x31\x31\
\x91\xf8\xf8\x78\x86\x24\x24\x9c\x10\x05\xb8\x33\x01\x95\x95\x95\
\x4a\x69\xde\x4b\x00\x2c\x2a\x2c\x54\x74\xf7\x8b\x8a\x8a\x38\x7c\
\xf8\x70\xb3\xfb\xf1\xca\x03\x7b\x13\x82\x50\x6f\x82\xe0\xf1\x13\
\x08\x0d\x0d\x3d\x21\x72\xbb\x75\xe1\x72\xb9\xc8\xcc\xc8\xa8\x57\
\x01\x32\xa7\xa5\x91\x91\x9e\xde\xa0\xbd\xa0\x52\xa9\x88\xec\xd1\
\x43\x99\x04\xa8\xfb\x3a\x5e\x21\x2d\xaf\xb8\x90\x77\x1a\xc0\x2b\
\x2f\x6d\x36\x9b\xa9\xa9\xa9\x69\x15\xf7\x65\x77\x4a\x0a\x13\x27\
\x4c\xe0\xc8\x91\x23\xf5\xa4\x7a\xad\x0e\x98\xb6\x46\xcf\x16\xb3\
\x9a\xe1\x31\x22\x2b\xa7\xc8\xc1\xbf\xbc\x5a\x60\xda\x9a\xda\xbe\
\xfe\xda\x19\x76\xba\x75\x90\x83\xbf\xb9\x50\xc5\xe4\x55\x7a\x8a\
\x8f\xd6\xb7\xfa\xf5\x8a\x05\x75\x10\xe0\x05\x49\x4b\xef\x76\x76\
\x8b\x2e\x51\xf9\xf1\x90\x21\x9e\x3c\x95\xb1\x25\xcb\xcf\x06\xff\
\x93\x8c\xf6\x75\x75\x9d\x00\xf4\xee\xd9\x53\x83\x6c\xf6\xb3\x00\
\x60\xd4\x95\x57\xf2\xcc\xb3\xcf\x9e\x54\x76\x74\x5d\x54\x57\x57\
\x23\x8a\xa2\xe2\xd0\x27\xba\xdd\x54\x7b\xc6\xc0\xbc\x96\xc0\x5e\
\x87\x3e\x49\x14\xa9\xaa\xae\x06\x64\x95\x40\x97\xdb\x8d\xd3\xfb\
\x9e\x24\x29\x93\x03\x5e\x87\x40\xa7\xcb\xc5\x84\x89\x13\x19\x3c\
\x78\x70\x8b\xce\x25\x37\x37\x97\x59\x33\x66\x90\x9f\x9f\xcf\x91\
\x23\x47\x1a\x5d\x53\x77\x84\x2a\xda\xf3\x32\x79\xc6\xb9\xda\x52\
\x9e\x76\xbb\x5c\xec\xdb\xb7\x4f\x51\xf8\x4b\x4e\x4e\x26\x27\x3b\
\xbb\xde\x9a\x2b\xaf\xba\x8a\x57\x56\xae\x6c\xf5\xbe\xdb\x23\x9c\
\x4e\xa7\x42\xf4\x2b\xac\x53\x41\xa8\xfb\x6f\x5f\x3d\x7d\x2f\xf4\
\x7a\x3d\x61\xe1\xe1\x0a\xff\xe0\xca\xab\xae\xe2\xb2\x13\xec\x5a\
\x09\xf2\x93\x7a\x6e\x4e\x0e\x87\x3c\x4f\xe7\xde\x69\x80\xa6\x64\
\x80\x15\xd2\x5f\x4c\x0c\x31\x9e\x71\xc1\xe8\x98\x98\x13\xf2\xff\
\x63\x51\x51\x11\x6a\xb5\xba\x45\xfa\xfe\xc9\xc9\xc9\x8c\x1b\x3b\
\x96\xea\xea\x6a\xe6\x5d\xeb\x24\xc9\x23\xd5\x5b\x65\x15\x98\xfa\
\xaa\x9e\x5d\x59\x2a\x46\x98\xdc\xac\x4e\x92\x9f\xe2\xcb\xaa\x04\
\x26\xbc\x22\xf7\xf5\xe3\x7a\x88\xbc\x36\x4d\x6e\x07\x00\xec\xcd\
\x53\x31\x79\xa5\x6c\xdd\x5b\x77\x6c\xd0\x1b\xfc\x3b\x0b\xf0\x5c\
\x3b\x0c\xfe\xd9\x2a\x7f\x1e\x32\xc6\x73\x58\x68\x11\xd7\xe8\x67\
\xe0\xfa\xb3\xc1\xff\xe4\xa2\x7d\x5d\x61\xc7\x09\x0f\xd1\xef\x03\
\x20\xc1\x60\x30\xf0\xc8\xc2\x85\x3e\x65\x3f\xff\x49\xb0\x58\x2c\
\xe4\xe7\xe7\x53\x50\x50\x40\x5e\x5e\x1e\xf9\x79\x79\xe4\xe7\xe7\
\x93\x99\x99\x49\x56\x66\x26\xd5\x9e\x44\xc4\x0b\xb5\x5a\x4d\x8c\
\xc9\x44\xdc\x80\x01\x0c\x88\x8b\x63\xe0\xc0\x81\xf4\xeb\xdf\x1f\
\xa3\xb1\x45\x99\x7f\x3d\x1c\x3e\x7c\x98\x64\x6f\x42\xb0\x6b\x17\
\x23\x2f\xb8\x80\x69\xd3\xa7\x9f\xa8\x8f\x76\xd2\x71\xef\xbc\x79\
\xec\xdc\xb9\x93\x50\xaf\x39\x8f\x67\x14\xaf\x9b\x67\x14\x2f\x34\
\x34\x94\xae\x5d\xbb\x9e\x54\xe1\xa7\xc6\xe4\x81\xbd\x15\x85\x22\
\xcf\xcf\x95\x95\xb5\xf7\xda\x19\x33\x67\x72\xef\x82\x05\x3e\xf7\
\x79\xf4\xe8\x51\xf6\xed\xdd\x4b\x8c\xc9\xd4\x62\x93\x9c\xa6\xe0\
\x7d\x52\xf7\x1a\xf5\x1c\x3c\x78\x90\xf4\xb4\x34\xd2\xd2\xd2\x1a\
\x1d\x81\x0d\x0e\x0e\x56\x92\x02\xaf\xa8\xcf\x89\x38\x8f\xc6\xb0\
\x7d\xdb\x36\x26\x4d\x9c\xd8\x20\xf8\x57\x5a\x05\x26\xaf\x92\x9f\
\xf0\x2f\x8e\x73\xb3\x6c\x82\x1d\xbd\x56\xee\xeb\xdf\xf1\x92\x1f\
\x39\x65\x02\x09\x51\x22\x6b\x92\x6a\x2d\x80\x93\xb3\xe4\x27\xff\
\x6a\x9b\xc0\xe8\x73\x65\xf2\xa0\x5a\x55\xab\x14\x18\x2c\x08\x2c\
\x91\x34\x84\xb7\xb3\x5b\x73\xaa\xba\x23\x8f\x1b\x06\x52\x2d\xb4\
\xe8\x1a\xff\x16\xb8\xe1\xec\x9c\xff\xc9\x47\xfb\xba\xca\x8e\x03\
\xbd\x7b\xf6\x9c\xe2\x21\xfa\x19\x07\x0c\x18\xc0\xf2\x97\x5e\x6a\
\x91\xd7\xfd\x59\xc8\x38\x7c\xf8\x30\x19\xe9\xe9\x64\x67\x67\x73\
\xe8\xd0\x21\xc5\xc0\xa7\xee\xd8\x99\x4a\xa5\xa2\x57\xaf\x5e\x8a\
\xbd\xef\xa0\x41\x83\x18\x14\x1f\x7f\xdc\x6a\x70\xa7\x3b\x1e\x7c\
\xe0\x01\x7e\xfd\xe5\x17\x4a\x4a\x4a\x9a\x94\x46\x16\x04\x41\x99\
\xd3\xf7\x8e\xe0\x29\x33\xfb\xa7\x68\x4e\xdf\x6a\xb5\xca\xed\x86\
\xe2\x62\x82\xbb\x74\xc1\x14\x1b\xeb\x73\xfd\xb7\xdf\x7e\xcb\xf4\
\xa4\x24\x00\x3a\x74\xe8\x40\x6c\x9f\x3e\x98\x3c\x41\xf9\x44\x1a\
\xf6\x14\x15\x15\x29\x2e\x91\x8a\x47\x40\x5a\x1a\x47\x1a\x31\xec\
\x09\x0c\x0c\x54\x46\x4f\x63\x63\x63\x15\xe5\xbf\xb6\xfa\x03\x6c\
\xfe\xf3\x4f\x26\x4f\x9a\x88\xcd\x66\xe7\xe1\x9b\x1c\xdc\x31\x52\
\xfe\xfb\xd5\x65\xee\x5f\x36\xc8\xcd\xd2\x09\x72\x09\x3f\xbb\x4c\
\x26\xf5\x15\x55\x08\x9c\x13\xeb\x66\xd5\xd4\x5a\x23\x20\xaf\x86\
\xbf\xcd\x09\x13\x2e\x74\x71\xff\x7f\xe4\xc9\x01\x45\x29\xb0\x9d\
\x06\xff\x5f\x34\xdd\x58\x6c\xe8\x87\xab\x65\xfa\x05\x5f\x21\xcb\
\xfb\x9e\x55\xf8\x3b\x05\x68\x5f\x57\x5a\x1b\xd1\xbb\x67\xcf\xc7\
\x81\x85\x00\x93\x26\x4f\x66\xc1\x7d\xf7\xb5\x4b\x37\xb9\xbf\x03\
\x05\x05\x05\xec\xd9\xbd\x9b\x94\x94\x14\xb6\x6e\xdd\xca\xee\x94\
\x94\x7a\x41\x50\xa7\xd3\x31\x78\xf0\x60\x86\x0d\x1f\xce\x88\x11\
\x23\x48\x48\x48\x38\xa1\x06\x4a\xa7\x1b\xca\xca\xca\x28\xf6\xcc\
\xe4\x7b\x7b\xf9\xde\x27\x71\xef\xfc\x7e\x63\x81\xcd\x0b\xbd\x5e\
\x2f\x27\x06\xdd\xba\x29\xfd\x7c\xaf\x5c\x70\x78\x1d\xf5\xbf\x53\
\x71\xfd\x6e\xfe\xf3\x4f\xde\x7e\xeb\xad\x26\x15\xf6\xa0\x36\x20\
\xd7\x15\xf4\x89\x31\x99\x4e\x48\x62\x50\x5e\x5e\xae\x10\xfe\xbc\
\x7d\xfd\xf4\xb4\xb4\x46\xfd\x01\xfe\x3b\x7a\x34\xcf\x2d\x5a\xd4\
\xaa\xfd\xff\xfe\xdb\x6f\x24\x4d\x9d\x82\xcd\x66\xaf\x67\xd2\x53\
\x5a\x29\x30\x71\xa5\x1c\xfc\xeb\x96\xf0\x0f\x15\xa8\x98\xb8\x4a\
\x4f\x59\xa5\xd0\xc0\x0b\xe0\xc7\x54\x35\x77\xad\xd3\xe3\x70\xc1\
\xcc\x2b\x9c\xdc\x75\x95\x13\x49\x82\x25\x5f\xc9\xc1\x3f\x5c\x10\
\x58\x24\x69\x08\x6d\x67\xb7\xe4\x8f\x74\x3d\x59\xa7\x6f\xf1\x83\
\xd4\x9b\xc0\xe4\xb3\xda\xfe\xa7\x0e\xed\xeb\x6a\x6b\x23\x7a\xf7\
\xec\xb9\x57\x10\x84\xfe\x92\x24\xd1\xaf\x5f\x3f\x6e\xbf\xe3\x0e\
\x2e\xb9\xe4\x12\x42\x42\x5a\x24\x4e\x71\x16\xad\x80\xd5\x6a\x25\
\x25\x25\x85\x2d\x7f\xfd\xc5\x8e\x1d\x3b\x48\x49\x4e\xae\x57\xe2\
\x55\xab\xd5\x0c\x1c\x38\xf0\xff\xdb\x3b\xef\xf8\x38\xaa\x73\xef\
\x7f\xcf\xcc\x6c\x51\xb1\xac\xde\x2c\x6b\x55\xbc\x6e\x08\x63\xc0\
\x18\x03\x76\x02\xa6\x43\xc8\x0d\x04\xde\x14\x20\xa1\x2a\x94\x90\
\x37\x3d\x6f\xee\x25\xe4\xe6\xde\x04\x02\xa9\x10\x42\x31\x60\x48\
\xe8\x24\xf4\x04\x08\xbd\x98\x12\x30\xd8\x06\xd9\xd8\x96\x25\xcb\
\x92\x25\x4b\xb2\x7a\x5f\xed\xce\xcc\xfb\xc7\xd9\xd9\x5d\xd9\x2b\
\x5b\x92\x25\x2c\xd9\xe7\xfb\xf9\xec\x67\x56\xf2\xee\xec\xd9\xf5\
\x6a\x9e\xe7\x3c\xe5\xf7\x70\xd4\xe2\xc5\x2c\x5d\xb6\x8c\x65\xcb\
\x96\xed\xc7\xd5\xee\x1f\x06\x07\x07\xa5\xba\x5f\x73\x73\x24\x8f\
\xdf\x1c\x16\xf6\x69\x6c\x6a\x8a\xdc\x0f\x04\x02\xc3\x9e\x23\x3d\
\x3d\x5d\x46\x0f\x72\x72\xc8\xcb\xcf\x97\x12\xc1\xd9\xd9\x91\xd1\
\xbf\x39\x39\x39\xe3\xa2\xda\xe8\x60\x86\x42\x6c\xab\xad\x1d\xa2\
\xac\xe7\xdc\xef\x8d\x23\x65\xbc\xeb\x24\x3f\x27\xbf\x3f\x1e\x6d\
\x9c\x5d\x5d\x5d\x91\xd7\xde\x14\x1e\x1a\xb4\x7c\xf9\x72\x2e\xb8\
\x70\xe4\x43\xe3\x5e\x7e\xe9\x25\xae\xba\xf2\x4a\x2c\x33\xc4\x75\
\xe7\x0d\xf2\xb5\xe3\xa4\xf1\x8f\x0d\xef\x9f\xbb\x24\xc4\xff\x7c\
\x45\x1a\xff\x8f\xb7\x69\x94\xdf\xb9\x7b\x5e\x1f\xe0\x9f\x1f\xe9\
\xfc\xf8\x01\x0f\x21\x33\x3a\xea\x37\x76\xd2\x5f\xbe\x10\xfc\xd6\
\x36\xc8\x3a\x80\x2e\xc7\x26\x82\x5b\xbd\xb3\x79\x61\x64\xe3\x7c\
\x01\x7e\x5b\x59\xb1\xe2\x47\x13\xb9\x26\xc5\xee\x1c\x38\xdf\xb8\
\x31\x52\xec\xf3\x7d\x09\x78\xb2\x30\xd3\xc2\x9f\x67\xf3\xca\x27\
\x51\x2d\xff\xc2\xc2\x42\x0e\x5b\xb8\x30\x52\x91\x9c\x3f\x63\x06\
\x05\x05\x05\x63\x1a\x4e\xa3\x88\x8f\x6d\xdb\x54\x57\x57\xb3\x76\
\xed\x5a\xd6\xae\x59\xc3\xba\xb5\x6b\xf9\xf4\xd3\x4f\x31\x4d\x93\
\xa3\x8f\x3e\x9a\x87\x1f\x7d\x74\x7f\x2f\x71\xc4\xac\x7a\xeb\x2d\
\x9a\x9b\x9b\x87\xf4\xee\x4f\x64\x34\xa3\xa3\xa3\x43\x76\x03\x84\
\x8b\x00\x63\x55\xff\x9c\xa8\x42\x6b\x6b\xeb\xb0\x13\xfd\x5c\x2e\
\x17\x57\x5e\x75\x15\xdf\xfd\xde\xc4\x8e\x52\x6f\xdc\xb1\x43\xea\
\xf1\x87\x2b\xf1\x1d\x07\xa1\xb9\xb9\x79\xb7\xc7\x26\x25\x25\x45\
\xf2\xf9\xb3\x1d\x15\xc9\x71\x1a\xf1\x3b\x52\x62\x8d\xff\x4d\x17\
\x0c\x72\x56\x78\x42\xdf\xb6\x16\xc1\x65\xb7\x4b\xe3\x1f\x2b\xfe\
\xb3\xba\x4a\xe3\x5b\x2b\x76\xcf\xeb\x03\x3c\xfe\x9e\xc1\xb5\x8f\
\xb8\xb1\x62\x46\xfd\xc6\x1a\xff\x19\x08\x7e\xc3\x81\x65\xfc\x7b\
\x84\xc1\xf5\x09\x65\xac\x19\x59\x8f\x3f\xc0\x0f\x2a\x2b\x56\xfc\
\x7e\x22\xd7\xa4\x88\xcf\x81\xf3\xad\x1b\x23\xc5\x3e\xdf\x1a\x60\
\xe1\x2d\x17\x07\x38\x75\xa1\xc9\xd6\x66\x8d\x7f\x7c\xa8\xf3\xd6\
\xa7\x3a\x15\x75\x1a\x66\x9c\x60\x94\xdb\xed\xa2\xa0\x60\x26\xb9\
\x79\x79\x91\x99\xe9\x99\x99\x99\x64\x67\x67\x93\x9a\x96\x46\xea\
\xf4\xe9\xa4\xa5\xa7\x93\x9a\x9a\xfa\x99\xc9\x04\x1f\x48\x0c\x0c\
\x0c\xb0\xbe\xa2\x82\x60\x28\xc4\x92\x25\x4b\xf6\xf7\x72\x46\xcc\
\xb7\xaf\xbe\x9a\xe7\xfe\xf9\xcf\x21\xbf\x4b\x4e\x4e\x26\x27\x27\
\x27\xd2\x82\x97\x1d\xde\x91\xe7\x86\x77\xe1\xb9\x79\x79\x64\x64\
\x64\x4c\x98\x71\x33\xc3\x13\xfd\x86\xa4\x1b\xc2\x9d\x02\xcd\xcd\
\xcd\x9c\x7a\xea\xa9\x7b\x95\x4f\x6e\xdc\xb1\x83\xdf\xff\xfe\xf7\
\xcc\x99\x33\x67\x9f\x73\xea\xb1\x38\x93\xfc\xaa\xaa\xaa\x22\x05\
\x7f\x5b\xb6\x6c\x61\x7b\x5d\xdd\x6e\x1a\x02\x89\x89\x89\x52\xc4\
\x27\x9c\x4a\x70\x52\x0a\xf9\xf9\xf9\x68\xda\xf8\x69\xe3\x3f\xfd\
\xd4\x53\xfc\xe0\xfb\xdf\x07\xdb\xda\xcd\xf8\x5f\x78\x8b\x97\xa6\
\x4e\xc1\x65\x27\xca\xfe\x7f\x21\xe0\x9d\x4d\x3a\x57\xde\x25\xf3\
\xfa\x17\x9f\x10\xe2\x27\xff\x21\x9d\x02\x88\xf6\xf3\xc7\x8e\xfa\
\x35\x2d\xf8\xd9\xa3\x6e\x1e\x7f\xcf\xa0\x48\x08\x7e\x6b\xbb\xd8\
\xf3\x08\xa5\xa9\xc5\x76\x2d\x91\xff\x4e\x38\x94\xfa\x91\xb5\xf9\
\x85\x90\x21\xff\xbf\x4e\xf0\xb2\x14\xc3\x70\x50\x3b\x00\xc5\x3e\
\xdf\xff\x01\x1e\x9d\x37\xc3\xe2\xc9\x1f\x0d\xb0\xeb\xf5\xac\x67\
\x40\xb0\xa9\x41\xb0\xb9\x41\xa3\xaa\x49\xa3\xbe\x4d\xd0\xd0\x2e\
\x6f\x5d\x7d\x23\xff\xe8\x92\x92\x92\x48\x4e\x4e\x8e\x4c\xec\x03\
\x48\x9e\x36\x0d\x2d\xfc\x82\xc3\xdd\x1f\x0c\x06\x19\xd8\x8b\x18\
\x8c\x0d\x74\x77\x0d\xdf\x29\xd3\xdb\xdb\x8b\x69\x9a\x11\x71\x20\
\x20\x22\x3a\xa4\xe9\x3a\xc9\x49\x49\x24\x25\x27\xcb\xe9\x81\x5e\
\x2f\x29\x29\x29\xa4\xa7\xa7\x93\x9a\x96\x46\x7a\x5a\x1a\xe9\x19\
\x19\xa4\xa7\xa7\xef\xf3\x74\xb6\x83\x81\xd7\x5e\x7d\x95\xf5\xeb\
\xd7\x47\x43\xf5\x61\x63\xdb\xd2\xd2\xb2\xc7\xe7\x19\x86\x21\x0b\
\xff\x72\x73\x65\x88\xde\x19\xd0\x93\x97\x17\xd1\xe3\xcf\xcd\xcd\
\xdd\x6f\x75\x29\x2f\xbd\xf4\x12\xdf\xba\xfc\xf2\x21\xbf\x4b\x4c\
\x4c\xa4\xb8\xb8\x78\xa8\xc2\x9e\xdf\xcf\xcc\xc2\xc2\x3d\x4e\xc4\
\x1c\x09\xc1\x60\x90\xad\xd5\xd5\x11\x19\xe0\xea\xea\x6a\xb6\x84\
\x8f\xb1\x1a\x11\x20\x75\x22\x4a\x4b\x4b\x65\x01\xa2\xdf\xcf\xd1\
\x4b\x96\x70\xf8\xe1\x87\x8f\xe9\x75\x1d\xe3\xaf\x09\x8b\xdf\x7f\
\x33\xc0\xa9\xe1\xf1\xbc\xb1\xb9\xfd\x2b\x4e\x0e\xf2\xbd\x2f\xc8\
\x2e\x80\x57\x2b\x74\xae\x59\x29\x43\xfb\x57\x9f\x16\xe4\x3b\xa7\
\x47\x5b\x2d\x9d\x96\x3e\x43\x27\x72\xae\xd8\x59\x00\x07\xa2\xf1\
\xff\xc8\x48\xe7\x7a\xef\x21\xf4\x8e\xac\xd2\xbf\x0b\x38\xaf\xb2\
\x62\xc5\x8b\x13\xbc\x2c\xc5\x1e\x38\x68\x1d\x80\x62\x9f\x4f\x03\
\xd6\x03\x73\xff\x7c\x59\x80\x93\x0e\x35\xb1\x6c\xf8\xd5\xe3\x6e\
\x16\x16\x59\x1c\x5e\x6c\x52\x90\x11\x3f\x74\x0a\x52\xfc\xa3\xb1\
\x43\xa3\xa5\x5b\x16\x05\xb5\x74\x09\x5a\xbb\x05\x9d\x7d\x82\x8e\
\x3e\x41\x67\x1f\x74\xf6\x09\xfa\x02\xd0\x3f\x28\xe8\x0d\x40\xef\
\x80\xc0\x1a\xfe\x94\x93\x9a\xd4\xd4\xe9\xcc\x98\x51\x40\x7e\x7e\
\x7e\x44\x04\xc8\xc9\xdf\x1e\x2c\xc2\x3c\x63\x25\x14\x0a\xc9\xbc\
\x7d\x63\x63\xa4\xd8\xaf\xb9\xb9\x99\x86\x86\x06\x19\xba\x1f\x41\
\x4e\x1f\xa4\x7a\x5d\x6e\x4c\x5e\x3f\x27\x26\x8a\x90\x17\x6e\x31\
\x9c\x88\x2e\x81\xbe\xde\x5e\x36\x6c\xd8\x10\x35\xc8\xe1\x63\x43\
\x43\xc3\x6e\xe9\x05\xc3\x30\x22\x51\x02\xa7\x3d\xaf\xb4\xb4\x94\
\x92\xd2\xd2\x7d\x56\x94\x74\x5a\x05\x63\x23\x06\x4e\xad\x81\x53\
\x38\x79\xfe\xf9\xe7\xf3\xbf\xbf\xfa\xd5\xa8\xcf\xfd\xe0\x83\x0f\
\xf2\xf3\x9f\xfd\x0c\x4d\x58\xfc\xe9\x92\x00\xcb\xcb\xa2\xc6\xff\
\x1b\xb7\xca\xdc\x7e\x6c\x0b\xe0\xb3\xab\x0d\x7e\xf2\xa0\x1b\xd3\
\x82\x1f\x7d\x31\xc8\x65\x27\x46\x8d\xbf\x53\xd5\xef\xc0\xa8\x06\
\x2a\x00\x00\x20\x00\x49\x44\x41\x54\x75\xc1\x2d\x97\x04\xf8\xfc\
\xfc\xa1\xc6\xdf\x8f\xe0\x06\x0e\x2c\xe3\xff\x94\x7b\x26\x2b\x3c\
\xa5\xd8\x23\x33\x29\xdb\x81\x33\x2b\x2b\x56\x7c\x3c\xc1\xcb\x52\
\xec\x85\x83\xd9\x01\xf8\x2a\xf0\xf0\x02\x9f\xc5\x63\xdf\x93\xbb\
\xff\x2d\x8d\x1a\x67\xde\x10\x15\xaf\xc9\x4c\xb1\x99\x5f\x60\x31\
\x6f\x86\xc5\xdc\x19\xb2\x46\xc0\x97\x69\xe1\xde\xc7\x76\x6d\xd3\
\x82\xde\x40\xf4\xa3\xef\x19\x90\xb3\xc3\x01\x06\x82\x82\xc1\x10\
\xe8\x02\x92\xbc\xa3\xf7\x16\x92\x3c\x30\x6c\x44\xd4\x86\xee\x98\
\x0d\x54\x5f\x40\x30\x10\x94\x0e\x4a\xcf\x00\x04\x82\xd0\x3d\x20\
\xe8\xe8\x15\x74\xf4\x42\x47\x9f\xa0\xad\x5b\xd0\xd6\x23\xa8\x6f\
\x97\x4e\x4e\x3c\x52\x52\xa6\x31\x67\xee\x3c\xe6\xce\x9d\xcb\xa2\
\xa3\x8e\xe2\xa8\x45\x8b\xc8\x1d\xa3\xa6\xff\xc1\x8c\x93\xd3\x8f\
\x15\xf0\x71\x04\x7d\x46\xaa\xfc\xe7\x08\xfa\x38\x51\x04\x47\x73\
\x60\xce\xdc\xb9\x1c\x73\xcc\x31\xe3\xba\xde\xfe\xfe\x7e\xb6\x6e\
\xdd\x1a\xe9\xdd\xaf\x0c\x1f\xb7\x56\x57\xef\xd6\xee\xa8\xeb\x3a\
\x3e\x9f\x2f\x92\xd3\x8f\x3d\x8e\x47\x74\xa9\xbd\xbd\x9d\x2d\x95\
\x95\x4c\x4b\x49\x61\xee\xdc\xb9\xa3\x7a\xee\x83\x0f\x3c\xc0\xcf\
\xae\xbd\x16\x8f\x4b\xf0\xc7\x8b\x06\x22\xc6\x7f\xdd\x36\xd9\xb3\
\xdf\xdd\x2f\xf8\xcf\xb3\x07\xf9\xe6\xf1\xf2\x3d\x3d\xf2\xb6\xc1\
\x2f\xfe\xe6\xc6\x06\x7e\x7e\x6e\xb4\x3b\xc0\xb6\xe1\x7f\x1f\x77\
\xf3\xe0\x5b\x72\xd4\xef\x9f\x2f\x1d\x64\xc9\x6c\x73\xc8\x8c\x80\
\xb9\x08\x7e\x8d\x8b\x03\xa5\xcf\x25\x20\x74\x6e\xf1\xcc\xe1\xd5\
\x91\x4d\xf3\x03\xf8\x18\x38\xbd\xb2\x62\x45\xc3\x04\x2e\x4b\x31\
\x42\x0e\x4a\x07\x20\xac\xf6\xb7\x1e\x98\x7d\xf7\x15\x01\x96\xcd\
\x93\x7f\xf0\xa6\x05\xeb\xeb\x34\x3e\xac\xd6\xf8\x68\xab\xce\xba\
\x1a\x8d\xa6\xce\xa1\x1f\x91\x26\x20\x2f\xcd\xa6\x28\xcb\xa2\x38\
\xdb\x66\x46\x86\x4d\xce\x74\x8b\xdc\x54\x9b\xac\x14\x9b\x9c\xe9\
\x36\x9e\xf1\x91\xce\x1f\x35\xb6\x2d\x0d\x78\x5f\x80\xb8\xb5\x0b\
\xb1\x4c\x4b\x80\x44\xb7\x8d\x31\x8a\x68\xed\x60\x08\x76\xb4\x0b\
\xea\xdb\x34\xea\x5a\x65\x6a\x64\x53\x83\xc6\xa6\x06\x41\x57\xff\
\xd0\xcf\xa9\xb0\xb0\x90\xa3\x8e\x3a\x8a\xe3\x96\x2e\xe5\xf8\x13\
\x4e\xf8\xcc\x94\x14\x0f\x74\x82\xc1\x60\x74\x7a\x5f\x43\x03\x4d\
\xcd\xcd\xd2\x69\x68\x68\x18\x32\x06\x78\xd7\x68\xc2\xf1\xc7\x1f\
\xcf\xca\xfb\xee\xdb\xeb\xf9\x2d\xcb\xda\xe7\x9c\xba\x19\x0a\x51\
\x57\x57\x47\xa5\xd3\x11\x10\xee\xdb\x8f\xd7\x11\xe0\x0c\x70\x8a\
\xed\xdd\x1f\xaf\x11\xbf\x23\xe1\xae\x15\x2b\xb8\xe1\xfa\xeb\xf1\
\xba\x04\x77\x96\x0f\xb0\x64\xb6\xbc\x16\xac\xd9\xaa\x71\xd9\x1d\
\xb2\xb0\x2f\xb6\x05\xf0\xde\xd7\x0c\x7e\xfd\x94\xcc\xeb\xc7\xd6\
\x08\x98\x16\x5c\xfb\x88\x9b\x27\xfe\x6d\x30\x2d\xc1\xe6\x9e\x2b\
\xe5\xa8\xdf\x03\xd9\xf8\x37\x6a\x09\xfc\x4f\x42\x19\x5b\xb5\x11\
\xd7\x39\xbd\x80\x0c\xfb\xf7\xec\xf5\x91\x8a\xcf\x84\x83\xd5\x01\
\xb8\x08\xb8\xf7\xf0\x22\x8b\x47\xbe\x37\xb0\xc7\xc7\xb6\xf5\x08\
\x3e\xad\xd7\xf8\x74\xbb\x46\x55\x93\x60\x6b\xb3\x46\x75\x93\x0c\
\xf5\x0f\xc7\xf4\x44\xe9\x0c\x4c\xf3\x42\x72\x42\xf8\xe8\xb5\x99\
\x96\x60\x93\xec\x85\x24\x8f\x4d\x82\x07\x8c\xf0\x75\x36\xd1\x63\
\xa3\x09\x59\x73\x10\x4b\xdf\x20\x98\xa6\x8c\x16\x38\xbb\xf3\xee\
\x7e\x29\x3f\xda\x3d\x20\x77\xed\x3d\x03\xd1\x34\x43\xff\x18\xa4\
\x33\x0c\x5d\x3a\x02\xc9\x09\x30\xcd\x2b\xd7\x9d\x95\x62\x93\x99\
\x62\x93\x1d\x3e\xce\x48\xb7\x29\xce\xb2\x49\x49\x1c\x3e\x22\xb1\
\xa3\x43\x50\x51\xab\xf1\x61\xb5\xce\xfb\x5b\x34\x36\x6c\xd7\x22\
\x51\x0d\x4d\xd3\x58\xb4\x68\x11\x27\x9d\x7c\x32\xa7\x9c\x72\xca\
\x1e\x27\x29\x2a\xc6\x87\x5d\xa3\x09\x59\x59\x59\x9c\xb0\x7c\xf9\
\x1e\x9f\xd3\xdd\xdd\xcd\x51\x47\x1e\x49\x71\x49\x89\xdc\xa1\x87\
\x65\x77\x67\xcd\x9a\x35\x2e\x03\x7b\x60\xa8\xa8\x8f\x93\xdb\xaf\
\xaa\xaa\x62\xe7\xce\x9d\xbb\x3d\x36\x27\x27\x47\x4a\x4b\x87\xbb\
\x02\x1c\x07\x61\xbc\xda\x17\xef\xb8\xfd\x76\x6e\xba\xf1\x46\xbc\
\x2e\xb8\xb3\x3c\x10\x31\xfe\x8e\x60\xcf\x60\x08\x7e\x7d\xfe\x20\
\xff\x71\x94\x34\xf2\xb7\xfd\xcb\xc5\xcd\xcf\xc9\xbc\xfe\xcd\x17\
\xcb\xb4\x21\x0c\x1d\x01\x1c\x3b\xea\xb7\x7f\x10\xbe\x7b\x9f\x87\
\xd7\xd7\xeb\x2c\x44\xe3\x17\x18\x8c\x5e\x07\x73\x72\xb2\xda\xc8\
\xe0\x46\xef\xfc\x91\x2a\xfb\x01\xdc\x02\x7c\x4f\xf5\xf8\x4f\x2e\
\x0e\x3a\x07\xa0\xd8\xe7\x33\x84\x60\x93\x6d\x53\x72\xff\x35\x01\
\x16\xcf\x92\x7f\xc4\xf5\x6d\x82\xbc\x34\x69\x88\x47\x42\x67\x9f\
\xa0\xba\x59\xd0\xd0\x26\x68\xec\x90\x91\x82\xe6\x4e\x41\x63\xbb\
\xa0\xa9\x53\xb0\xb3\x4b\x10\x34\xf7\x7e\x9e\x7d\x41\x08\xe9\x58\
\x24\x7b\x64\xba\x20\xd1\x23\x9d\x89\x24\x0f\xa4\x24\x0c\x6f\xac\
\xfb\xc2\xce\x42\x7f\x40\xd0\x3d\x20\x53\x01\x7d\x83\xd0\xd9\xbb\
\xe7\x35\x4f\x4f\xb4\x29\xca\xb2\xf1\x65\x59\x94\xe6\xda\x1c\x52\
\x60\x31\xaf\xc0\x22\x73\xda\xee\xaf\xd5\xde\x2b\x78\x7b\xa3\xc6\
\xeb\x1b\x74\xde\xdc\xa0\x0f\x71\x98\xca\xca\xca\x38\xe3\xcc\x33\
\x39\xe3\x8c\x33\x26\xbd\x33\x10\x08\x04\x68\x6f\x6f\x8f\x84\xb4\
\x63\x67\x2c\x68\x9a\x46\x72\x72\x32\x2e\x97\x8b\x84\x84\x04\x12\
\x12\x12\xc6\x6d\x72\xe2\xfe\xa0\x72\xf3\x66\x7e\xf8\xc3\x1f\x52\
\x55\x55\x45\xdf\x2e\x3b\x75\x4d\xd3\x28\x98\x39\x33\xa2\xcb\x5f\
\x1a\x93\xdf\x1f\x8f\x4e\x97\xd8\xde\x7d\x27\xb7\x5f\xb9\x79\x33\
\xf5\xf5\xf5\x58\xd6\x50\x9b\x91\x96\x96\xc6\x89\x27\x9d\xc4\x4d\
\xbf\xf9\xcd\x98\x5f\xef\xe6\x3f\xfe\x91\x9b\xff\xf8\x47\x92\xbd\
\x70\x67\xf9\x00\x8b\x4a\xe5\x6b\xbc\xf5\xa9\xce\xb7\xef\xf1\x10\
\xb2\xe0\xd7\x5f\x97\x3b\x7c\xdb\x96\x79\xfd\xbb\x5f\x91\x79\xfd\
\x3f\x5f\x16\x60\xe9\x5c\xf9\x87\x32\x10\x84\xef\xdd\x27\x77\xf8\
\x39\xd3\x6d\xfe\xfa\xed\x01\x8a\xb2\xed\x21\x03\x82\x16\xa2\xf1\
\x4b\x0c\x0e\x04\xbd\x4b\x0b\xc1\x43\x9e\x22\x1e\x72\xfb\x46\x9a\
\xef\x0f\x01\x57\x56\x56\xac\xb8\x7b\x82\x97\xa6\x18\x03\x07\xa3\
\x03\x70\x09\x70\xcf\xe2\x59\x16\xf7\x5f\x23\x77\xff\x9d\x7d\x82\
\xcf\x5d\x97\x40\x82\xdb\x66\xf1\x2c\x8b\x25\xb3\x4d\x0e\x2d\x94\
\x79\x7f\xd7\x3e\x14\x34\xf7\x0f\xca\x3c\x7a\x67\xaf\xa0\xab\x3f\
\xba\x4b\xef\x0b\xc8\x3c\x7f\x20\x5c\x37\x34\x10\x14\xb8\x0c\xd0\
\xc5\x50\x43\x9a\xe8\x01\x5d\x93\x46\xde\x65\x48\xa3\x9e\x92\x00\
\xd3\x12\x6c\x52\x12\xa4\xc1\x1f\x6f\xda\x7b\x65\x31\x63\x53\xa7\
\x3c\x36\x77\x0a\x6a\x5b\x04\x5b\x9b\x05\xb5\x2d\x1a\x8d\x1d\xbb\
\x7f\x65\xb2\xa7\xcb\x5a\x89\xc3\x7c\x16\x47\xcd\x32\x59\x50\x68\
\x0d\x49\x83\x98\x16\xac\xab\xd1\x78\x75\xbd\xce\x4b\x1f\x1b\xd4\
\x34\x47\xcf\x71\xc4\x11\x47\xf0\xe5\x73\xcf\xe5\x0b\x67\x9d\xf5\
\x99\x8f\xad\x05\xa9\x26\x57\x59\x59\x19\xa9\x3a\xdf\xba\x75\x2b\
\xad\x2d\x2d\xb4\xb5\xb5\xd1\xda\xda\x42\x5f\xdf\xde\x47\xf2\xc6\
\xe2\xf5\x7a\x49\x4d\x4b\x23\x2d\x35\x35\xd2\x0a\x9a\x96\x9a\x4a\
\x76\x4e\x0e\x99\x99\x99\xe4\xe6\xe6\x92\x91\x91\x41\x4e\x6e\x2e\
\x99\x19\x19\x93\x76\xd4\x71\x43\x43\x43\xa4\x2d\xcf\x99\xa4\xb7\
\x79\xd3\xa6\x21\xd2\xce\x0e\xb9\xb9\xb9\xd1\xc2\xbf\xb0\x53\xe0\
\xf7\xfb\xc7\x45\x2f\x23\x10\x08\xc8\x3a\x83\x18\xe7\x60\xcb\x96\
\x2d\x14\xce\x9c\xc9\x9d\x77\xdd\x35\xa6\x73\xde\x74\xe3\x8d\xdc\
\x71\xfb\xed\x24\x7b\x61\xe5\x55\x03\x1c\xe6\x93\xc6\xdf\xa9\xea\
\x07\x22\x85\x80\xb1\x3d\xfb\xc9\x5e\x9b\xdb\x2f\x0f\xb0\x78\x96\
\x7c\x7c\xac\x91\x2f\xcc\xb4\xb9\xf7\xaa\x01\x0a\x32\x86\x1a\xff\
\x23\xd0\xf8\x9f\x03\xc4\xf8\xb7\x0b\x37\x37\x26\xcc\x67\xdd\xc8\
\xfb\xfb\x5b\x90\xb2\xbe\x6f\x4e\xe0\xb2\x14\xfb\xc0\x41\xe5\x00\
\x14\xfb\x7c\x6e\xa0\x0a\x28\x78\xe8\xff\x0e\x70\x64\x89\xfc\x43\
\xae\x6e\xd2\xf8\xfd\x3f\x5c\xac\xae\xd2\x68\xef\x8d\x7e\x24\x2e\
\x1d\xe6\xce\xb0\x38\x64\xa6\x45\x49\xb6\xc5\xac\x3c\x9b\x59\xb9\
\x16\x39\xd3\xa7\x68\x29\xff\x38\xd0\x3f\x08\xdb\x76\x6a\x54\xee\
\xd0\xa8\xa8\xd3\xd8\xb0\x5d\xb0\x61\xbb\x36\x24\x7d\xe1\x36\x60\
\x61\x91\xc5\xa2\x52\x93\xe3\x0f\x91\xce\x54\x6c\x64\x65\x73\x83\
\xc6\xf3\x6b\x75\x9e\x5b\x13\x75\x06\xdc\x6e\x37\xa7\x9c\x72\x0a\
\x5f\x3e\xef\x3c\x96\x2e\x5d\xba\xcf\xad\x64\xc3\xb1\x63\xc7\x0e\
\xde\x78\xfd\x75\x56\xaf\x5e\xcd\x87\x1f\x7e\xc8\xb6\x9a\x9a\xb8\
\x8f\xf3\xb8\x20\x35\xd1\x26\x73\x9a\x4d\x5a\xf2\xee\x75\x1d\xd3\
\xbc\x36\xfd\x83\x82\x40\x48\x3a\x74\xbd\x03\xd0\x1f\x24\x5c\x40\
\x39\xf2\x6e\x8f\xcc\xcc\x4c\xf2\xf2\xf3\xc9\x0b\xb7\x00\xe6\xe5\
\xe5\x91\x97\x9f\x4f\x7e\xf8\x98\x93\x93\x33\x61\x9f\xc5\x58\x68\
\x6d\x6d\x8d\x48\xef\x56\x55\x55\xb1\x79\xd3\xa6\x61\x45\x7d\xa6\
\x4f\x9f\x1e\x2d\xf8\x0b\xa7\x13\x4a\x4b\x4b\x3f\x53\x51\x9f\x58\
\x6c\xdb\xe6\x86\xeb\xaf\xe7\xee\xbb\xee\x22\x25\x01\xee\xbe\x32\
\x6a\xfc\x1d\xb5\x3e\x43\xdb\xa5\x72\xff\x41\x37\xcf\xae\x36\x48\
\x4b\xb2\xb9\xf3\x5b\x81\xc8\xe3\xbb\xfb\x05\x97\x84\x07\x01\xcd\
\xca\xb5\xb8\xe7\xca\x00\xb9\xa9\xf6\x90\xe9\x80\x4b\xd0\xf8\x39\
\x06\x93\xd3\xc5\x1b\x1d\x6b\xf5\x34\x6e\x4a\x98\x4f\xbb\x18\x71\
\x1a\xe8\x63\xe4\x34\xbf\x9a\x89\x5b\x95\x62\x5f\x39\xd8\x1c\x80\
\x2b\x80\xdb\x97\xce\x35\xb9\xe7\xca\xdd\x5b\xae\x6c\x1b\xb6\x34\
\x69\x7c\x5c\x23\x8d\xdb\xc7\xb5\x1a\x9b\xea\xb5\xdd\xc2\xe2\xd3\
\x12\x6c\x0a\x33\x65\x6e\x3c\x37\xd5\x26\x3f\xcd\x22\x2f\xcd\x96\
\xb7\x54\x69\x30\xf6\x25\x72\xb0\x37\x82\xe6\xee\xe1\xfb\xfe\x80\
\xa0\x67\xcf\x5d\x64\x00\x24\x7b\x20\xc1\x13\x4e\x17\xb8\x6d\xa6\
\x25\xc8\x9a\x04\x7d\x1f\xea\xbe\x6c\x1b\x6a\x5b\x44\x24\xff\xbf\
\xba\x4a\xa7\xae\x35\xfa\xd5\x4a\x4f\xb6\xf9\xfc\x7c\x93\x13\xca\
\x4c\x3e\x3f\xdf\xc4\x1b\x63\x4c\x3f\xa9\xd5\x78\x66\xb5\xc1\x3f\
\x3f\x32\x68\x0d\x2b\x02\xe7\xe4\xe4\xf0\xd5\xaf\x7d\x8d\xaf\x9f\
\x7f\xfe\xb8\x4c\x77\x6b\x6e\x6e\xe6\x89\xc7\x1f\xe7\xf9\xe7\x9f\
\xe7\x93\x8f\xa3\x9d\x47\x9a\x80\x39\xf9\x16\xf3\x0b\x2c\x4a\x72\
\x6c\x8a\xb2\x65\x61\x67\x7e\x9a\x15\x19\xe0\x32\x56\x9c\x4e\x8a\
\xf6\x3e\x19\x49\xd9\xd9\x29\x68\x0e\xb7\x8b\x36\x76\xca\x63\x73\
\xa7\xa0\xa5\x7b\xcf\x7f\x82\xba\xae\xcb\xd6\xcb\x82\x02\x0a\x66\
\xce\x64\xe6\xcc\x99\xf2\x7e\xf8\x96\x9d\x93\x33\xae\x42\x38\x63\
\xa5\xab\xab\x6b\xc8\x24\xbf\xea\xea\xea\x48\x08\x7f\x57\x62\x35\
\x04\x4a\x4a\x4a\x22\x4e\x42\x91\xcf\x37\x61\x11\x11\xdb\xb6\xb9\
\xee\xda\x6b\x79\xf0\xc1\x07\x49\x4b\x86\xbf\x5e\x3d\xc0\xec\x7c\
\x69\xcc\x9f\x5d\x6d\xf0\xe3\x07\xdc\xb8\x8d\x68\x2d\x40\xd0\x94\
\xa1\xfd\x97\x3e\xd6\xc9\x9c\x66\x73\xef\x55\x81\xc8\xe3\xdb\x7a\
\x04\x97\xdc\xe6\xe1\xd3\x7a\x8d\x79\x33\x2c\x56\x5e\x25\x47\xfd\
\xc6\x3a\x05\x07\x8a\xf1\xb7\x10\x3c\xe8\x29\xe2\xe1\x91\x87\xfc\
\x01\x1e\x02\x2e\x57\xd3\xfc\x26\x3f\x07\x8d\x03\x50\xec\xf3\xb9\
\x85\xa0\xca\xb6\x29\x78\xf4\x7b\x03\x2c\x2c\x1a\x59\x2d\x4a\xc8\
\x84\xda\x16\x59\x00\x58\xd5\x24\x0b\x00\xb7\x34\x6a\x34\xb4\x89\
\x21\xd1\x82\x5d\x49\xf2\xd8\x64\x4c\x0b\xe7\xe8\xc3\x45\x80\x49\
\x5e\x1b\x43\x03\xaf\x9b\x3d\x3a\x08\x4e\x5b\x60\x57\xbf\x4c\x15\
\x74\xf7\x4b\x5d\x81\xee\x7e\x11\xf9\xdd\x78\x93\x31\xcd\x26\x63\
\x9a\x2c\xfc\x73\x8a\x00\xf3\x52\x6d\x8a\xb2\x65\xeb\x63\x5e\xda\
\xe8\x9c\x84\xc6\x0e\xc1\xdb\x9b\x74\x5e\x5f\xaf\xf3\xf6\x46\x2d\
\xd2\xf6\x98\xe8\x81\x93\x0e\x0d\x71\xe6\x11\x26\xcb\xe6\x99\x91\
\x73\x86\x4c\x78\x6d\xbd\xce\xe3\xef\x19\xbc\xb1\x41\xc7\xb2\x65\
\x4f\xf9\xe9\x67\x9c\xc1\x37\xbf\xf9\x4d\x8e\x38\xf2\xc8\x51\xbf\
\xa7\x35\x6b\xd6\xb0\xe2\xce\x3b\x79\xf9\xa5\x97\x22\xca\x72\xfe\
\x5c\x8b\x13\x0f\x35\x59\xec\xb7\x38\xbc\xc8\x1c\x55\x1a\x25\xb6\
\x7d\xd3\x49\xe1\x08\x20\x39\x01\x5c\xba\x3d\x26\xa7\x21\x68\x42\
\x53\x87\xa0\xb1\x43\xb0\xa3\x5d\x63\x47\x87\x60\x47\xbb\xfc\xb9\
\xa1\x5d\x50\xd7\x22\x86\xb4\x8c\xee\x8a\x61\x18\x14\xec\xe2\x14\
\x14\x14\x14\x30\xb3\xb0\x90\x99\x33\x67\x92\x99\x99\x39\xfa\x45\
\x8d\x23\xfd\xfd\xfd\x91\x7c\xbe\x73\xdc\xb2\x65\x0b\xb5\xb5\xb5\
\xbb\xa9\xfd\xe9\x86\x41\x49\x71\x31\x25\xce\x24\xbf\xd2\x52\xe6\
\xcd\x9f\x8f\xdf\xef\xdf\xa7\x35\x98\xa6\xc9\x7f\x5f\x77\x5d\x5c\
\xe3\xff\xf0\x2a\x83\xff\xf9\xbb\x9b\x44\x8f\xcd\xdd\x57\x04\x38\
\xbc\x58\x16\xef\x5d\xb3\xd2\xc3\x5b\x9f\xca\xbc\xfe\xfd\xdf\x19\
\xc0\x97\x29\x43\x3a\x8d\x1d\x72\x04\xf0\x96\x46\x8d\x05\x3e\x8b\
\x95\x57\xca\x51\xbf\x9d\x7d\x82\xcb\xee\x90\xc6\xff\xf3\x68\xfc\
\xbf\x03\xc0\xf8\x37\x6a\x5e\x7e\xe3\x9d\xcf\x06\x7d\xc4\x8a\x05\
\x21\xa4\xac\xef\x2d\x13\xb8\x2c\xc5\x38\x72\x30\x39\x00\xdf\x05\
\xfe\x70\xe2\xa1\x26\xb7\x5d\x26\xb7\xca\xdb\x5b\x05\xdb\x5a\x34\
\x16\x16\x59\x24\x79\x46\x1f\xd6\x1f\x08\x22\x2f\xda\xed\x22\x72\
\xe1\xde\xd9\x25\x1d\x83\xb6\x6e\x41\x7b\xaf\xac\xd2\x77\xaa\xf5\
\xf7\x85\x69\xe1\x6e\x82\xa4\x70\xd1\x5f\x82\x47\x1a\x9c\x94\x04\
\x1b\xaf\x5b\xee\xe6\x9d\x9f\xe3\x61\x23\x1d\x88\xbe\x80\x2c\x02\
\xec\x0b\x48\x63\xd6\x33\x00\x5d\x7d\x72\xdd\x6d\x3d\xc3\x87\xae\
\x0d\x1d\x66\x66\xc8\x1d\xf2\x9c\x7c\x59\xfc\x37\xbf\xc0\xa2\x20\
\xdd\xde\x4d\x41\x71\x57\x82\x26\xbc\xbf\x45\xe7\xc5\x75\xf2\xd6\
\xd6\x23\x9f\x90\x95\x62\x73\xce\xd1\x21\xce\x3b\x26\xc4\xcc\x18\
\xd1\xa5\xfa\x36\xc1\xc3\x6f\x1b\x3c\xf6\xae\x8b\xce\x70\x2d\xda\
\xe2\xc5\x8b\x39\xfe\x84\x13\x38\xf2\xc8\x23\x39\x74\xc1\x82\x88\
\xa2\x62\x3c\x36\x6d\xdc\xc8\xaf\x6f\xb8\x81\x37\xde\x78\x03\x80\
\xfc\x34\xf8\xf2\x92\x20\x67\x2d\x0a\x45\x2e\xe4\xf1\x68\xed\x16\
\x6c\x6a\xd0\xd8\xd2\x28\x5b\x1d\xeb\xdb\xe4\xff\x6b\x7b\x8f\x74\
\xc0\x46\xf2\x7f\xe8\x75\x41\x6a\x92\x74\xa0\xd2\x93\x65\x0a\x21\
\x2b\xc5\x66\x66\x86\x8c\x1a\xcd\xcc\xb0\xc8\x49\x1d\x9d\x33\xd5\
\xd9\x27\xd8\xde\x26\xa8\x6f\x15\xd4\xb5\xca\x75\xd5\xb7\x09\xb6\
\xb7\x0a\xb6\xb7\x6a\x0c\x04\x87\x7f\x6e\x62\x62\x22\x3e\x9f\x8f\
\x42\x9f\x8f\xe2\xe2\x62\x0a\x0b\x0b\xf1\x15\x15\x51\x54\x54\x44\
\xce\x7e\x8c\x1e\x04\x83\x41\xaa\xc3\x32\xc0\xce\x14\xbf\xca\x2d\
\x5b\xa8\xae\xaa\x22\x18\x8c\xbe\xa1\xc3\x0e\x3b\x8c\x27\x9f\x7e\
\x7a\xcc\xaf\x63\x9a\x26\x3f\xf8\xfe\xf7\x79\xe6\xe9\xa7\xc9\x49\
\x85\x95\x57\x0e\x30\x2b\x57\x1a\xff\x87\x56\xc9\x7e\xfe\x94\x44\
\x69\xfc\x0f\xf3\x59\x74\xf7\x0b\xae\xbe\xc7\x1d\xc9\xeb\xdf\x7f\
\xcd\x00\xb9\xa9\xf2\x3b\x53\xd7\x2a\xb8\xe4\x36\x39\x0b\xe0\x68\
\xbf\xc9\x9d\xe5\x72\xd4\x6f\xec\x68\xe0\xe5\x68\xfc\x04\x63\x64\
\x83\x6f\x27\x31\xaf\xba\x72\xb8\xd5\x33\x87\x7e\x31\xe2\x50\x66\
\x33\x32\xdf\xbf\x6a\x02\x97\xa5\x18\x67\x0e\x0a\x07\xa0\xd8\xe7\
\xf3\x0a\xc1\x36\xdb\x26\xfb\xc9\x1f\x0d\x30\xbf\x40\x5e\x00\x9c\
\xb6\x1e\x21\xa0\x24\x5b\xe6\xfa\xe7\xe4\xdb\xcc\xce\xb3\xf0\xe7\
\x5b\xe4\xa5\x8e\x6f\xae\xbf\x27\xac\x04\xd8\x1d\xae\x2b\xeb\x1d\
\x10\x98\xbb\xbc\x84\xdb\x00\xaf\xcb\x8e\xec\x2c\x75\x8d\x31\x39\
\x27\x63\xc1\xb4\xa0\xbd\x27\x1a\xaa\xae\x0b\x3b\x48\xb5\x3b\x05\
\x35\x3b\xa5\xf1\x09\xed\x92\x0e\x49\xf6\xca\x02\xc0\x23\x4b\xe4\
\xed\xf0\x62\x8b\xe4\x3d\x08\x18\x85\x4c\x78\x77\xb3\xce\x33\xab\
\x75\x5e\x58\x6b\x30\x18\x92\xdd\x0c\x9f\x9f\x6f\x72\xe9\xf2\x50\
\xa4\x2b\x03\xa4\x83\xf5\xec\x6a\x83\x15\x2f\xbb\xa8\x6d\x89\x7e\
\x55\x0d\xc3\x60\xee\xbc\x79\xcc\x0b\xdf\x0a\x0b\x0b\xc9\xc8\xcc\
\xa4\x71\xc7\x0e\x9e\x7c\xe2\x09\x5e\x79\xf9\x65\x4c\xcb\x62\x81\
\xcf\xa2\xfc\xa4\x20\x27\x1e\x6a\xee\xd6\xdd\x61\xd9\xf0\xe9\x76\
\x8d\x7f\x6f\xd1\x59\x5d\xa5\xb1\xae\x46\x1b\x36\x1c\x9f\x9e\x6c\
\x93\x91\x6c\x93\x9a\x04\x1e\x97\xac\x07\x48\xf6\xca\x8e\x11\x47\
\x7b\xc1\xf9\xfc\x3a\x7b\x05\x1d\x61\x15\xc8\xce\x3e\x11\x57\x8f\
\xc1\xd0\x61\x46\xba\x4d\x49\xb6\x45\x51\x76\x54\x53\xc2\x97\x65\
\x45\x8c\xcd\x68\x68\xed\x96\x0e\x41\x5d\x6b\xd4\x71\xa9\x6b\x91\
\xce\xc1\xf6\xb6\xf8\x6b\x00\x39\x0c\xa8\xa8\xa8\x88\x42\x9f\x0f\
\x9f\xe3\x18\x14\x17\xe3\x2b\x2c\x64\xc6\x8c\x19\xfb\xa5\x40\xd1\
\x34\x4d\xea\x6a\x6b\x23\xba\x01\x5e\xaf\x97\x8b\x2e\xbe\x78\xcc\
\xe7\x8a\x35\xfe\xf7\x5f\xd3\x1f\x71\x00\x1d\xa9\xde\xd8\xb6\xbd\
\xae\x3e\xc1\xa5\xe1\x5d\xbc\x3f\xcf\xe2\xbe\xab\x02\x64\xa6\xc8\
\xc7\xd7\x34\x0b\xbe\x71\xab\x9c\x05\xb0\xbc\xcc\xe4\x0f\x17\x05\
\xf0\xba\x0e\x3c\xe3\xdf\x2b\x0c\x6e\xf5\xcc\xe6\xf5\x91\x0b\xfb\
\x00\xbc\x09\x7c\x4d\x89\xfb\x4c\x3d\x0e\x16\x07\xe0\xbb\xc0\x1f\
\x4e\x5e\x60\x72\xeb\xa5\xd1\x44\xf9\x2b\x9f\xe8\xfc\x6b\x9d\x4e\
\x45\xad\x46\x75\x73\xb4\x6f\xdd\x21\xc9\x23\x77\x6d\x85\x99\x36\
\x85\x59\x56\x78\x07\x27\xc5\x7e\xb2\xa7\xdb\x7b\x34\x74\x07\x22\
\xa6\x25\xa3\x26\x1b\xb6\x6b\x91\xdb\xc6\xfa\xa1\x86\xd3\xc9\xab\
\x2f\x99\x6d\xf1\xb9\x79\x26\x8b\x4a\xcd\x61\x95\x13\xbb\xfa\x05\
\x4f\x7f\xa0\xf3\xc8\xdb\x06\x5b\x1a\xe5\x65\xf3\x90\x02\x8b\xab\
\x4e\x0b\x72\x62\x99\x19\x89\x2c\x98\x96\x8c\x20\xac\xaf\x93\xb5\
\x19\x9f\xd4\xea\x6c\xdf\x83\x20\xde\x61\x3e\x8b\xef\x9e\x19\xe4\
\xd8\x39\x43\xbd\x15\xd3\x92\xc3\x5b\x9e\x5f\xab\xf3\xc6\x7a\x7d\
\xc8\xba\x13\x3d\xb0\xc0\x67\x32\x3b\xcf\xa6\x24\xc7\xa2\x34\xc7\
\xa6\x20\xc3\x22\x2b\x65\xdf\xea\x39\x3a\xfb\x64\x28\xbf\x3e\xbc\
\x83\xdf\x1e\x36\xd0\xb5\x3b\x05\x5b\x77\xee\xee\x50\x25\xb8\xa1\
\x28\x4b\x3a\x06\xc5\xd9\x16\x45\x59\xe1\x63\xb6\xbd\xc7\xd6\xce\
\xe1\x30\x2d\xc2\xce\x81\x46\x4d\xb3\x3c\x6e\xdb\x29\x3b\x3b\xea\
\x5a\xb5\x48\x27\xca\xae\xe8\xba\xce\x8c\x82\x02\x4a\x8a\x8b\x29\
\x2a\x2e\xa6\xb8\xb8\x98\x92\x92\x12\x8a\x8a\x8b\xc9\xcb\xcb\x9b\
\x14\x75\x07\x7b\x22\x18\x0c\x72\xd5\x95\x57\xf2\xca\xcb\x2f\x93\
\x9b\x0a\x7f\x8d\x31\xfe\x8e\xe3\x9f\x33\x5d\x0a\xf6\xf8\xf3\xac\
\x21\x86\x7c\x81\xcf\xe2\xce\x72\x99\xd7\x87\xa1\x72\xc0\x67\x1c\
\x6e\x72\xd3\x85\x01\x5c\xba\x4c\x07\x5c\x72\x9b\x87\xaa\x26\x8d\
\x2f\xa0\xf1\x1d\x8c\x29\x7d\x41\xfd\xc8\x48\xe7\x8f\xde\xb9\xec\
\x14\xa3\xea\x59\xb8\x1e\xf8\x99\xea\xef\x9f\x9a\x4c\xe5\xef\xeb\
\x88\x28\xf6\xf9\x92\x85\x60\xab\x6d\x93\xf9\xbf\x5f\x1d\xe4\xdc\
\x25\xa1\xb8\xbd\xfe\xbd\x01\x41\xe5\x0e\x41\x55\xa3\xc6\xe6\x1d\
\x32\x0c\xbc\x6d\xa7\x46\x43\xfb\xf0\x3b\x28\xaf\x4b\xb6\xc0\x39\
\xa2\x39\xe9\xc9\x76\x24\xe7\x9f\x14\x93\xfb\x4f\x09\x17\xda\x69\
\x1a\x24\xb8\x64\x4b\x5f\x3c\x9c\xdd\xa4\x65\xcb\xe8\x40\xc8\x94\
\xd1\x02\x47\x00\xa8\xab\x5f\xd0\x33\x20\xe8\xea\x8b\xb9\xdf\x2f\
\x77\xb3\xb1\xe1\xe9\xfe\x00\x84\x2c\x59\xc9\xee\x18\xdf\x94\x04\
\x99\x22\x98\x9e\x28\x0d\xc9\xf4\x44\x48\x09\xdf\xcf\x4a\xb1\xc9\
\x4f\xb3\xc9\x4f\x97\xf7\x47\xaa\x85\xe0\xd0\xd0\x2e\xf8\xb0\x4a\
\x67\x75\xb5\xc6\x87\x55\x1a\x5b\x9a\xa2\xce\x54\x82\x1b\x8e\x99\
\x2d\x8b\xff\x4e\x5e\x60\x92\x11\x47\x33\xc0\xb6\xe1\xed\x4d\x3a\
\x2b\x5f\x35\x78\x7b\x93\xb4\xb6\x87\x14\x58\xfc\xf4\x9c\x41\x8e\
\x2a\x8d\xff\xe1\xf7\x0c\x08\x36\x37\x08\xb6\x34\xc9\xd6\xc4\xd6\
\x6e\x81\x26\x60\xd9\x3c\xd9\x79\x10\xfb\x1e\x1a\xda\x05\x0f\xad\
\x32\x78\xf2\xdf\x46\xc4\xe8\x3b\xeb\x5a\x36\xcf\xe4\xc8\x12\x8b\
\x59\xb9\xd6\x5e\xc3\xf2\xb1\xc5\x97\xfd\x83\x52\x9c\xa9\x7f\x10\
\x92\x62\xb2\x11\x9a\x90\x9f\xf1\xf4\xc4\xbd\xd7\x04\x38\xc6\x79\
\x6b\xb3\xc6\xd6\x66\x41\x75\x93\x26\x85\xa6\x9a\xe3\xcb\x2e\xa7\
\x25\xd9\x94\xe4\xc8\x48\x41\x71\xd8\x41\xf0\x65\xca\xe2\xc5\xb1\
\xc8\x53\xdb\x36\x34\x76\xca\x68\x41\x6d\x8b\x74\x0c\x9c\x88\x4f\
\x5d\xab\x18\x36\xe5\xe1\xf1\x78\xf0\x15\x15\x51\x1c\xeb\x18\x14\
\x15\x51\x5a\x5a\x4a\xda\x38\x89\xf4\xec\x0b\xb1\xc6\x7f\xd7\x30\
\xbe\xa3\xd3\x1f\x9b\xdb\x6f\xec\x10\x7c\xe3\x4f\x5e\xb6\xb5\x08\
\x16\x95\x5a\xdc\x71\xb9\xcc\xeb\xc3\x50\x39\xe0\x73\x8e\x0e\xf1\
\xcb\xaf\xca\x51\xbf\x8d\x1d\x82\x0b\xff\x24\xd3\x01\x53\xdd\xf8\
\xf7\x0b\x9d\x95\x9e\x52\xfe\xe1\x9a\x31\x9a\xa7\xb5\x00\xe7\xab\
\x61\x3e\x53\x9b\xa9\xfa\x9d\x1d\x31\xc5\x3e\xdf\x52\x21\xb8\xd7\
\xb6\x99\x05\x32\xef\xfc\xf9\xf9\x26\x4b\xe7\x9a\x1c\x33\xdb\x22\
\x35\x69\xcf\xbb\x2a\xd3\x92\x7f\xec\x75\x2d\x5a\x38\xc4\x2a\x2b\
\xb7\x9b\x3b\x05\xad\x3d\x82\xa6\x0e\x99\x3b\xdf\x9b\xf4\xee\x44\
\xa0\x6b\x52\xf8\xc7\x31\xf4\x2e\x4d\xd6\x06\x0c\x86\xa4\xb6\x80\
\x43\x5f\x00\x06\x43\x32\xef\xbf\x37\x0c\x1d\xf2\x52\x6d\xf2\xd3\
\x65\xc4\x63\x76\x9e\x4c\x8b\xf8\xf3\xac\xc8\x8e\x68\x6f\x74\xf4\
\x0a\x56\x6d\xd4\x78\xf3\x53\x9d\x55\x1b\x75\x5a\xc3\x46\x57\x13\
\xb0\xd8\x6f\x72\xda\x42\x93\xd3\x17\x9a\x71\x3f\xfb\xb5\x35\x1a\
\x77\xbc\xe8\xe2\xb5\xf5\xd2\x11\x38\x75\xa1\xc9\x8f\xbf\x38\xb8\
\xc7\xc1\x4c\xc3\xb1\xa5\x51\xe3\xcf\x2f\xb8\xf8\xd7\x3a\x1d\xd3\
\x92\x46\x7f\x79\x99\xc9\x17\x17\x85\x38\x76\x4e\xfc\xc8\x44\x5b\
\x8f\x2c\xf2\xac\xdc\x21\x8b\x3e\xeb\x5a\xa3\x15\xfc\xad\x7b\xa9\
\xd8\xdf\x15\xb7\x21\x9d\x81\xd4\x44\x19\x31\x9a\x91\x2e\xa5\xa3\
\x67\x66\x58\xcc\x48\xb7\x29\xc8\xb0\xe3\x8a\x28\x81\xac\xd7\xd8\
\xda\x2c\xa8\x6e\x96\x3b\xf7\xaa\x26\xe9\x24\xd4\x34\xef\xde\x95\
\x22\x04\xe4\xa7\x0d\x4d\x25\x94\xe4\xc8\x9f\x47\x5b\xbc\xb9\xeb\
\x67\x51\xd3\x2c\x23\x15\xb5\x3b\xe5\x5a\xb6\xed\x94\x8e\xf1\x70\
\x75\x07\x29\x29\x29\xd2\x31\x28\x29\x89\x38\x07\x25\xa5\xa5\x94\
\x94\x94\xe0\xf1\x4c\x7c\x37\x7c\x7f\x7f\x3f\xe5\x97\x5f\xce\xdb\
\xab\x56\x0d\x31\xfe\xb6\x0d\x37\x3c\xe5\xe6\x2f\xaf\x1b\x14\x66\
\xda\xfc\xe5\xea\x01\xf2\xd3\x6d\xb6\xb5\x08\x2e\xfa\xb3\x97\x86\
\x36\xc1\xd2\xb9\x32\x42\xe8\x38\x6e\xef\x6d\xd6\xb9\xea\x6e\x37\
\xbd\x01\xc1\xf9\xcb\x42\xfc\xec\xcb\x72\xd4\xef\x8e\xb0\xc3\x50\
\xdb\x22\x38\x1b\x9d\x2b\xd1\xa7\xec\x85\xb4\x42\x4f\xe5\xf7\xde\
\xb9\xec\xd0\x46\x35\x8f\xe1\x75\xa4\xf1\x57\x21\xff\x29\xce\x54\
\xfd\xde\x8e\x9a\x62\x9f\x6f\x39\x70\xa1\x10\x9c\x6b\xdb\x24\x83\
\xbc\x70\xce\xca\x95\x02\x36\x65\x85\x16\x65\x33\x2d\xe6\xe4\x8f\
\x6d\x37\xd5\xda\x2d\x77\xe9\xbd\x01\x59\xb5\xdd\xd5\x2f\x77\xf1\
\xce\x14\xc0\x81\x60\xb4\x06\x00\x64\x15\xb9\x63\x94\x62\x71\x1b\
\x36\x5e\x97\xdc\xbd\x7b\x0c\x9b\x24\xaf\xec\x39\x77\xa4\x7a\x53\
\x12\xa2\x11\x86\xd1\x56\x9d\x9b\x96\x34\xce\x5d\xfd\xe1\x3c\x75\
\xf8\x7e\x63\x47\xb4\xa8\xac\xbe\x4d\x56\xa3\xc7\xbb\xc0\x67\x4e\
\xb3\x99\x9d\x6f\x71\x68\xa1\xc5\x11\xc5\x16\x0b\x8b\xf6\xee\x40\
\xd9\xb6\x9c\xaf\xf0\xc2\x3a\x9d\x17\xd6\x18\x91\xf6\x40\x97\x2e\
\x8d\xf1\xd9\x47\x87\xf8\x5c\x4c\x37\x80\xc3\xfb\x5b\x74\x6e\x78\
\xd2\xc5\x86\xed\x1a\x5e\x17\x5c\xff\xf5\x00\x67\x1e\x31\x32\x69\
\xc5\x96\x6e\xc1\x1f\xfe\xe1\xe2\xf1\x7f\x1b\xd8\x36\xcc\xcc\xb0\
\xf9\xc6\xe7\x83\x9c\x73\xb4\xb9\x5b\xda\xa6\xba\x49\xe3\xbd\x4a\
\x29\x61\xfc\x51\xb5\x8c\xf8\xc4\x23\x35\x49\x1a\xf1\xd4\x44\x19\
\xd5\xf1\xba\x20\xc1\x2d\xff\x7f\x76\x9d\xbd\xe0\xe4\xff\x3b\x63\
\x6a\x01\x86\xeb\xdc\x48\xf2\x48\x75\xc5\x62\x67\x67\x1f\x0e\xf9\
\xfb\xb2\xec\xc8\x2e\x34\x16\xd3\x92\x11\x8d\xea\xa6\x91\x45\x0d\
\x5c\xba\x4c\x29\xf8\xb2\xa2\x6d\x8e\x8e\xa3\x10\x2f\x1a\x33\x12\
\x9c\xc8\x41\xed\x4e\xf9\xba\xdb\x76\x4a\x27\xa5\x66\xa7\x8c\x24\
\xc4\x73\x86\x85\x10\x72\x82\x64\x78\x32\xa0\xe3\x18\x94\x96\x96\
\x92\x9d\x9d\x3d\xa6\x75\xec\x4a\x7f\x7f\x3f\x97\x5d\x72\x09\xef\
\xbe\xfb\x2e\xfe\x3c\x8b\xbb\xaf\x08\x44\x8c\xbf\x23\xe6\xe3\xcb\
\x92\x6a\x7d\xb9\xa9\x36\x95\x3b\xe4\xee\xbe\xa9\x53\x70\xe2\xa1\
\x26\x37\x5f\x1c\x88\xa4\x7b\xde\xd8\xa0\xf3\x9d\x95\x1e\x06\x82\
\x70\xf9\x49\x41\x7e\x78\x96\xfc\x83\xd8\xd6\x22\xb8\xf0\x16\x59\
\x0b\xf0\x15\x74\x2e\x63\xf2\x68\x34\x8c\x86\x7e\xa1\x73\x9f\xbb\
\x84\x67\xdd\x05\x8c\xe2\x5b\x10\x02\x7e\x06\xdc\xa4\x42\xfe\x07\
\x06\x07\x8d\x03\xe0\x10\x1e\x04\x74\x2c\x70\x3a\x70\x1a\xb0\x00\
\xa2\x75\x3b\x86\x0e\x25\x39\xf2\x02\x59\x9a\x63\x31\x33\x43\xee\
\xd4\x66\xa4\x4b\x01\xa0\xd1\x0c\xcf\x99\x08\xfa\x07\x21\x68\xca\
\xf0\x73\x3c\xa3\xe2\x14\x0f\x82\x74\x20\xc6\x3a\x98\xa8\xa5\x5b\
\x1a\x97\x8d\xf5\x82\xcd\x3b\xa4\xf0\xcf\xe6\x1d\xda\x6e\x51\x84\
\xe2\x6c\xe9\x0c\x2c\xf6\x5b\x2c\x9d\x6b\x0e\xbb\xa3\x75\xd8\x58\
\xaf\xf1\xec\x87\x3a\x4f\x7d\x60\x44\x0c\x56\x7e\x9a\xcd\xd7\x96\
\x86\x38\x77\x49\x68\x48\x94\xc1\xb2\xe1\xf1\xf7\x0c\x56\xbe\x66\
\x70\xcf\x15\x01\xf2\xd3\xf7\x7e\xa9\x7a\xfa\x03\x83\x5f\x3e\xe1\
\xa2\xab\x4f\x50\x98\x69\xf3\x9d\x33\x82\x9c\x71\x78\x68\x88\x83\
\xb1\xa6\x46\xe3\xb9\x8f\x0c\x5e\x5f\xaf\x0f\x29\x2e\xd4\x35\xc2\
\x85\xa0\x16\xfe\x5c\x29\x77\xec\xcb\x92\xff\xef\xfb\x3a\x01\xb2\
\xbd\x57\xd6\x00\xd4\xb7\x45\xeb\x00\xea\x5a\xe5\x67\xdc\xd0\x16\
\xbf\xfb\x22\x63\x9a\x74\x0e\x8a\xb2\xa5\x63\x50\x14\xae\x09\xf0\
\x65\xc5\x77\x52\x87\x8b\x1a\xd4\xb6\xc4\xcf\xf5\x27\x7b\x65\x9b\
\x67\x49\xd8\xe1\x28\x8e\x14\x25\xda\x63\x2e\x3c\x8d\x4d\x6b\x6c\
\x0b\x47\x0d\xaa\x9b\xa4\x93\x10\x4f\x45\x12\x20\x39\x39\x39\xe2\
\x0c\x14\x17\x17\x47\xb4\xff\x7d\x3e\x1f\xc6\x08\x0b\x11\xbb\xbb\
\xbb\xb9\xf4\x92\x4b\x58\xfd\xc1\x07\xf8\xf3\x2c\xfe\xfa\x6d\x99\
\xc3\x37\x2d\xf8\xcf\x87\xdc\x3c\xf5\x81\x31\xe4\xf7\xeb\xb7\x6b\
\x5c\x7a\x9b\xcc\xeb\x9f\x75\x64\x88\x1b\x2f\x18\x8c\x7c\x47\xfe\
\xb5\x4e\xe7\xfb\x7f\xf1\x10\x32\x19\x32\x02\xf8\x40\x31\xfe\xab\
\x8d\x0c\x6e\xf1\xce\x19\x6d\xae\x7f\x0b\xb2\xd0\x6f\xf5\x04\x2d\
\x4b\xb1\x1f\x38\xe8\x1c\x80\x5d\x29\xf6\xf9\x12\x81\x23\x80\xc5\
\xc0\xd1\xc0\x22\xa0\x64\xb8\xc7\xa7\x27\xcb\x5c\x7f\xf6\x74\x99\
\xdb\x4f\x49\x90\x43\x72\xa6\x25\xc8\xfc\xbe\xdb\x05\x1e\x03\xbc\
\xee\xe1\x8d\x46\xef\x80\x4c\x19\x04\x42\x30\x18\x94\xe1\x7a\xa7\
\x55\x30\x7a\x8c\x46\x14\x7a\x06\xa2\x03\x81\x46\x8b\x26\xa2\xad\
\x83\xc9\x5e\x9b\xe9\x49\xf2\x3d\xa4\x26\xda\xe4\xa4\x4a\x21\xa3\
\xdc\x54\x29\x62\x94\x9b\xba\xe7\x0b\xbf\x23\xf8\xb3\xa6\x46\xee\
\x96\x3f\xda\xaa\xb1\xa5\x71\x68\xf1\xe4\xdc\x19\xd2\x11\x58\x36\
\x57\x2a\x01\x0e\xe7\x30\x99\x16\xac\xda\xa8\xf3\xe8\x3b\x06\xaf\
\x55\xc8\xbe\x7f\x8f\x0b\xce\x39\x3a\xc4\x25\x27\x04\x29\x8c\x69\
\xd7\xb3\x6d\xf6\xda\x6a\x08\xf0\x9f\x0f\xbb\x79\xfc\x3d\x03\x97\
\x0e\xdf\x39\x23\xc8\xc5\x27\x04\x23\x3b\xba\xb6\x1e\xc1\x63\xef\
\x1a\x3c\xfe\x9e\x11\x31\xfa\x9a\x80\x85\xc5\xd1\x62\xc5\x43\x0b\
\xad\x21\x22\x45\x9f\x15\x41\x13\x6a\x9c\x3a\x80\xb0\xf1\x76\x86\
\x4e\xed\x3a\x65\x11\xe2\x87\xfc\x9d\x9a\x80\x78\x21\x7f\xcb\x86\
\xc6\x76\x19\xca\xdf\x1a\xde\xb1\x57\x37\x09\x6a\x76\x0e\xef\x7c\
\x64\x4f\x0f\x3b\x1f\x59\x16\xc5\xe1\x74\x42\x51\x96\x4d\x61\xa6\
\x35\x66\x27\xb8\x2f\x80\x5c\x43\x93\x53\xf7\x20\xd7\xb3\xb5\x59\
\x8b\x3b\xc8\x4a\xd7\xf5\x48\xa4\x60\xf6\xec\xd9\x91\x19\x04\xa5\
\xa5\xa5\x43\xd2\x09\xdd\xdd\xdd\x7c\xe3\x82\x0b\x58\xb7\x6e\x1d\
\xb3\xf3\x2d\xfe\x72\x75\xd4\xf8\xff\xe4\x01\x37\xcf\x7e\x68\x50\
\x56\x68\x71\xd7\xb7\xe4\xef\xd7\xd4\x68\x5c\x76\xbb\x9c\xf4\xf7\
\xb5\xe3\x42\x5c\x77\xde\x60\xa4\x66\xe4\xe9\x0f\x0c\xfe\xdf\x83\
\x6e\x2c\x1b\xae\xfd\xf2\x20\x17\x7e\x4e\x7a\xd9\xb1\xd1\x82\x8b\
\xd0\x39\x7f\x0a\x1a\xff\x2e\xe1\xe2\x0e\x8f\x9f\xd7\x46\x57\xe1\
\x0f\xb0\x12\xf8\xbf\x6a\x8a\xdf\x81\xc7\x41\xef\x00\xc4\xa3\xd8\
\xe7\xf3\x02\xb3\xc3\xb7\x59\x40\x31\x50\x04\xe4\x86\x6f\xe3\x13\
\xb3\x1c\x01\x9a\xa0\x07\xe8\xb2\x6c\x3a\x80\x41\xa0\x2b\xfc\x4f\
\x5d\x40\xbc\x30\x9c\x1b\x48\x04\xa1\xa1\x79\xe7\x0a\xb4\x4c\x41\
\x08\xdb\x0e\x61\xdb\x7b\x0f\xa1\x27\x7b\x65\x31\x60\x69\x8e\x8c\
\x80\xf8\xf3\x64\x45\x7c\x51\x76\xfc\xb9\x08\xdd\xfd\x82\x8f\xb6\
\x6a\xac\xda\x28\x05\x7f\xaa\x9a\xa2\xd6\x27\x25\xd1\xe6\xe4\x05\
\xb2\xf8\xef\xb8\x61\x72\xee\x20\x43\xda\x0f\xaf\x32\x78\xf8\x6d\
\x83\xee\x7e\x81\xae\xc1\xd9\x8b\x43\x5c\x7d\x5a\x90\xfc\xb4\x91\
\xef\x44\x9f\x5d\x2d\xa3\x05\x37\x5d\x30\x88\x3f\x4f\x7e\x34\xf5\
\x6d\x82\x3f\xff\xcb\xc5\xb3\xab\xa3\x2d\x87\x47\xfb\x4d\xbe\xb8\
\xc8\xe4\xc4\xb2\xf8\x75\x08\x23\xc5\x11\x06\x72\xa2\x31\xdd\xfd\
\x82\x24\xef\xd0\x22\xca\x69\x5e\xa9\xe1\x30\x56\xe5\xdb\xf6\x5e\
\x41\x55\xa3\x34\xd6\xd5\xce\x34\xca\x66\x8d\xba\x96\xe1\x5b\x0c\
\x23\x21\xff\x70\x2d\x40\x61\xa6\x45\x49\xb6\x1d\x69\x69\x8b\x25\
\x68\x42\xcd\x4e\xb9\x5b\xaf\x09\xa7\x12\x6a\x9a\x35\x6a\x76\xc6\
\xaf\x79\xd0\x35\xd9\xc2\xe8\x44\x0b\x8a\xc3\x1d\x0b\x45\xd9\x16\
\xb9\xd3\xc7\xfe\x3e\x77\x74\x08\xb6\x85\x5f\x7f\x6b\xb3\x46\x55\
\xa3\x3c\xc6\x4b\xc9\x68\x9a\x4c\x27\xcc\x9e\x33\x97\xd2\xd2\x52\
\xde\x7d\xf7\x5d\x3e\xf9\xf8\xe3\x21\xc2\x3c\xb1\x63\x78\x63\x7f\
\xef\x4c\xfa\x1b\x08\xc2\xa5\xcb\x83\xfc\xe8\x8b\xc1\xc8\x9a\x1f\
\x5e\x65\xf0\xdf\x7f\x93\xa3\x7e\x7f\xf9\xd5\x41\xbe\xbc\x44\x1a\
\xff\xd8\x2e\x80\x4b\xd1\xf9\xea\x14\x33\xfe\x36\xf0\x92\x2b\x8f\
\x7b\x3c\xa5\x74\x89\x51\x79\xb8\xcd\xc0\xb7\x2a\x2b\x56\x3c\x35\
\x31\x2b\x53\xec\x6f\x94\x03\x30\x06\x8a\x7d\x3e\x0d\xe9\x04\xa4\
\xc6\xdc\x52\x80\x44\x22\x06\x18\x37\xc4\x1d\xfd\x1d\x00\xfa\x90\
\xc6\x3b\xd6\x98\xc7\xde\x3a\x80\xae\xad\xdb\xb6\xed\xb3\x94\xa6\
\xbf\xac\x7c\x39\xf0\x17\xa0\x00\x6c\xb0\x83\xd8\x76\x10\xec\x00\
\x58\x01\x6c\x7b\x00\xac\x01\x79\x8c\xdc\xdf\x7d\x3b\xa6\x6b\xe0\
\xcb\x92\x5a\x09\x87\x17\xc9\x1e\xfb\x79\x33\x76\xdf\x0d\x36\xb4\
\x0b\xde\xde\xa8\xf3\x6a\x85\xce\xdb\x9b\xf4\x48\xd4\x22\xd9\x6b\
\x73\xca\x61\x26\x67\x2f\x36\x39\xaa\xd4\x8c\x6b\x28\xfa\x02\xf0\
\xc8\x3b\x2e\xee\x7a\xd9\xa0\xad\x47\xe0\x36\xe0\xeb\x4b\x43\x5c\
\x7d\x6a\x70\x8f\xa3\x88\xe3\xd1\xd1\x2b\xb8\xe5\x79\x17\x8f\xbe\
\x63\x10\x32\x65\x05\xfd\xff\x39\x36\xc4\xd7\x96\x86\x46\xac\xef\
\xd0\xd0\x2e\x8d\x50\x6d\xb8\x3a\xbe\xa1\x4d\x16\x7f\xb6\xf5\x4a\
\xe1\xa4\x91\x14\x55\x3a\x38\xdd\x20\x69\x49\xd1\xc8\x4b\x5e\x5a\
\x54\x46\xda\x97\x19\xdf\x40\x0f\x87\x69\x41\x5d\x8b\x8c\x18\x38\
\xd1\x02\xc7\x49\x70\x84\x96\x76\x65\xb4\xf5\x06\xdd\xfd\x32\xaf\
\xbf\x35\xec\x10\x6c\x6d\x92\xc7\x9a\x9d\xbb\xa7\x82\x40\xd6\xb3\
\x14\x66\xca\xf3\x39\xe7\xf7\x85\x23\x07\xa3\x79\x6f\xb1\xf4\x0f\
\x12\x79\x7f\x32\x9d\x10\x8d\x1a\xc4\x46\xc4\x62\x8d\x7c\xec\x84\
\xbe\xa3\xfd\x26\xb7\x5f\x3e\x48\x92\xc7\xe6\xd5\x0a\x99\xd7\x0f\
\x9a\x70\xcd\xe9\x41\xbe\x7d\x5a\xf4\x04\x77\xbd\xec\xe2\xb7\xcf\
\xca\x51\xbf\x37\x5d\x10\xad\x37\x89\x35\xfe\x97\xa1\xf3\x95\x29\
\x66\xfc\xb7\x6a\xc9\xdc\xea\x9d\x3d\x1a\x35\x3f\x87\xbf\x23\xa7\
\xf8\xb5\x4c\xc0\xb2\x14\x93\x04\xe5\x00\x1c\x04\xf8\xcb\xca\x53\
\x80\x9b\x81\x8b\x46\xf4\x04\x3b\x84\x6d\xf5\x90\x66\xb6\x53\x36\
\xb8\x9d\x3e\x7b\x80\x6d\xd8\x34\xed\x52\x2e\xe4\x36\x64\xbb\xde\
\xe1\xc5\x26\xc7\xce\x91\x21\xff\xd8\xc2\xc4\xbe\x80\x94\xf7\x7d\
\x61\xad\xc1\x5b\x9f\xea\x91\x30\xef\x8c\x74\x9b\xb3\x17\x87\x38\
\xf7\x98\xf8\xc6\xb8\x2f\x00\xf7\xbd\xee\x62\xe5\x6b\x32\x22\xf0\
\xd3\xb3\x07\xb9\xe8\xf8\x91\xeb\x1f\xbf\xb0\x56\xe7\xba\x47\xdd\
\x74\xf6\x09\xd2\x93\x6d\xae\x38\x39\xc8\x57\x8e\x0b\xed\x31\xbc\
\xdf\xd6\x23\x58\x5d\xa5\xf1\xd1\x56\x9d\x0d\xdb\x05\x9f\xd6\x6b\
\x74\xf5\xc5\xff\xf3\x70\x64\x93\x23\x12\xcf\x1e\x29\xde\xb4\x2b\
\x4e\x84\xa0\xbb\x3f\x9a\xda\x69\xe9\x1e\xde\x71\x48\xf4\x80\x2f\
\xd3\xa2\x30\xbc\x7b\x97\x1a\x14\xd2\xa0\x8e\x66\x00\x55\x97\x53\
\x0b\xd0\x24\xd3\x09\xd5\x61\x03\xbe\x6d\xe7\xf0\x7d\xff\xa3\xad\
\x37\x68\xea\x94\xe7\x73\x8c\xf1\xb6\x9d\xf2\x35\xe3\x89\x45\x39\
\xef\xcd\x49\x23\x14\x65\xcb\xf7\xe6\xbc\xd6\x58\xa2\x30\x96\x0d\
\x3b\xda\x65\xdb\x6e\x7d\xbb\xe0\xac\x23\x65\x81\x67\xec\x24\xbe\
\x63\x66\x9b\xdc\x7e\xb9\xac\xea\x7f\xf6\x43\x19\xda\x0f\x99\xf0\
\x93\x2f\x05\xb9\xe4\x84\xe8\x07\x71\xf3\x73\x2e\x6e\xfb\x97\x0b\
\xb7\x01\x37\x5f\x2c\xa7\x00\x42\xb8\x05\xf0\x36\x0f\xdd\x03\x82\
\xef\x60\x70\xd6\x14\x92\xf8\xe9\x17\x3a\x0f\xb8\x8b\x79\xca\x5d\
\x80\x35\xba\xcb\x7c\x1b\xd2\xf0\x3f\x36\x41\x4b\x53\x4c\x22\x94\
\x03\x70\x10\xe1\x2f\x2b\x3f\x03\xb8\x0b\xc8\x1f\xcd\xf3\x4e\x08\
\x36\x71\x69\xa0\x0a\x8f\x1d\x60\x13\x16\x1b\xb1\xf9\x14\x9b\x8d\
\x58\xc4\x0e\x87\x75\xe9\x44\x9c\x81\x65\x73\x4d\x0e\x99\x69\x45\
\x76\xfa\x7d\x01\x78\x61\xad\xc1\x93\xef\x1b\xbc\xbf\x45\x5e\x48\
\x75\x0d\x4e\x3c\xd4\xe4\x82\x65\x21\x8e\xf6\xef\x6e\x35\x3a\xfb\
\x04\x8f\xbe\x63\x70\xe9\xf2\xe0\x88\x5a\xd9\xfa\x07\xe1\xda\x47\
\x3c\xfc\xe3\x43\x1d\x4d\xc0\x37\x8f\x0f\xf1\xed\xd3\x82\x71\x05\
\x9b\x06\x43\xb2\xd3\xe0\x8d\x0d\x3a\xab\x36\xca\x9d\x65\x2c\x79\
\xa9\xb2\xe3\xa1\x38\x5b\xb6\x42\x16\x86\x55\xfa\xc6\xa3\x20\xb0\
\xbb\x5f\x0e\x04\x6a\x0c\x4b\x48\xd7\xb7\x46\x5b\xed\xb6\xb5\xec\
\x79\x77\x3d\x33\x23\xbc\xab\xce\x96\x51\x83\xc2\xac\x91\x87\xde\
\x63\x6b\x01\xaa\x9b\x64\x71\xa0\x93\x56\xd8\xd1\x1e\xbf\x16\x60\
\xb4\xf5\x06\x4e\x97\x82\x93\x46\x70\xf4\x05\x6a\x9a\x87\x57\x25\
\x4c\x49\xb0\x29\xcc\x8a\x0a\x1f\x39\xda\x06\xbe\xac\xd1\x89\x1f\
\x75\xf7\x0b\xae\xba\xdb\xc3\xfb\x5b\x34\x96\x97\x99\xdc\x72\x89\
\xac\xea\xff\xfb\x7b\x06\x3f\x7b\x44\x7a\xa6\xd7\x9d\x37\xc8\xd7\
\x8e\x93\xce\x64\x6c\x6b\xa0\xd7\x15\x1d\x04\x04\xd2\xf8\x5f\x72\
\x9b\x97\x9e\x01\xa6\x94\xf1\xb7\x81\x57\x5d\xb9\xdc\xeb\x29\xa1\
\x75\x74\x45\x7e\x00\x4f\x00\x57\x57\x56\xac\x68\x1c\xff\x95\x29\
\x26\x23\xca\x01\x38\xc8\x08\x47\x03\x7e\x03\x94\x8f\xe6\x79\x5e\
\xdb\xe4\x2b\x83\xdb\x38\x67\xb0\x0e\x77\x4c\xe9\xc1\x0e\x6c\xd6\
\x62\xb3\x06\x8b\x8f\x76\x71\x08\xf2\x52\x6d\x4e\x3e\xcc\xe4\x94\
\xc3\x42\x1c\x51\x1c\x15\xda\xd9\xde\x2a\xf8\xdb\xbb\x06\x8f\xbd\
\x6b\x44\xc2\xd5\xfe\x3c\x8b\xf2\x93\x42\x9c\x79\x44\x68\xcc\x7d\
\xeb\xfd\x83\x70\xc9\xed\x5e\x5a\xba\x04\x37\x5d\x20\x07\xbb\xc4\
\x12\x32\xe1\xcd\x4f\x75\x9e\x5f\x23\x53\x14\x8e\xd0\x8d\x26\x64\
\x08\xf9\x68\xbf\xc9\x61\x3e\xd9\x16\x1a\x2f\x64\xdd\xde\x2b\x55\
\xfd\x1a\xdb\x65\x6b\x5f\x77\x3f\x04\x42\xb2\x06\x40\x08\xd9\xa6\
\xe9\x36\x20\xd9\x0b\xb9\x69\xb2\xd7\x3f\x67\xfa\xe8\xfb\xf0\x5b\
\xba\x64\xe8\xdd\x11\xe5\xd9\x9b\x73\xe0\xd2\x65\x7a\xa6\x30\xd3\
\x8e\x84\xdf\x7d\xe1\xe8\xc1\x48\x75\x00\x06\x43\x72\xcc\xb3\x13\
\xf2\x8f\x2d\x16\x1c\x6e\xe8\xd5\x68\xeb\x0d\x42\x66\xb4\x43\xa0\
\xb6\x25\x1a\x41\xa8\xd9\x39\xbc\x03\x92\x96\x14\x1d\x48\xe5\xcb\
\x92\x2a\x8d\xce\xfb\x8c\x2d\x58\x8d\x9d\xc4\x77\xea\x42\x93\xdf\
\x7d\x43\x1a\xff\xbf\xbe\x61\xf0\xab\x27\xdc\xe8\x1a\xdc\x78\xfe\
\x20\x67\x2d\x92\xc6\xdf\xb4\x64\x6b\xe0\xa3\xef\x18\x24\x7b\xa5\
\x22\xa0\x33\x20\xec\xc3\x6a\x8d\xf2\x3b\xbd\xf4\x0d\xc0\x77\x31\
\x38\x7d\x8a\x18\xff\x4d\x7a\x0a\xb7\x7b\xfc\x6c\xd2\x53\x46\xfb\
\xd4\x46\xa4\xe1\x7f\x62\x02\x96\xa5\x98\xc4\x28\x07\xe0\x20\xc5\
\x5f\x56\xfe\x39\xe0\x1e\x64\x91\xe3\x88\xc9\xb1\x06\xb8\x34\x50\
\xc5\xb2\xd0\xee\xf3\xdf\x6d\xa0\x1a\x9b\x8f\xb0\x78\x07\x8b\xf5\
\xd8\x91\xa4\x41\x7a\xb2\xcd\xe9\x87\x9b\x9c\xb3\x38\x44\x59\xa1\
\xbc\xd0\x0e\x86\xe0\xf9\x35\x06\xf7\xbf\x69\xf0\x49\xad\xbc\xc8\
\xe6\xa7\xd9\x94\x9f\x1c\xe4\xdc\x25\xa1\x31\x49\xf0\x76\xf7\xcb\
\x5d\x66\x6c\x58\xb9\xa6\x59\xf0\xf0\xdb\x2e\x9e\xfe\x40\x8f\x18\
\xb3\xe9\x89\x36\x27\x1e\x6a\xb2\xbc\xcc\x64\x89\xdf\x1a\x92\x03\
\x37\x2d\xd8\xd4\xa0\xb1\xb6\x46\x4a\x1d\x7f\x5a\x2f\xdb\x20\xe3\
\x55\xaa\xef\x0d\x5d\x93\xef\x69\x56\xae\x25\x25\x86\x73\x65\x71\
\x65\x69\x4e\xfc\xbc\xfb\xde\x18\xad\x73\xe0\x0c\x71\x2a\xca\xb2\
\x23\xa9\x85\xe2\x51\x16\xed\x75\xf5\x09\xb6\xee\x8c\x86\xfa\xab\
\x9a\xa2\x82\x40\xc3\x7d\x26\x4e\x3a\xc3\x91\x34\x2e\xcc\x8c\xbe\
\x76\xbc\x90\x7f\xd0\x84\xba\x16\x27\x6a\x10\xad\x3b\xa8\xdd\x29\
\x27\x24\xee\x2a\xd3\x0d\x90\x99\x62\x53\x9c\x25\xa3\x20\xeb\xeb\
\xe4\xff\x55\x6c\x4b\xdf\x1d\x2f\xb9\xf8\xc3\x3f\x64\x5e\xff\x4f\
\x97\x44\x43\xfb\xb1\xdd\x01\x69\x49\x36\xf7\x5c\x15\xe0\x90\xf0\
\x7c\x10\xa7\x48\x70\x30\x08\x3f\xc6\xe0\xc4\x29\x60\xfc\x5b\x85\
\x87\x7b\x3d\x25\xbc\xe2\xca\x1d\xcb\xd3\x57\x22\x27\xf8\x75\x8c\
\xf3\xb2\x14\x53\x00\xe5\x00\x1c\xc4\xf8\xcb\xca\xbd\xc0\xcf\x81\
\x1f\xc2\xe8\xa6\x97\x1e\x62\x76\x72\x79\x60\x0b\x73\xcc\xae\x61\
\x1f\xd3\x81\xcd\xdb\xd8\xac\xc2\x62\x2d\x16\x4e\x16\xdf\x9f\x6b\
\xf1\xa5\xc5\x26\x67\x2f\x0e\x45\xc4\x68\xfe\x5d\xa9\xb3\xe2\x65\
\x83\x55\x1b\xa5\xd5\xcf\x4b\xb5\xb9\xea\xb4\x20\x5f\x3e\x7a\xec\
\x11\x81\x35\x35\x1a\xb7\xfd\xcb\xc5\x9b\x1b\xe4\x39\x13\xdc\x70\
\xca\x61\x21\xfe\xe3\x28\x93\x25\xfe\xa1\xe2\x43\x0d\x6d\x82\x97\
\x3f\x91\x85\x8b\xab\xab\xb4\xdd\x64\x70\x0d\x20\x0f\x41\x16\x82\
\x6c\x20\x0d\x11\xa9\xf6\x4c\x40\x30\x80\x8d\x89\xac\xee\xec\x07\
\x9a\xc3\x35\x13\x4d\xc2\xa6\x63\x18\x3b\x9f\x3d\x5d\xee\x68\xfd\
\xb9\xf2\x38\x2b\xec\x1c\x8c\x55\xa0\x67\xb4\xce\x81\xd7\x45\x24\
\x9d\x10\xab\x05\x50\x9c\x2d\xa5\x8c\xd9\x02\x82\x7c\x00\x00\x0f\
\xfa\x49\x44\x41\x54\xf7\x86\x23\x08\x54\xd3\x3c\xb4\x16\xa0\xba\
\x69\xcf\x12\xda\x4e\xc8\xdf\x79\x4d\x5f\xe6\x9e\x8b\x11\x07\x43\
\xb0\x2d\x26\x95\x20\xeb\x19\x64\x7a\x21\x56\x5b\xe0\x2b\xc7\x86\
\xf8\xf9\x79\xd2\xf8\x3b\x92\xbf\x5e\x17\xdc\x7e\x79\x20\x32\x17\
\x22\xb6\x3b\x20\x76\x16\x00\x4c\x3d\xe3\xdf\x2f\x74\xfe\xe6\x2e\
\xe4\x09\xd7\x4c\x02\x23\x9f\xda\xe7\xb0\x19\x59\xe1\xff\xfa\xf8\
\xaf\x4c\x31\x55\x50\x0e\x80\x02\x7f\x59\xf9\x7c\xe0\x76\xe0\x73\
\xa3\x7d\xee\xd2\xd0\x4e\x2e\x0a\x54\x31\xc3\xea\xdf\xe3\xe3\xba\
\x80\xd7\x31\x79\x11\x8b\x4d\xe1\xb8\x80\x4b\x87\x33\x8f\x08\x71\
\xfe\xb2\x10\x0b\x7c\xf2\x22\xbc\x61\xbb\xc6\xef\x9e\x75\x45\x1c\
\x01\x7f\x9e\xc5\x4f\xcf\x0e\x72\xdc\x9c\x91\xa9\x00\x02\xac\xae\
\xd2\xb8\xf9\x39\x77\xa4\xd6\x60\x56\xae\xc5\xd7\x97\x86\xf8\xd2\
\x62\x73\x48\xd8\xb8\xbe\x4d\xf0\xcc\x6a\x83\x17\xd6\xea\x6c\xac\
\x8f\x5e\xec\x0d\x60\x36\x82\x43\xd1\x28\x45\x50\x8a\xa0\x00\x31\
\x66\x73\xd0\x07\xd4\x62\x47\x6e\xdb\xc2\xb7\xc6\x98\x08\x49\x2c\
\x29\x89\x76\x8c\x53\x20\xa3\x05\xc5\xd9\x16\xf9\xe9\xa3\x9f\xd3\
\xe0\xd0\xd2\x25\x22\xaa\x7d\x8e\xb1\x76\x72\xf4\xf1\x8a\xf6\xa6\
\x27\xda\x11\x39\xe1\xd8\xc1\x44\xbe\xac\x91\x69\x25\x04\x4d\xa8\
\x6d\x89\xd1\x34\x68\x8e\x3a\x0a\xc3\x75\x29\x80\x0c\xf9\x3b\xba\
\x03\x85\x99\x43\x5f\x37\x9e\xf2\x65\xff\x20\x91\x99\x1d\x27\x1c\
\x22\xdf\xc8\x2f\xfe\xee\xe6\xe1\x55\x32\xb4\xbf\xe2\x5b\x01\x8e\
\x2c\xb1\x22\x8f\xbd\xea\x6e\x0f\xef\x6c\xd2\x99\x91\x6e\x73\xef\
\xd5\x03\x91\x01\x41\xaf\x56\xe8\x7c\xef\x3e\x0f\xa1\x10\x5c\x6b\
\x1b\x1c\x37\x89\x8d\x7f\x08\xc1\x73\xee\x19\x3c\xe4\x2e\xa2\x73\
\x74\x6d\x7d\x00\x03\xc0\xff\x02\xbf\xad\xac\x58\x31\x86\x98\x96\
\xe2\x40\x42\x39\x00\x8a\x08\xfe\xb2\xf2\x0b\x80\xdf\x31\x4a\x9d\
\x03\x1d\x9b\xd3\x83\x0d\x7c\x3d\x50\x43\x5a\x9c\x16\xc2\x5d\xd9\
\x86\xcd\x0b\x58\xbc\x80\x89\xa3\x2c\x72\x78\x91\x45\xf9\xc9\x41\
\x4e\x38\x44\xb6\x08\xae\xd9\xaa\x71\xc3\x93\x6e\xd6\x6d\x93\x17\
\xe2\xe5\x65\x26\x3f\x3d\x7b\x70\x88\x40\xd0\xae\xf4\x0f\xc2\x4f\
\x1f\xf2\xf0\xfc\x1a\xe9\x3c\x1c\xe6\xb3\xb8\xf2\xd4\x20\xc7\xcf\
\x8f\xb6\x1d\x0e\x86\xe0\xb9\x35\x06\x8f\xbd\x63\xf0\x61\x75\xf4\
\x22\x9f\x83\xe0\x58\x34\x8e\x46\x50\x86\xc6\xc4\xab\xd6\x4b\x51\
\x87\xed\x61\x67\x20\xd6\x41\xd8\x8e\x4d\xbc\x9e\x07\xb7\x41\xa4\
\x72\xbe\x34\x37\x9c\x13\x0f\xef\xd8\xc7\x92\x4e\x80\xa1\xca\x7d\
\x8e\xee\xbf\x33\x73\x20\x9e\x72\x9f\x10\x32\x3a\x13\x3b\x6f\x40\
\xb6\x16\x5a\xe4\x8f\xb0\xde\xa0\xab\x5f\x44\x1c\x83\x9a\x70\xc4\
\xa0\x66\x2f\x29\x05\x88\x8a\x13\x39\xad\x85\xd1\x62\x48\xd9\xa9\
\x60\x5a\xf0\x5f\x0f\xbb\x79\xf2\x7d\x19\xda\xbf\xeb\x8a\x00\x87\
\x86\xd3\x4d\xdd\xfd\x82\x6f\xad\xf0\xf0\x61\xb5\x86\x2f\xd3\xe6\
\xaf\x31\x03\x82\x5e\xad\xd0\xb9\x66\xa5\x07\x2c\xb8\xce\x36\x38\
\x66\x92\x1a\x7f\x1b\x78\xcb\xc8\xe6\x2f\x9e\x12\x1a\x46\xa7\xdd\
\xef\xf0\x1c\x32\xd7\x5f\x33\xae\x0b\x53\x4c\x59\x94\x03\xa0\x18\
\x82\xbf\xac\x3c\x15\xf8\x15\x70\x05\x8c\xee\x4a\xe8\xb5\x4d\xce\
\x0a\xd6\x73\xee\x60\x2d\x29\xf6\xde\x65\x0b\x03\xc0\xcb\x58\x3c\
\x8d\xc9\xd6\xf0\x5e\x78\x4e\xbe\xc5\x15\xa7\x04\x39\x7d\xa1\xdc\
\xcd\x3d\xbd\xda\xe0\xb7\xcf\xb8\xd8\xd9\x25\x98\x96\x60\xf3\xda\
\xcf\x07\xf6\x68\xec\x2e\xbb\xc3\xc3\xf6\x56\xc1\x0f\xce\x0a\x72\
\xd2\xa1\x51\xc3\xbf\xb3\x4b\x70\xff\x9b\xd2\xf0\x3b\x75\x00\x59\
\x08\x96\xa3\x71\x22\x1a\xc5\x93\xe8\x4f\xc1\x44\x16\x57\x6e\xdb\
\xc5\x29\xa8\xc3\xa6\x77\x98\xe7\x38\xf9\xf0\xe2\x6c\x59\x6b\x50\
\x14\x96\xb2\x9e\x91\x3e\xf6\x61\x40\xce\xee\xda\x31\xd2\xdb\x62\
\x0a\x04\xe3\x29\x14\x1a\xfa\xd0\xbc\x7f\x49\xb8\xd6\xa0\x34\x67\
\x64\xad\x7e\xf1\x52\x0a\x8e\xfe\x40\xfd\x30\x8a\x85\x10\x75\x4a\
\x92\x3c\x36\x95\x8d\x1a\x59\x29\x36\x2b\xaf\x0c\x30\x3b\x5f\x1a\
\xff\xb6\x1e\x41\xf9\x9d\x1e\x3e\xa9\xd5\x86\xc8\x01\x03\xbc\xf4\
\xb1\xce\x77\xef\xf3\xa0\x5b\x72\xe7\xbf\x64\x92\x1a\xff\x77\x8d\
\x4c\x1e\xf0\x14\x53\xad\x25\x8f\xe5\xe9\x35\x48\x25\xbf\x67\xc6\
\x77\x55\x8a\xa9\xce\xe4\xb9\xea\x29\x26\x15\xfe\xb2\xf2\x05\xc0\
\x9f\x18\x43\x5a\x20\xc9\x0e\xf1\xa5\xe0\x76\xce\x1e\xac\x23\xc9\
\xde\x7b\xff\xbe\x0d\x7c\x80\xc5\x43\x98\xac\x0f\x3b\x02\xf3\x0b\
\x2c\x7e\x70\x56\x90\xa5\x73\x4d\x7a\x03\x82\xdf\x3e\xe3\x62\x56\
\xae\xc5\xf9\xcb\xf6\x7c\xbe\xce\x3e\x41\x92\x27\x3a\xb3\x61\x47\
\x87\xe0\x8e\x17\x5d\x3c\xf1\x6f\xa9\x04\xa8\x01\xc7\xa0\x71\x16\
\x1a\x47\xa0\x4d\xb9\x3f\x80\x76\x6c\xea\x80\xba\xb0\x53\xb0\x3d\
\xec\x20\x34\x62\xc7\x95\x85\x74\x8c\xb2\x53\xa9\x5f\x9c\x13\x6d\
\x1f\x1c\xa9\x20\x52\xdc\x75\xf4\x8a\x88\xf8\x50\xec\x6e\x3e\xde\
\xb4\x42\x90\x29\x85\xd2\x5c\xa9\x1c\x58\x92\x23\xd3\x1b\x25\xd9\
\x16\x33\x33\x47\xe6\xa0\x04\xcd\xa8\x33\x52\xb3\x87\x94\x42\x5e\
\xaa\xcd\x5f\xae\x89\x86\xf6\x5b\xba\x04\x17\xdd\xe6\xa1\x72\x87\
\xc6\x02\x9f\xc5\x3d\x57\x04\x22\xa2\x52\xcf\xae\x36\xf8\xf1\x03\
\x6e\x5c\xc0\x2f\x6d\x83\x85\x93\xd0\xf8\x7f\x68\xa4\x73\xbf\xbb\
\x78\x2c\x95\xfd\x00\x3d\x48\x67\xfe\x8f\x95\x15\x2b\x06\xc6\x77\
\x65\x8a\x03\x81\xa9\x76\xfd\x53\x7c\xc6\xf8\xcb\xca\xcf\x41\xa6\
\x05\x8a\x46\xfb\xdc\x24\x3b\xc4\xb9\x83\xb5\x9c\x15\xac\x1f\x91\
\x23\x00\xb0\x0e\x8b\x95\x98\x6c\x08\x3b\x02\xcb\xe6\x99\x5c\x7b\
\xce\x20\x45\xd9\xa3\x33\x56\xed\xbd\x82\x3b\x5f\x72\xf1\xd0\x5b\
\x06\x81\x90\x2c\xd6\x3b\x13\x9d\xb3\xd1\xc8\x3a\x00\xbf\xf6\x21\
\xa0\x7e\x17\xa7\xc0\x39\x0e\x27\xe0\x1e\xab\xdc\x57\x1c\x29\xc8\
\x93\x3b\xf8\xbd\x0d\x75\x1a\x0e\x47\xa0\x67\xa8\x7a\x9f\x34\xd6\
\x4d\x9d\xf1\xa5\x85\x63\xb5\x05\x4a\x72\x64\x5a\xa3\x34\xc7\x1e\
\xb1\xfa\xa3\x93\x52\xa8\x6e\xd6\x58\x3c\xcb\x8c\xc8\x47\x37\x76\
\x08\x2e\x0c\x8f\xed\x3d\xda\x6f\xf2\xe7\x4b\x07\x23\xd1\xa3\xc9\
\x6e\xfc\x57\x1b\xe9\x3c\xea\xf6\x51\xa1\xa7\x8e\xf5\x14\x7f\x05\
\x7e\xaa\x46\xf6\x2a\xf6\xc4\x81\x77\x25\x54\x8c\x3b\xe1\x6e\x81\
\xef\x02\xff\x05\x8c\x3a\x06\x99\x64\x87\x38\x2b\x58\xcf\xd9\x83\
\x75\x23\x4a\x0d\x00\xbc\x83\xc5\x5d\x98\x6c\x47\xee\xe6\xcb\x4f\
\x0a\x72\xe5\x29\xc1\xbd\x8a\xf0\x84\x4c\xb8\xf7\x35\x17\x77\xbe\
\x64\xd0\x3d\x20\xf0\x02\xe7\xa1\x73\x0e\xfa\xe8\x17\x7e\x80\xd0\
\x85\x8c\x18\xd4\x63\xd3\x10\xe3\x24\x34\x60\x33\x5c\xe9\x66\xb2\
\x57\x46\x0a\x7c\xe1\xfc\xbe\xbc\x3f\xf2\x0e\x81\x78\xf4\x06\xc4\
\x90\x29\x85\xb1\xb2\xbe\xf1\x26\x5b\xa6\x27\x47\x0b\x11\x4b\x73\
\x9d\xa3\x45\xc1\x08\xd2\x1a\xb1\x93\xfb\x96\xcd\x33\xf9\xd3\x25\
\x81\x48\x11\xe1\x63\xef\x1a\xfc\xfc\x51\x37\x09\xc0\x2f\x6d\x17\
\x65\x93\xe4\x32\x68\x03\xef\x19\x99\x3c\xea\xf6\x8d\x75\xc7\x0f\
\xb0\x0a\xd9\xd6\xf7\xfe\xf8\xad\x4c\x71\xa0\x32\x39\xbe\xf9\x8a\
\x29\x81\xbf\xac\x3c\x1b\x39\x0f\xfc\x0a\x46\xd9\x36\x08\xb2\x46\
\xe0\xb4\xe0\x0e\xce\x1d\xac\x25\xc3\xde\xbb\x90\x7e\x08\x78\x02\
\x93\xfb\x31\x19\x40\xb6\x0f\xfe\xfa\xfc\xc1\x88\x8e\xc0\xae\xac\
\xae\xd2\xb8\xee\x51\x37\x55\x4d\x1a\x6e\xe0\x8b\xe1\xc1\x2d\xa3\
\x56\x41\x3f\x88\x68\xc3\x66\x3b\x32\x7a\xe0\xdc\x1c\xe7\x60\xb8\
\x7a\xbc\xe9\x89\xd1\x62\x3c\x47\x1d\x50\xfe\x6c\xc7\x55\x5d\xdc\
\x1b\x96\x2d\xdb\x30\x63\x1d\x82\xaa\xb0\x42\xe1\xce\xae\xf8\xb5\
\x06\xce\x10\x22\x67\x74\xb7\x73\x4c\x49\xb0\xd9\xdc\xa0\x71\xf1\
\x6d\x1e\x5a\xba\x05\x27\x2f\x30\xf9\xc3\x45\x81\x88\xa6\x84\x33\
\xf0\x27\x51\xc0\x8d\xb6\x8b\xb9\x93\xe0\x12\x68\x22\x58\x65\x64\
\xf1\x98\xc7\x37\xd6\x1c\x3f\xc0\x46\xe0\x27\x2a\xcf\xaf\x18\x0d\
\xfb\xff\xdb\xaf\x98\x72\xf8\xcb\xca\x67\x01\x37\x00\xe7\x8e\xe5\
\xf9\x06\x36\xcb\x83\x8d\x9c\x3d\x58\x47\x91\x35\x5c\x59\x5b\x94\
\x26\x6c\x7e\x8b\xc9\x5a\xa4\xb4\xf0\xf1\xf3\x4d\x8e\x9d\x63\x92\
\x9f\x6e\xd3\x33\x20\x68\x68\x13\xac\xaf\xd3\x78\xe5\x13\x1d\x1b\
\x38\x0e\x8d\x2b\xd1\xc9\x51\x5f\xef\x31\x63\x03\x2d\x11\x87\x80\
\x21\xce\xc1\x8e\x61\xba\x14\x00\x32\xa7\xc9\x1e\xff\xc2\x0c\x99\
\x52\x28\xcd\x8d\xce\x16\x18\x8b\x84\x72\xcf\x80\x9c\x31\x50\x15\
\x9e\x6b\xe0\x44\x0f\x86\xab\x35\xc8\x98\x66\x13\x08\xca\xe7\x9d\
\xb5\x28\xc4\x8d\xe7\x0f\x46\xa2\x05\x0f\xad\x32\xf8\xc5\xdf\xdc\
\x24\x09\xf8\xf5\x24\x30\xfe\x03\x42\xe7\x45\x57\x1e\x4f\xb8\x66\
\xd2\xa4\x79\xc7\x7a\x9a\x46\xa4\x96\xc7\xca\xca\x8a\x15\x23\x1f\
\x98\xa1\x50\xa0\x1c\x00\xc5\x3e\xe0\x2f\x2b\x5f\x84\x94\x15\x3e\
\x7e\xac\xe7\x38\x32\xd4\xc6\x39\xc1\x3a\x8e\x08\xb5\xed\xf1\x71\
\x36\xf0\x2c\x16\x0f\x88\x10\xed\xc3\x6c\x32\xf3\x10\x7c\x1b\x9d\
\xc5\x93\x2c\x9f\x7b\xa0\x61\x21\x85\x8e\xa2\xa9\x04\xe9\x20\xd4\
\x85\xc5\x8f\xe2\xc5\x67\x9c\x99\x02\xce\x4e\x3d\xb6\x4b\x20\x77\
\x0c\xc5\x88\xce\xcc\x81\xea\x98\x74\x42\x75\x93\x2c\x0e\x6c\xed\
\x16\x7c\x7d\x69\x88\xeb\xce\x1d\x8c\x74\x81\xac\x78\xd9\xc5\xef\
\x9e\x75\x31\x5d\x83\xdf\x58\xae\xfd\xda\xf5\xd1\x2e\xdc\x3c\xe3\
\x2e\xe0\x9f\xae\x7c\xba\x47\xdf\xc7\xef\xd0\x01\xdc\x08\xdc\x5a\
\x59\xb1\x62\xb8\x32\x0f\x85\x62\x8f\x28\x07\x40\xb1\xcf\xf8\xcb\
\xca\x8f\x07\x7e\xc1\x18\x3a\x06\x1c\x8a\xac\x5e\xce\x1e\xac\xe3\
\xf8\x60\xd3\x90\x59\x03\xbb\x12\x02\x36\x60\x53\x8d\x45\x17\xe0\
\x41\x1a\xfe\x22\x04\x33\x10\x53\x6c\x58\xeb\x81\x47\x08\xe9\x1c\
\xec\x08\x3b\x04\xdb\x91\x5a\x07\x75\xc2\x66\xa7\x1d\x5f\xf8\x28\
\xd1\x83\x94\x49\x0e\xab\x21\xce\xca\x1d\x79\xae\x3f\x1e\xed\xbd\
\x82\xb4\x98\xb6\xc3\x88\xf1\x17\xf0\x1b\x7b\xff\x19\xff\x4a\x7d\
\x1a\x4f\xbb\x0a\x78\xc3\x95\x4d\x68\xec\x4e\x6a\x0f\xf0\x7b\xe0\
\x0f\x4a\xbe\x57\xb1\xaf\x28\x07\x40\x31\x6e\xf8\xcb\xca\x4f\x41\
\xaa\x8c\x2d\x1e\xeb\x39\x92\xed\x10\xa7\x06\x1b\xf8\x42\xb0\x9e\
\x5c\x4b\x75\x2e\x1d\x48\x04\x88\x76\x2a\xc4\xb6\x31\xd6\x09\x9b\
\xde\x38\x9e\x81\xdb\x70\x1c\x03\xa9\x69\xe0\xcf\x93\x0e\x82\x2f\
\xcb\x1a\xb1\x63\x70\xeb\x0b\x2e\xfe\xf4\xbc\x8b\x4c\x0d\xae\xdf\
\x0f\x3b\xff\x10\x1a\x6f\xb9\xb2\x78\xda\x55\xb0\x2f\x85\x7d\x20\
\x05\x25\x6f\x05\x7e\x53\x59\xb1\xa2\x65\x7c\x56\xa7\x38\xd8\x51\
\x0e\x80\x62\xdc\xf1\x97\x95\x9f\x86\xcc\x4b\x2e\x19\xeb\x39\x04\
\xb0\x38\xd4\xca\x99\xc1\x7a\x16\x85\xda\x10\x71\xf7\x8e\x8a\x03\
\x85\xb6\x18\x99\xe4\x5a\x6c\x6a\xc2\x8e\x41\xbc\x74\x8f\xa1\x4b\
\xc7\x60\x56\x8e\x1c\xd9\xec\xcf\xb3\xf0\xe7\x5a\x14\x64\x0c\x8d\
\x18\x38\xf3\x00\x32\x35\xf8\x9d\xe5\x22\xff\x33\xbc\xdc\x35\x6a\
\x09\xbc\xe8\xca\xe5\x05\x57\x3e\xed\x22\x8e\x86\xf1\xc8\xe9\x02\
\xee\x40\x19\x7e\xc5\x04\xa0\x1c\x00\xc5\x84\x11\x4e\x0d\xfc\x17\
\x70\xd2\xbe\x9c\x27\xd3\x0e\x70\x4a\x70\x07\xa7\x06\x77\x90\xad\
\xa2\x02\x07\x15\xdd\x30\xc4\x29\xa8\xc5\xa6\x46\x58\xb4\xc6\x71\
\x0c\x3c\x2e\x22\x91\x02\xd3\x12\xfc\xe3\x43\x9d\x4c\x21\xf8\x9d\
\x6d\x7c\x26\xc6\x3f\x84\xe0\x3d\x23\x93\xe7\x5d\xf9\xac\x31\xd2\
\xf7\xd5\x65\x6d\x03\x6e\x06\x6e\x51\xa1\x7e\xc5\x44\xa1\x1c\x00\
\xc5\x84\xe3\x2f\x2b\x5f\x02\xfc\x14\xf8\xe2\xbe\x9c\x47\x00\x87\
\x87\xda\x38\x2d\xb8\x83\x25\xa1\x16\x5c\x7b\xa8\x15\x50\x1c\xd8\
\xf4\x00\x5b\xc3\x11\x83\xad\x58\xd4\x08\x9b\x1a\x61\xd3\x15\xf3\
\x95\xc8\xd7\x04\x37\x59\xc6\x84\x77\x83\x6c\xd3\x92\x78\xd9\x95\
\xcb\x2b\xae\xdc\x7d\xdd\xed\x03\x34\x00\x7f\x00\xee\x50\xc5\x7d\
\x8a\x89\x46\x39\x00\x8a\xcf\x0c\x7f\x59\xf9\x5c\xe0\x07\xc0\x05\
\xc0\x98\xfb\x9e\x40\x8a\x0b\x2d\x0b\x35\x73\x62\xb0\x89\x43\xcc\
\x0e\xf5\x45\x56\x00\x32\x95\x50\x13\xbe\x7d\x0e\x8d\xcc\x09\xfa\
\x66\x74\x0a\x17\xaf\xbb\x72\x78\xd9\xc8\x65\x8b\x3e\x6d\x3c\x4e\
\x59\x81\xac\xea\x7f\x4c\x4d\xe9\x53\x7c\x56\xa8\xeb\xa6\xe2\x33\
\xc7\x5f\x56\x9e\x09\x5c\x03\x5c\x05\x64\xee\xeb\xf9\x72\xac\x01\
\x96\x87\x1a\x39\x21\xd8\xc4\x4c\xab\x6f\x9f\xd7\xa7\x50\xc4\xa3\
\x5f\xe8\xbc\xaf\x67\xf0\x9a\x2b\x87\xd5\x46\x06\xe6\xf8\x5c\x3e\
\x5f\x46\xe6\xf7\x5f\x1c\x8f\x93\x29\x14\xa3\x41\x39\x00\x8a\xfd\
\x46\x58\x62\xf8\xeb\x48\x67\x60\xe1\x78\x9c\xb3\xc8\xea\x65\x59\
\xb0\x99\x65\xa1\x66\xe5\x0c\x28\xf6\x99\x41\x34\xde\x37\x32\x78\
\xd3\x95\xcd\xbf\x8d\x4c\x06\xc7\x47\x63\xa2\x0f\x78\x00\xb8\xb9\
\xb2\x62\xc5\x86\xf1\x38\xa1\x42\x31\x16\x94\x03\xa0\x98\x14\xf8\
\xcb\xca\x8f\x45\x3a\x02\xe7\x32\x06\x99\xe1\x78\x38\xce\xc0\x92\
\x50\x0b\x25\x96\x4a\xa7\x2a\x46\x46\x9f\x30\xf8\x40\x4f\xe7\x1d\
\x57\x16\xef\xeb\x19\x0c\x88\x71\x53\x97\xa8\x46\x4e\xd8\x5c\x59\
\x59\xb1\xa2\x6b\xbc\x4e\xaa\x50\x8c\x15\xe5\x00\x28\x26\x15\xe1\
\x79\x03\xe5\xc0\xe5\x40\xe1\x78\x9d\x37\xdb\x1a\xe0\x98\x50\x0b\
\xc7\x84\x5a\x38\xc4\xec\xc0\x50\x6d\x85\x8a\x18\xda\x85\x9b\xf7\
\x8c\x4c\xde\x31\xb2\x58\x6b\xa4\xee\x8b\x50\xcf\xae\x84\x80\x67\
\x80\xbb\x80\x17\x2b\x2b\x56\xa8\xca\x55\xc5\xa4\x41\x39\x00\x8a\
\x49\x89\xbf\xac\x5c\x43\xb6\x0f\x5e\x0e\x7c\x89\x71\x8a\x0a\x80\
\x2c\x20\x3c\xd2\x6c\xe3\xc8\x90\xbc\x8d\x64\x30\x91\xe2\xc0\xc2\
\x42\xb0\x49\x4f\x61\xb5\x91\xce\xbf\x8d\x4c\xaa\xc6\x3e\x84\x67\
\x38\x6a\x90\x46\x7f\x65\x65\xc5\x8a\xc6\xf1\x3e\xb9\x42\x31\x1e\
\x28\x07\x40\x31\xe9\x09\x17\x0d\x7e\x03\xb8\x18\x28\x1b\xef\xf3\
\x17\x59\xbd\x1c\x19\x6a\xe5\xc8\x50\x1b\x87\x98\x9d\x7b\x94\x22\
\x56\x4c\x5d\x9a\x35\x2f\xeb\xf4\x54\x3e\x34\x32\xf8\x48\x4f\xdb\
\x17\x1d\xfe\xe1\xe8\x03\x9e\x02\xee\x05\x5e\x55\xbb\x7d\xc5\x64\
\x47\x39\x00\x8a\x29\x85\xbf\xac\x7c\x21\x70\x21\xb2\x78\x30\x77\
\xbc\xcf\xef\xc2\x62\xae\xd9\xc5\x02\xb3\x83\x05\xa1\x76\xe6\x99\
\x5d\x4a\x6f\x60\x8a\xd2\x29\x5c\xac\xd3\xd3\x58\x6b\xa4\xb1\x56\
\x4f\x63\x87\x96\x30\x51\x2f\xf5\x3a\xf0\x17\xe0\xef\xaa\x77\x5f\
\x31\x95\x50\x0e\x80\x62\x4a\x12\x93\x22\xb8\x10\x29\x30\xb4\x4f\
\x42\xeb\xc3\xe1\x0e\x3b\x04\xf3\xcc\x4e\x0e\x31\x3b\x99\x6b\x76\
\x31\xcd\x0e\x4e\xc4\x4b\x29\xf6\x91\x06\x2d\x81\xf5\xfa\x74\x36\
\xe8\xa9\x54\xe8\xd3\xd9\xae\x25\x4e\xe4\xcb\x7d\x0c\x3c\x0c\x3c\
\x52\x59\xb1\xa2\x66\x22\x5f\x48\xa1\x98\x28\x94\x03\xa0\x98\xf2\
\x84\xdb\x09\xcf\x00\xbe\x02\x7c\x01\x98\xd0\x2b\xff\x4c\xab\x8f\
\xf9\x66\x27\x7e\xb3\x1b\xbf\xd5\x4d\xb1\xd9\xa3\xa2\x04\x9f\x31\
\xbd\xc2\x60\x93\x9e\x42\xa5\x36\x8d\x4d\x7a\x0a\x1b\xf5\x94\xf1\
\x50\xe1\xdb\x1b\x9b\x81\x07\x91\x62\x3d\x1b\x27\xfa\xc5\x14\x8a\
\x89\x46\x39\x00\x8a\x03\x8a\x18\x67\xe0\xcb\xe1\x63\xea\x44\xbf\
\xa6\x8e\x4d\x89\xd9\x83\xdf\xea\x66\x96\xd9\x4d\x91\xd5\x4b\x91\
\xd5\x43\x82\x6d\x4e\xf4\x4b\x1f\x14\xb4\x0b\x37\x5b\xf5\x64\xb6\
\x6a\xc9\x54\x69\xc9\x6c\xd6\x53\xa8\x9f\xb8\x70\xfe\xae\x7c\x0c\
\x3c\x0e\x3c\x51\x59\xb1\xa2\xe2\xb3\x7a\x51\x85\xe2\xb3\x40\x39\
\x00\x8a\x03\x16\x7f\x59\xb9\x01\x7c\x0e\xf8\x0f\x64\x27\xc1\xb8\
\xb5\x15\x8e\x84\x6c\x6b\x80\x62\xab\x87\x62\xab\x97\x42\xab\x97\
\x02\xab\x8f\x19\x56\x3f\x89\x76\xe8\xb3\x5c\xc6\x94\xa1\x4b\xb8\
\xa8\xd5\x92\xa8\xd7\x12\xd8\xa6\x25\xb1\x4d\x4b\xa2\x5a\x4f\xa6\
\x63\xe2\x77\xf6\xb1\x58\xc0\x2a\xe0\x49\xe0\x29\x15\xde\x57\x1c\
\xc8\x28\x07\x40\x71\xd0\xe0\x2f\x2b\x5f\x80\x8c\x0a\x9c\x0e\x1c\
\xcb\x38\xb6\x16\x8e\x86\x34\x7b\x90\x19\x56\x1f\x05\x56\x3f\x79\
\x56\x3f\x39\x56\x3f\x39\xf6\x00\x39\xd6\x00\x69\xf6\x81\x2d\x03\
\xdf\x2a\x3c\x34\x69\x5e\x1a\x35\x2f\x8d\x22\x81\x26\xcd\xcb\x76\
\x2d\x91\x3a\x2d\x71\x22\xaa\xf2\x47\x4a\x0b\xf0\x02\xf0\x4f\x64\
\xaf\x7e\xdb\xfe\x5a\x88\x42\xf1\x59\xa2\x1c\x00\xc5\x41\x89\xbf\
\xac\x3c\x05\x58\x8e\x74\x06\x4e\x01\x8a\xf6\xeb\x82\xc2\xb8\xb0\
\xc8\xb1\x06\xc8\xb4\x03\xa4\x59\x83\x64\xda\x01\xd2\xed\x41\xd2\
\xad\x00\x19\x76\x80\x14\x3b\xc8\x34\x3b\x44\x8a\x1d\x44\x9b\x24\
\x62\x46\x16\x82\x2e\xe1\xa2\x5b\x18\x74\x0a\x37\x6d\xc2\x4d\x9b\
\xe6\xa6\x4d\x78\x68\x11\x1e\x5a\x35\x0f\xad\xc2\x4d\xb3\xe6\x25\
\x38\x7e\x02\x3b\xfb\x82\x05\xbc\x87\xd4\xe1\xff\x27\xb0\x5a\xb5\
\xec\x29\x0e\x46\x94\x03\xa0\x50\x00\xfe\xb2\xf2\x22\x64\x57\xc1\
\x09\xc0\xf1\x40\xfe\xfe\x5c\xcf\x48\x48\xb2\x43\x4c\xb7\x83\x4c\
\xb3\x83\x78\x31\x49\xb4\x4d\x12\xed\x10\x5e\x4c\x12\x6c\x13\x0f\
\x16\x09\x76\x08\x1d\x10\xd8\x91\xd4\x83\xdb\xb6\x30\x85\x18\x76\
\x98\x4d\x00\x9d\x90\xd0\x08\x22\x08\x08\x9d\x10\x82\x7e\x74\xfa\
\x84\x41\xaf\x30\xe8\x13\x3a\xfd\xe8\xf4\x0a\x83\x6e\xe1\xa2\x6b\
\xff\xed\xdc\x47\xc3\xc7\x48\x83\xff\x0a\xf0\xa6\x6a\xd7\x53\x28\
\x94\x03\xa0\x50\xc4\xc5\x5f\x56\x3e\x0b\xe9\x08\x1c\x87\x4c\x17\
\xcc\xde\xaf\x0b\x52\x8c\x86\x10\xb0\x1a\x99\xcb\x7f\x0b\x78\xa7\
\xb2\x62\x45\xcb\xfe\x5d\x92\x42\x31\xf9\x50\x0e\x80\x42\x31\x02\
\xc2\x6a\x84\xc7\x22\x1d\x82\xc5\xc0\x11\x4c\x90\xf6\x80\x62\xd4\
\x34\x20\x0d\xfe\xbf\x91\x46\xff\xfd\xca\x8a\x15\x03\xfb\x77\x49\
\x0a\xc5\xe4\x47\x39\x00\x0a\xc5\x18\x08\x0b\x11\xcd\x46\x3a\x02\
\x47\x01\x8b\x80\x05\x28\xa7\x60\xa2\x69\x44\x86\xf3\x1d\x83\xbf\
\xba\xb2\x62\x45\xc3\xfe\x5d\x92\x42\x31\x35\x51\x0e\x80\x42\x31\
\x8e\xf8\xcb\xca\x0b\x91\xf3\x0a\x16\x00\x87\x86\xef\xcf\x05\x3e\
\xd3\x5e\xb6\x03\x80\x3e\xa4\xf0\xce\xc7\xc0\x9a\xf0\xf1\x63\x15\
\xca\x57\x28\xc6\x0f\xe5\x00\x28\x14\x13\x4c\x38\x5a\x50\x88\x8c\
\x18\xcc\x05\xfc\xe1\x63\x49\xf8\xf7\xfb\xa5\x1d\x71\x12\x10\x42\
\x4e\xcd\xab\x01\x36\x02\x9b\x80\x0d\xc0\xe6\xca\x8a\x15\xdb\xf7\
\xdf\xb2\x14\x8a\x83\x03\xe5\x00\x28\x14\xfb\x91\xb0\x73\x90\x8f\
\x6c\x43\x2c\x42\x3a\x04\x33\xc3\xbf\xcb\x05\x0a\x80\x6c\xa6\xa6\
\x93\xd0\x0c\x6c\x47\x86\xed\xb7\x03\xf5\x44\x0d\x7e\x35\xd0\xa0\
\xda\xef\x14\x8a\xfd\x87\x72\x00\x14\x8a\x29\x80\xbf\xac\x3c\x1b\
\xc8\x04\xd2\x91\x0e\x41\x7a\xf8\xe7\x8c\xf0\xfd\xe4\x98\x5b\x6a\
\xf8\xe8\x0d\x1f\x41\xce\x47\x18\x8d\x13\xd1\x15\x3e\xf6\x01\x83\
\x40\x4f\xf8\x77\xb1\xc7\x0e\xa0\x15\x29\xa4\xd3\x02\xb4\x21\x8d\
\x7e\x0b\xd0\x5c\x59\xb1\x42\x49\x1e\x2a\x14\x0a\x85\x42\xa1\x50\
\x28\x14\x0a\x85\x42\xa1\x50\x28\x14\x0a\x85\x42\xa1\x50\x28\x14\
\x0a\x85\x42\xa1\x50\x28\x14\x0a\x85\x42\xa1\x50\x28\x14\x0a\x85\
\x42\xa1\x50\x28\x14\x0a\x85\x42\xa1\x50\x28\x14\x0a\x85\x42\xa1\
\x50\x28\x14\x0a\x85\x42\xa1\x50\x28\x14\x0a\x85\x42\xa1\x50\x28\
\x14\x0a\x85\x42\xa1\x50\x28\x0e\x56\xfe\x3f\x0a\xdd\x4b\x21\x2d\
\xaa\x18\x74\x00\x00\x00\x00\x49\x45\x4e\x44\xae\x42\x60\x82\
"

qt_resource_name = b"\
\x00\x06\
\x06\x8a\x9c\xb3\
\x00\x61\
\x00\x73\x00\x73\x00\x65\x00\x74\x00\x73\
\x00\x08\
\x05\xe2\x59\x27\
\x00\x6c\
\x00\x6f\x00\x67\x00\x6f\x00\x2e\x00\x70\x00\x6e\x00\x67\
"

qt_resource_struct_v1 = b"\
\x00\x00\x00\x00\x00\x02\x00\x00\x00\x01\x00\x00\x00\x01\
\x00\x00\x00\x00\x00\x02\x00\x00\x00\x01\x00\x00\x00\x02\
\x00\x00\x00\x12\x00\x00\x00\x00\x00\x01\x00\x00\x00\x00\
"

qt_resource_struct_v2 = b"\
\x00\x00\x00\x00\x00\x02\x00\x00\x00\x01\x00\x00\x00\x01\
\x00\x00\x00\x00\x00\x00\x00\x00\
\x00\x00\x00\x00\x00\x02\x00\x00\x00\x01\x00\x00\x00\x02\
\x00\x00\x00\x00\x00\x00\x00\x00\
\x00\x00\x00\x12\x00\x00\x00\x00\x00\x01\x00\x00\x00\x00\
\x00\x00\x01\x9b\x82\x60\x8f\x92\
"

qt_version = [int(v) for v in QtCore.qVersion().split('.')]
if qt_version < [5, 8, 0]:
    rcc_version = 1
    qt_resource_struct = qt_resource_struct_v1
else:
    rcc_version = 2
    qt_resource_struct = qt_resource_struct_v2

def qInitResources():
    QtCore.qRegisterResourceData(rcc_version, qt_resource_struct, qt_resource_name, qt_resource_data)

def qCleanupResources():
    QtCore.qUnregisterResourceData(rcc_version, qt_resource_struct, qt_resource_name, qt_resource_data)

qInitResources()
